basename,tensor_sha256
PublicTest_10014592.jpg,a3f34fe897029af739edb55b69e98ef383c587190b273efbcf06740812e8bde5
PublicTest_10116449.jpg,15a54967cd9b051ac7571903f0c47ad6d790d7bc9056b8cade16000bea970a5a
PublicTest_10130075.jpg,71c45085299b27a54a8631d355ae12b4326f5635afb306706186c9d600c1fcbe
PublicTest_10150476.jpg,73f7807d4805f1365ce6ce5ab74c565877776f58bddd5ca7fdc5210dc487bd52
PublicTest_10181609.jpg,d7d68f3e6ce1e415c996c55e0101e16cb303b9e5b5fffab66d528711a6daec1d
PublicTest_10245799.jpg,0cbfbbb7b54a9cfd9a2139ede56daacc5cf3fef9a6b726e99194e31a3b3a70b0
PublicTest_10248771.jpg,41d8903d3d07d2f0f1ae88fbdf0911a1e86a21bce452cde6a3d9d35d888665eb
PublicTest_10262886.jpg,8ae3f13534d8cf3c19182f77079c86fefc1ef6c3c7166ded16184c0c9b479651
PublicTest_10283102.jpg,64ae188b396ed88e5762df36bf3b098a151534904ca9fe18d91a0b8b257a16ea
PublicTest_10303060.jpg,8f421eaf0cf42d04eda1c8abff5bbc2dbdb0584651e8e04a36eddc1964507b8b
PublicTest_10404299.jpg,4970638a5d91877a922385a72d701154ba24144db24cf64b7bd183b3e1014988
PublicTest_10434403.jpg,5898dd44f89b96693e0a9904c6d80c773e54c35a0dc7c33214e3297f15c212ba
PublicTest_10527411.jpg,df5b6fefb72cd062a803627c7c0988945d4f5618efc967134dda1dfd035520ef
PublicTest_10549803.jpg,3c057667797fa59e0d8769a0ade05e22d98471d607e375db597709254f390193
PublicTest_10594126.jpg,ecf99f42677ee9fd492ec5bcf510b017cef69f7611bb0ef91080e48e6e41d2c6
PublicTest_10640936.jpg,60e6d52c8401a91490a83d49ca4e2416eb7e2e791e0a092d68f22a29c36db803
PublicTest_10682784.jpg,52c32fc9a04903a89f6b9c042033742327483f9fad77dadbaebc58a9bcb5d9de
PublicTest_1070870.jpg,54752b7d4db22586441f8a494020ec9d4c964ce77bfb2c8c182010240ca9b719
PublicTest_10709121.jpg,881df024b01a15434ea8481c77eab80182c5046e069eb8f72ce387c595b15dc7
PublicTest_10726845.jpg,16f50b72b825f184a8cae9077fc8fb3042d9f3c98d079e10f19d7114dacc85b4
PublicTest_10751192.jpg,839081fe3f43cb25055c32be1af2a010f98f80f9b80b9d82300f1f08ed15192d
PublicTest_10754294.jpg,135e69bb50cd5aae0aaec67d9ecdb9f290647468b66cb33f9c918ff4c4e5ac6e
PublicTest_10760798.jpg,3693772859c0ef7df74462bd47ba4151e95af7b71b2862120417e14a40c23320
PublicTest_10780425.jpg,f8a3a8cb7fecba4c56f54716c942beff224ade287f881a2213e1911fff9dc072
PublicTest_10813312.jpg,79bf53252889714921daf88784d9b471da7175eedf255cdca12e4a007e1f6da7
PublicTest_10886374.jpg,2372e7097c1f22ac3749790e1ed041b2ae874ac95a0dc477cadcc05955022413
PublicTest_10889919.jpg,b4532c9cef3b3a39fd975c613783af944e685968e96067ab422b84493d02944d
PublicTest_10897412.jpg,0b2e975b07d1ba83be50b78d6a2be6cca55cca31511b992b434bd07c48aff93b
PublicTest_10918056.jpg,adc86104fabe28fcbde34c15db6f4ec8f41518cee691eea982dccd774094f8c3
PublicTest_10935488.jpg,47734d61735da826e19cd8fa36c8615ba82181e8852e2d58d802800c4e252cae
PublicTest_10974073.jpg,10b6222fde5efec33b8f404bea619ca2b8c4bf66f31a1cf72a22619dd99deae8
PublicTest_10984020.jpg,8f539467270c8e61536764903df05ba7d290acec79813ce175a2b9d73f463641
PublicTest_10998240.jpg,1fd63460c1ba712b3ff10e739e73f2f7efc9a0f025b8afb1175e80195cec8f5d
PublicTest_11033149.jpg,4bf366c2439c45c0bda2281ce919767e0691d5a02b61f59328f50c6668df6e2d
PublicTest_11056779.jpg,cab0837fbed0586a6b94e76d58ef92621efe5919234875a3c563ad2dd7187d28
PublicTest_11060787.jpg,a2074adde684918050d8e9235d821cbc22639666cccd88c679a42bb941aa9b39
PublicTest_11067233.jpg,5bee61acd9379366c7f9ee46afb9f620fb43710110b759e36261cd8d77659ccf
PublicTest_11074159.jpg,152ebabd010be7456c6a5f24866c9db2aff9499643fff6ee251fbc39f129bf42
PublicTest_11102676.jpg,27363f60266e30d9f37e75bd746cbb1c36de627179c829b3ab7a95c6acf88522
PublicTest_11107518.jpg,202f8f59c0504d3fcc5f4200dc01254e2f0f94ea58ef4eb33bef116359f45092
PublicTest_11211241.jpg,5fb283fcedd76428a101079c8dda7266188249fbfa1cd42e1a5d7f34e697bb4a
PublicTest_11285899.jpg,c900138408fefce4dce309d01201c052de3597e6fd18bf3d2f255bf085e36d01
PublicTest_11291773.jpg,3751159f4af8a5f79ede297df2e009587438337f7fe0682245e13b45cf55ed72
PublicTest_11314873.jpg,dec85127044c3e533de05158fc1e3467cb4ca39ecbcad4acfd98209fa05b4f68
PublicTest_11341474.jpg,792e879c424ca39f230581caaddbe803f00a0c5d99988a32a891a1e93f67e5a5
PublicTest_11387162.jpg,facc86a8990b3c7b918a8093c83268d595a490b5f957d2abd83ed5f469c602ed
PublicTest_11391359.jpg,4e37b59b2c31a3a3580e5c63c6ba239fc6f43b7cb35b1a6f6e1b1d55b5eafd02
PublicTest_11394394.jpg,f37a9e6b4332f013de9a2cd4fdc550f3b95ba0a46cea86adb489c560f224e74b
PublicTest_11400293.jpg,9b090f6e07de7c5747945d9af422756b69782a50505c09f94e402ce6a0a12a8b
PublicTest_1145545.jpg,963ac106bd667db98863a54bbbff5f8319c8ca82c476f2e19f2f9f83d02f5542
PublicTest_11480715.jpg,dd124b5f1b2cc544f6eebd38bebd87f19a88c1a11192c8e175fc9062260df64b
PublicTest_11503793.jpg,f9ea35001fdf89640df39eaa152fcf0f7cef3f4eb59f9d7b08eb0d47cd801dc9
PublicTest_11520713.jpg,1ca2b9a820453b64f1687435b84688d5efa6b71222255db8f3231014d416cd19
PublicTest_11521746.jpg,86517fdd7ee581fcc00a588450d171c22afce21f027466e2c3b3b9efdcdd92f0
PublicTest_1153675.jpg,281dba7fcb55e3403c59fe24080e983d5ea75ec6c2bdba9bfc3102d33e102349
PublicTest_11555220.jpg,ef96eb547e831a964558b02fd9e06db419c9d48abd870d80c4cda4bb3d0b8b50
PublicTest_1156070.jpg,923bf8dd4abfd6a3dcd859090af5b7e037274f67fc6a739c78506d995f1469f2
PublicTest_11564784.jpg,293db252f83dff503e82f01482634e86736ec4fae4529e8f64a549c4eacbddc6
PublicTest_11644558.jpg,cd13c1afdadaf52550b1c40910b92e2d6d9b8a09b214103265c55ffd6af0b87e
PublicTest_11651237.jpg,70d4a2e1f65481990fba4c34e26147479dd634865b9a0545100be6bcbe166e13
PublicTest_11691697.jpg,c6374c0c790103c83e011a5b8640c2c7c610ad7d4b0daa8d12ce5fdd97ca2e4e
PublicTest_11715606.jpg,2080de310e1fc9ab6d2f6c15e6b0f30eb95cc1d41ff992f59533ed537b9a28b9
PublicTest_1176231.jpg,a0c47a70079a2f957412106ae70e9d93ceb0e8410b979161b2dd999de52dfeca
PublicTest_11794960.jpg,c2829998aded53e1859301306798f1c5a8565001f92f2b54a9e262a50d175464
PublicTest_11832974.jpg,4134900058a28c69436037e1e55955c324ea00619ae543a0d59ffb056d0f9781
PublicTest_11909521.jpg,70451d6a8d28b32774229da23919ca8afd2a6cd1e36475000837e3ff2609a962
PublicTest_11939741.jpg,ce909f0c4fb6c3102a336ba5da159b69640fd32796658db6527c34d3072659e4
PublicTest_11980817.jpg,df71b290e58ca99c4ce2e1930dc45a462f84b9ed1fa1013a9433cb0b9197cf74
PublicTest_12006719.jpg,fc25e2471a9ef8af36cc4c72d8e4ac721f90450c06aae315d1105fd1534df2c6
PublicTest_120079.jpg,d18bdc59925a38f02d356ace8fa5d31b6398ce08679aebd6c8dda54f7c38cbb9
PublicTest_12083982.jpg,2d4411ebe172c3025dcecf9d9ac26d4fd4f4f9054e560f8dbf8dede051868cd0
PublicTest_12088381.jpg,95dd9bb887f39db600b0bb24b1ae10e4dbf15661b385c65d136ce1ef53427fb5
PublicTest_12094155.jpg,22b9559390ed1a9c5de069d6a600898f828f51cc036e0a29646f4ea6659bbd8e
PublicTest_12141921.jpg,5fea44d775daf0e1af8703321c51fdf05986f20e71d206fc8618348634d4569f
PublicTest_12155590.jpg,fff25b35a4fdf978839565582faf6f30a550b29c1d4a1b5d84eaaf72ccbc9e07
PublicTest_12186348.jpg,f62b9bc978670c4a7c7c03e2c8696d75cd71a19bfd49fac4757e0c5eea5da0cf
PublicTest_12186725.jpg,79d1152cdd6ff81fd4c4d387f57d0b3366a219b58455a3c2b8b95a95529893f8
PublicTest_12212699.jpg,194193f75699fb5fa6afa32e86346017acbf03496f2bf2d48e7dd6f048eae48f
PublicTest_12214722.jpg,cb91b9679b04c79da4c88ad6c98055bee01640bf0656a8f9eca0786aae2ba2be
PublicTest_12225602.jpg,76b1b33717ebbd7ddb7485451f60b02d9b5d06f1d6629b742c8101bb4bf9434c
PublicTest_12240375.jpg,b617d2f71c9bc0d2b85d76b16229be5988781a3b2f5aee1aad209dd67a953fcb
PublicTest_12296139.jpg,b36223bed16373ad099a1e73279addc67cde65212e8d6d2a31e2b246eaeb0bf0
PublicTest_12326319.jpg,fe5867bf9a99fda9e18274db6d6b11c86c76752afc9701c0c5671f8df390301f
PublicTest_12382650.jpg,4fc33cde0366fbe154aac8f0cdf4bdddc2833eae1c5c4f0a03ae6e72aa1ea5d2
PublicTest_12383172.jpg,e0f6b09358caee8834c24a3460a7f60089b7e955f618f13e3bf8e03ccf5aa3db
PublicTest_12430625.jpg,6c1958ad191e7173ab1cb90f4bccc937982db7d5afb683d1d7f6bb3b9a74b173
PublicTest_12445901.jpg,7c9916abf79bd7b47f0a60613eaf8b9464c49aa350240c871948e59e7edee2f4
PublicTest_1245723.jpg,a040ce396e8c0505a079dd85206535cd96f45cd6aaca6f52f49fe9e08c1966e8
PublicTest_12470753.jpg,4eb77e468f7d715421e77f6e42c875ba31a88be4075d85276a67a7d8dfdeebd4
PublicTest_12481108.jpg,99d08df44b8b27dff43546e43c67dddcaaefab1cd17135b51949b83b63904072
PublicTest_12530044.jpg,ff4bbb6422a7e87e2881be0fe7d6e99acae22aa58e0175852d6236446947fe47
PublicTest_12576341.jpg,40869cb6f9f3b0d0060525d4070830428a13d68859847630da6699498a23cce2
PublicTest_12595220.jpg,041cf2025cd58bd9daf0beb5c9b08af255a54f5cc930612008cce35174db03a4
PublicTest_12632735.jpg,66faff9207113a035f4e161f7a17d66cbcf2f51629f6bc8ca5723f144832f0a2
PublicTest_12688725.jpg,165215696e4892bf06989a6e8c82e599e7bbff019d4f756dcd3e1af7d9dfdeb8
PublicTest_12693575.jpg,5f84afa99509050ea0958d51a9cac74481cd13751e11b1e1325bc027f0a1ed16
PublicTest_12700974.jpg,47818808a476b7f0e80aaf00858b241b45779e86de20caf6f606fb7902e60d6e
PublicTest_12707362.jpg,960b064c61f632895eb354b70759b10c36d4d61d71df0e5daaabd14590e9bfc2
PublicTest_12712093.jpg,bc8cdb8bc2d550288c658022ceff831242ef8c252f0c3c10f4aae7c08bc1d63e
PublicTest_12725760.jpg,2ad67db817c6b990c6aa264fdd5681ef5a0fc836711bf89edec7fc9bd960bbef
PublicTest_1274561.jpg,64ecbca10c9921bc40e5e9ac6730e3ac7ad9964096b1f13a4d1530870df5dd69
PublicTest_12751829.jpg,d7b499f770b1686a32d77f54b6bdd79dcb1eb074b805a75785630d7575a0a083
PublicTest_12775164.jpg,e6dae2b22cb2ef49e91bf7ee1d396c67ce0fe255ae48e83f2aa3dd8c5e87b04e
PublicTest_1278010.jpg,87a3dfd3f3077f4b4f4b2cba21dead616b9bdea7ae76031b278306fe4282c252
PublicTest_12795179.jpg,dbd81f62f5162b55d6ed05ad986080cf11914679965ff1bb9fbcc31030ec1290
PublicTest_12828896.jpg,0f5f419fc8d39df968970873caa2ee8be769afca4bcafb4963aef93be64e9c0b
PublicTest_12834886.jpg,e54e17e605edbe63b030563e08625269c31f7501bfa98e5aa3227eee22503916
PublicTest_12838222.jpg,32ce923a233f6bef89942a8bad8c74c9725fde2833b29b604cda883c6b3a52c3
PublicTest_12864027.jpg,3f7e1831df72866188dee281e968aaeb15c93eec52fe8ef3c45b6c14db6f532d
PublicTest_12871755.jpg,1da27aa8d95e5105aa9407c193a8b03e4bc56c0470f274e522e513248302b151
PublicTest_12919755.jpg,acfd405967193642634df1981acb931925a9935c9c985b05abbd329d0895a552
PublicTest_12933636.jpg,25a4073c39867f775e8282633597c329619f330cefdb009e7434dada4e949178
PublicTest_12967712.jpg,7440e381e59efc536ee6cf825b43396b3e05e243dff53ba7be92fcfb312ddda4
PublicTest_12989085.jpg,6764cdcab37e53aeeb26606dc312b5181f8ebd5c6789af508d5755b0aebb35e8
PublicTest_12993964.jpg,63af88b13c6ee21da3f683a1510765d397ef78baa215a5c30f360f821ee78ec2
PublicTest_13006166.jpg,97e4f285ee7d9a7bd2731745e0a85b7d34622086aed8fe93e68af07e97bd17b9
PublicTest_13062825.jpg,2c08eb300720545eb5f725861131c5b6bd6104dbcb9110504e1860a8325c3169
PublicTest_13119862.jpg,b0b125741f2adfd9882ce7733ac6f9c1f92bddfa03c4b83cba385986b92b3408
PublicTest_13120972.jpg,75de91158f463ef053cfadf0c877e4b84a1fb58dc098c00851f533198b0356ee
PublicTest_13125314.jpg,61a23c7f7723a60ead9629a693d1d763150aa42859ca2d1c0189e3c8c3be1190
PublicTest_13142070.jpg,e66e338d89dc2cc172fa9962731b0a0b193e4d676f78319dd64534b340b61593
PublicTest_13156241.jpg,79d41e5acb2e654e07b9211a008f4edae27db94808179319a965c31b57996490
PublicTest_1321030.jpg,97cff8dcbdfe040f3b03ef89a065e20937af42c4037960156ac8c38b93757714
PublicTest_13277039.jpg,90d698afd468b9ea22aa48d1e0c9d454115259c554a1ce91edc95ce7882fc910
PublicTest_13280750.jpg,ecbea172ce44a7749ecc419b0036a791d7d53d42ad4c2b57c4cc7957284e8e28
PublicTest_132870.jpg,81796cdb478dc5af003c4d525081bdbd2bd80c2ec930bd0a666c23d15367f169
PublicTest_13290545.jpg,fe0e56bc4be0c4fed8c62ab4c783612c5d516f343537df78ba9480c3b29f4d63
PublicTest_13298610.jpg,081e3eb225e60e19ed5a4e71d1b53fa00ab1b2336a34e36e5a5f6a4e19ecdf1e
PublicTest_13317897.jpg,fc04137d7853c5845aeedd79ffebfb8671f646757ee9290a2f2e6ac73d17f7c6
PublicTest_13335599.jpg,cbda3f152dc92f1f4550897be3ced7029de845ce06d0b3be32d415d73ac3871e
PublicTest_13346348.jpg,56b79e8c2f83cbd63747ddd82d85e3390f6ffa573e120ec550328db4c22ed410
PublicTest_13416655.jpg,b12a082905e436b16988d0f66fa76863385a40812851bcad02b3d8b25fc86c96
PublicTest_13434826.jpg,2ecceb60a1d03d366fc994f0f55e492718dcbacfdc7710b3325cc08d2d6ece00
PublicTest_13470122.jpg,e0a1f93fc275b851150d71fe5a224994a719b0c3e86f6ced22b1f5744b1eacaa
PublicTest_13489471.jpg,1dfa2ea559237a4501ad98c10918d6cd2bd7afeffdbe877bab04d274286671bf
PublicTest_13547400.jpg,73950c86237267342813e15fca77299a42a65eacf07f6a92a572be1bd65f93bb
PublicTest_1355981.jpg,c39ba840036c04004ee1214a43bdac6ce46eaa31b328421d54c8790f229f563e
PublicTest_13590004.jpg,ad469d47d506a26d94f419d48748f01fe0d96a4222a8a7597893f25f868409f2
PublicTest_13591263.jpg,7f85fec8658d487e449e0bb74ab8bcb27b43fe49293931d9f7863614ad9606af
PublicTest_13648674.jpg,d1266860c7f511bc7e8e239638c70085e97755f97606319e5d86c03efc7dd88d
PublicTest_13680376.jpg,410bac5228cca97f37aaec2b78a97e749341593289620cb5eb309e11187621c2
PublicTest_13682694.jpg,151d05ccb4eb45750a8b967b6dbb9310ab5ef66fef5b23a77ebf40536f86867d
PublicTest_13690312.jpg,c3677bfadbd972b21e058acb268e6e5b0783d51bdaebaec79f817ba0c0d5ac4c
PublicTest_13719697.jpg,eca16390170f0cec825d20bf27627a6e9007c92f48908019ecdfc8b166307721
PublicTest_13722582.jpg,4c1129c3744d4821cf88254842e294e87664e9f58524730971c938e90fce867a
PublicTest_13725132.jpg,6634a7ce4147a6417fcfa896f3bddb2c826bf1232fe58364f0f92231db5183ef
PublicTest_1373732.jpg,fee4fb969bfb145b03c1482de2b9050e6bec8d2b7c23ca64abac1f56da13f578
PublicTest_13778892.jpg,a9e1715f3ef42df4f2a5308d6b6c16f475856ff6b9f63178178233be4d5cf7c4
PublicTest_13788513.jpg,40b89602e3d800643c9547b26399c84566f68ca0c651ac817f270e9c9b1d0fb3
PublicTest_13798819.jpg,d86fa47e6cbceca1d63e9ce547b330f9af9fb697b2582554bf90b8acf51b5351
PublicTest_13830262.jpg,e5829be1f5bae21c79ffb535e9841bf00c77cdf560d6dcaddecd6e9ec99bf411
PublicTest_13861015.jpg,c2ea7684adadf0e668f9fcb9357ba1848dc273793b65b9cf760fc1db9783fd25
PublicTest_13888087.jpg,ca880da15f6a621e490fc54c364dc3f4175cafb6be768bb8db373f9fee1eed3e
PublicTest_13905296.jpg,8a7d640f0e04193f18d8dea3c00e86ea2da9c9a4851608fa3f1627531bcbdecb
PublicTest_13953782.jpg,6e534645fcf853693ad15eab9ab41ae4f420b0b87e770f472a296aa09fa4c1ee
PublicTest_13980590.jpg,01d6cc4b407a6d315ba832f19d0182273a1a1976292158b8e429f586b02742a1
PublicTest_13980595.jpg,a3ab5ef824aae3f68fff218ca536878f41d4bd8a6e46630c838e9deab4e7d0a6
PublicTest_14008187.jpg,048bc71856b7efa993ef8123b6aa2718655db6014dd015f9e861b8a8e14bdb4a
PublicTest_14015146.jpg,4f211608b5ee4ce50819e9b62dce55b7efaec2d770ea95dd3579b3a59218749e
PublicTest_14075653.jpg,298b656516164460743aff32aeda02c8bd6453efa649b908e0740150f9400f0a
PublicTest_14109909.jpg,64d47ce4f549a2a2398e4ab4e655be07f7799d2cce82a85ba9ba99abffd01a7d
PublicTest_14132514.jpg,30525ab28cc7dba89a4d3b4034449ba8f3022a868504004535b8a7e4e347f355
PublicTest_14136410.jpg,b76ed7a6f13cc431f60d60588df764e4d69fec8ab6510dd1a596392950bb92e9
PublicTest_14191068.jpg,850b0fefd4c8e4f1b4f527c7e78d7d3025b8926776b1c451da1850f8bf03c20a
PublicTest_1419488.jpg,bcf5a29c2f368615695db45abd41551f925d60591bcd69ce26eb3aa9ac50a621
PublicTest_14208618.jpg,2e83db50688d08c8c5998569e22d86860306500cc6abde280bb215b38f793746
PublicTest_14220243.jpg,9c75455536794b2e1f22a382af06f9d7945bf73d88970e09150003d61a3abcaf
PublicTest_1428441.jpg,08f41319c689bd5608d2562a3f112bbdc7fdfe17d26981abef4f3f10fb304314
PublicTest_14308651.jpg,2f1d7e10a312939462fb32b297f0154944ab34cc5211c5c7d03abbd77e6f94aa
PublicTest_14312737.jpg,22a00821a5348e6c1c2fd355e5d33d0dba88297f8ce9e2c75cf434f1008a4354
PublicTest_14330803.jpg,d78add43d2272584545e55e8d48c300ce3f011484c1f12b666a8c051c011680c
PublicTest_14342101.jpg,137558c1aab4fdea86eec996943637f22d5437fdc63797e535a5fc48647f1e5f
PublicTest_14387765.jpg,8fff7a1fe416da1c058c2c76d4517c3abfb34f4a0079d5b064e502378400c7b4
PublicTest_14388186.jpg,526793749a73a9ac97f7ae5ac568837adebec06e99f9cb2670a9f46e918f1409
PublicTest_14406911.jpg,7f8725e6cc4fca98cb37424901c5e710d1ada4237e99d9a8b977e8145e02dcd1
PublicTest_14444813.jpg,9119bf41dd734ae8d9048af75f40775fc6a856f9857990b507b0ba60b4caa060
PublicTest_14475126.jpg,d45d9112dd352b9799a750c8c5e5e2dfbcefca99443dfb1a6224d3a3a6d306d3
PublicTest_14489755.jpg,752fbc2d2659982fd0a94c9e0ba7a2817c86c5773e3ba71efd261ca6d8d1fa24
PublicTest_14504897.jpg,94c395d66a71cd17f87126796ac8800405a6358b4270281758d01d348478e7e6
PublicTest_1452886.jpg,f0872e4ca687800fcbd235ebe49b130794824671f5e769ebadc856c7009ee43b
PublicTest_14530216.jpg,2b5c369a1fc53504c2f423d0fcede4d72c8a05008353bf1164455e72dfb1ba62
PublicTest_14552187.jpg,54874e092c2ecef3f546ca62adc4852ae323ed875a746b6591c65308ea9513e1
PublicTest_14561390.jpg,4498d9fa606d0ecf2a1d65f4f3a82be8b355302673acf2ec991a5e889756d2c3
PublicTest_14562440.jpg,8d95002b4cc685c96d124ddd113a5c340cbf0e47f18759ebda7ae59fd01c16f8
PublicTest_14591455.jpg,31afed4a50e726e840a1f52e329db68021ac96414bc1e7ea56391886c21e8828
PublicTest_1459972.jpg,c368d223c3f6e50907b5a69a37ec4d633a00d5d82ae034489459c9ef038e9fab
PublicTest_1460129.jpg,ad5b78477003695b4348509ba1839174fe9a1e03db8934d6309006b2b157654c
PublicTest_1463394.jpg,ff4f4c7804799c059f7e7f83ccae6d216ccdcfa06320634cfc5f36af3047c960
PublicTest_14634017.jpg,14bf0e72322a00383c5d9ed4333f9aa43d9063d4c7b39a722e00000737a5f95c
PublicTest_14653915.jpg,4c199798f6b11798fdbdc96ea14f091486aaf372d4174f93c07a3545738897f8
PublicTest_14668058.jpg,1a22e77cc75bd83a585aedd5d133d6d32095dd2507acd3066334dd5849652e28
PublicTest_14725767.jpg,5f0c98a078b90b4038faf6b677287c568759f6b5b3f2640ad025bbe38f441a79
PublicTest_14726225.jpg,f119242bcb84a212be7a8b2379a3883fdc4e780eadbb5d3beeb938e6cefc15e6
PublicTest_14734177.jpg,dd340957d983c4e9f49ee8e6caa6520c9da7cc43663cc932490b4978264957b8
PublicTest_14736537.jpg,79c751e613b1e4ff4643db6aae734425d437c56e201277e4d515beb409c02512
PublicTest_147590.jpg,b4835a03a3efdae5eced103ce61baf80c068a12d8e809e474e2c578bb79b21a9
PublicTest_14790723.jpg,ff850a4d9cc4ac15e35c401ebdc55c29ec452a99521bb711e3abba7bae0a7f71
PublicTest_14793982.jpg,e1a14dc98d64c54e7888b2a6ec5679a82e89a88bf6046d28f39622934ac26af5
PublicTest_14798104.jpg,746766ca308ec44c9a63442940991b59f6d37c4f8a06ba719c039bcad1366885
PublicTest_14799038.jpg,ecb43cf1abfaed61af9c3b866a92e1c94b67dbf4abae34b76d2800e79fd3e815
PublicTest_14863387.jpg,02f2ba37ec6d8cf4f41b92764e14cb8d7d1c81d8c15c06cf46ab5106f60d0a94
PublicTest_1492943.jpg,1196fc2b39fd417ba07dd21661910e58a13505c5813f408a1abbc22918cbd090
PublicTest_15092823.jpg,2b1fd93a003312bb08466f05b604e2faf0f6e32220e1d91d592048aed0b6125a
PublicTest_15140838.jpg,b0bc7b0a5ca0cb79193d0fa5bb1bf6ee65becc20e176d8baf457dc86e53a1553
PublicTest_15146220.jpg,545678e263db4965d5640d1b00f901ba3d72ee7120fe40c7493c8bc3f297b422
PublicTest_15205762.jpg,38ba498193323a1e0092ae51b8dd034511e9d28fd926083deb43645f489da716
PublicTest_15230404.jpg,f8bca585c1570a2f11fd9e7ba2cd54cf29ad519cef2504e883f4e152f7fd07a7
PublicTest_15288557.jpg,a822864059b40871cbdb82773d7921e9810f2bc381c76fed2edee997f68c6125
PublicTest_15308477.jpg,e7626dd967e367024e1d26b7e8399c460d309e4f97747e4a189fafc1be720c19
PublicTest_15323474.jpg,b4945a5845caa5913e8318298be93a5a9d6de33633742deaae5436613cb6dad4
PublicTest_1534576.jpg,869014497456c29d8d599f8308c5fbc2d9cb9b611e6742a139eaebea06e20cdf
PublicTest_15348300.jpg,383b563eb0b0806d757777fafc37aea372daa16b5252b38008c5ab3b05e10dfe
PublicTest_15372592.jpg,b95895d6e8dc54333651b578cf86142e455acf5c57f748b17e7086a6142b9537
PublicTest_15411158.jpg,8c52432fb3470b49e651eba61d35244a5ff18caeaa1820625f18ce3ec5c4d414
PublicTest_15426844.jpg,c56d0aa2c2d4e297cd3953b273d2f7a1f147ed23668c7643ac0e19e64ddab2fb
PublicTest_15463065.jpg,640a299e8e8f4e982ed9b592a349d754b1373f297e85405190aae6e2c2e496c9
PublicTest_15466645.jpg,7db4c79ac308ca2d9c9db5b90370f298a6a8ed5183811c5750d3a77b72c87d76
PublicTest_15468267.jpg,f50343a182436ee15c2b6779d6d961c80e99165986bae55dc65f86f7c801e6ba
PublicTest_15499192.jpg,29e10a44d7c454f6c99d7e7297564e8baa0e01c5005307aee361339d0f67f04d
PublicTest_15513858.jpg,d26d3b0d20374322c544cb0cc43cf40524184b2a6196debb1dc7d081894ec519
PublicTest_15518721.jpg,b128bcfb943e0e90476dc73c316574d9ab2908d4db7c5225a85ba25057a499fc
PublicTest_15545954.jpg,0581fe4686ca6c6b30ff56a1ad5883b2525927cbcc79f98a9d7e05daffcf10c4
PublicTest_15550175.jpg,4d7960bbf432e1816648f9a65970523a62b6bfcc546b66f8dab6ddab0469eb3a
PublicTest_15564000.jpg,c5ad96ed40f50599dae44672fa5a2f7d1b6975d384ef532c0963c3f728aad886
PublicTest_15581038.jpg,9ff010f3303d32b23112a90747bd842bcff023e01a470a66c141bd11f78aee05
PublicTest_15595284.jpg,c84108db0204f8a3931b0bf7e7b2a838526db5fd324af5683ec245da034b7a7e
PublicTest_15597876.jpg,561afc3307a6dfd2630a68bfea8491e5d9834792188ad0afd2de76ef8ccf7c75
PublicTest_15622568.jpg,75a8f5e210e97a47246b4cc32ce17e51f40535fe42559ac1b9913ce20ffaa015
PublicTest_15635080.jpg,16dd59b28fbfd98aac84b001d3383014dbe6a85c5838ba6ec14475e3731f5071
PublicTest_15640368.jpg,8f6bc4bf7a7cea0a044e1a0b811b4a3e0f699b34e1fa03b307d0fe2fccab5eb4
PublicTest_15665048.jpg,11c02003dcaca81a834aebe9706599afb97439ee2593ea48b7aa1eb4811b104e
PublicTest_15712657.jpg,85d406f1aa298d215e46ef197a75e9501d220667ffea058898c576a3ebf4ef99
PublicTest_15723362.jpg,cee76a59d822a02f28e50623a12b1f21ee85e8e4083e97d799c0ab79c9259cc2
PublicTest_15739977.jpg,6aa355b9de594454a280f83adf1b75afb1a16e9b5aab56a83ede64f7cd242803
PublicTest_15746138.jpg,80d1b20e69cf6d4fc70445fa5d6115b3e1ec973bc8bed1d1a43d407b722617a1
PublicTest_15760011.jpg,e0e0291fa8d39e228f58e3e3e265bf3aa4c8374b96bb3700f6c8422bcd5d114e
PublicTest_1580581.jpg,f1d0b7edb1ca8855664a2d49ef46c1e70e2a2a224aa6ea77d80dab872d9a99b2
PublicTest_15917705.jpg,e22588f538932098ffd247dd23c24ceb97386530be884bb4a7d0831a70cf587a
PublicTest_1597600.jpg,1742a227f195aaa5ee8be32ca0b6c28df7698c36d16d7503f9dd34a9eff37dbf
PublicTest_15977663.jpg,ec15bd89b882cf553d4f1f02169b9907f740800f218aff1532ab1f9b72ccf773
PublicTest_15987805.jpg,009743347673f9a55ae982ce981b1f538c1cce206dde46ac696596d852ff9dbd
PublicTest_16001813.jpg,2823b37c1a56e3b1dc47a4a84c5d3469b33b0b799dc7f64540e3049123e53fea
PublicTest_16022588.jpg,77396235eb777d097ab58327c39b3a930311cc56b15bd7c363397931c36cdb0b
PublicTest_16035970.jpg,020213aec74a5809d79ae5f0907595347ea31c6a6eb4cb68dfa430af692ea211
PublicTest_16053137.jpg,a81b88e9d3c2c776c469ffa0663f3dbb805d20b151e03d79caa3028c3893de18
PublicTest_16131911.jpg,479768aaca712293393ba2ab9cdc991cd6fab020b256717e578445824d648072
PublicTest_16168281.jpg,266441576bc5171b1fc9c22bdd8552178d4659d59e84887275fbeef0c5358523
PublicTest_16294592.jpg,5c4cb7965ee5e820d60704442f74558e70aeee69e79d5deb197c50d52861bb54
PublicTest_1634253.jpg,81d58a65fa0616a3130c8d1dab4cf6d830b6378b510152995ce2aac4a4a5fb20
PublicTest_16345442.jpg,890244cd2612b9528a58cf217bc00f395ebf8eb6cc8177d5619b955f000148e7
PublicTest_1635393.jpg,0532f039777c0c05d66b6b4bac54a30e7357d104ea55bae4c1cfd6352bff6f56
PublicTest_16367587.jpg,1547f7ac77e70384b86d0e1c7f50948ee1c9b664fc949db40111c3df82612144
PublicTest_1640397.jpg,bb2804bd237217ab75aee9d608145fe3aae14c2974cd000d03cd0f2513f677d6
PublicTest_16406476.jpg,bccecbfef7f03323dd21c1be3348c84a27c3e82043ab4f18112423161082a1cc
PublicTest_16440360.jpg,4e9cd23f48f2eaff6f5a5be34b967f1a989f845bd6e8be159c804959e115e871
PublicTest_16495313.jpg,edb0acaf47c150fcf11ea37a8db91583c4da1dea9873d38238e5db6b940dbacc
PublicTest_16502022.jpg,b52c14edaeed0a3090bb89833ff3dd096d0be63cde8e43d40e180db2d65a70f1
PublicTest_16568907.jpg,1d38ba12bea97dbad7d32bffb966e6ed771bba19acde34af4312956b22f36785
PublicTest_16573905.jpg,3ba29a6a18e7e7ec96e3f9b2479acc0f4e4cec38df3ba62efc9d7bf9cb040094
PublicTest_16609356.jpg,6f113a22c61277b62922b04dd1a9715f7417dd69100e75b931ea8c9d5da1f520
PublicTest_16659547.jpg,a30ea31d7b370fe13db1faab1fc4a0ed2923f37b8f8ccf33f6005da540a732fd
PublicTest_16678610.jpg,e294c0e28749297c4503083b459ebacf5fe64aa28b1dd738faeef57a6813b9ee
PublicTest_16705730.jpg,e89b9c35a1efacab2acc6456f214c0ccd634a0899174328afb4e226414fec477
PublicTest_16723643.jpg,e7683fade529ee30467a080f986664abf3f5933321c092ec72e50a10c123bc2d
PublicTest_16726298.jpg,17f1177d5e9ae162814e95e41a3d824ee95ddc200beccd96a3bf031ab6111e95
PublicTest_16745237.jpg,d6fed78c7c6cb78245dffabe7b3c3d1a0cdc15ad04dfb7214facf367a1bd995c
PublicTest_16752382.jpg,90dcfa320f2db70b296a816079d61456d48b4ad81e99c97d9151c33c7e9b0c3b
PublicTest_16753968.jpg,0136c33fb626fd47eb56e5813360e298af5096bb2563066e2c05ab56e11cf6f3
PublicTest_16769769.jpg,80782e8a7497e4d8749e4ebd49ee5ee1515a6119e38fb0734990c7f8028f8158
PublicTest_16770619.jpg,b8ea23528446e60516dd192915ae9d24fceb0ff127404e90572a09dcf7bf1bfc
PublicTest_1685350.jpg,1181c0f94ff34a50c054e790adc3bccf98ebd0e7e0bf522a69118010b59b3c12
PublicTest_16854328.jpg,54c9ad154f487d285399bf6a68b96419febdc43c815637418292242e036f73ed
PublicTest_16898559.jpg,d0834c97c809d92ad2122b6f5c8b9d1ac46d556c5d61e08b66aa602050b467f3
PublicTest_16904324.jpg,a0f664713c69706a54d3901d56189e58bc936ef25a5e3dfafed045531cdb41c6
PublicTest_16930057.jpg,6c20a49f038f938ac0bb36231e30a813d109efed4d48c97de911e458c0ad2814
PublicTest_16937676.jpg,101570ae0ef836fe50bf01e85a120045861dce6ae4c633329848126c80e3b6b5
PublicTest_16999378.jpg,5786c22324a44bfa642969ec7b93929ce9689d4786fcb967be3a16e91d1efcd7
PublicTest_1701224.jpg,8501935deda5335bcbfd71241745e974f13e176e09f54a73deab6efa3332becf
PublicTest_17017376.jpg,565fe8244808c784c702ea50cc9571a1f5348d0ca37ae07713e585f2f76fbd6c
PublicTest_17026620.jpg,d7cb17ca84db586ec72dbd0d53adc3dfb997475bcaa9b8951ed2158d1305c5e9
PublicTest_17047937.jpg,a00755641c8de4f06bc469be5bfdcc050b7e07c78b9824755d019d16d047d7d7
PublicTest_17050267.jpg,433bec1b53801e662eaf4e413875481aa640de34acd832acb3018c46d80987d6
PublicTest_17071643.jpg,c74630fdbcd7b6f82c53f5863d03bbeb6445a3b141dc80ef9c267ed0315dc24b
PublicTest_17081079.jpg,d44e231dd677837ab7cf953b019b5c4129f30ba1e8fc4457360ef5e7fbcada5a
PublicTest_1709990.jpg,8befcb2aca02aaec20d271ced167bfbcf09a598665a32ce2ad60385780261c44
PublicTest_17116818.jpg,8ae9eda4cd55fbb44ef6f793396e3cad92148e12a03ecad284887f40d6c489e0
PublicTest_17144661.jpg,b75710890bb8b775b09941d27f006259184faa4ffa9809713496455e7c6ab226
PublicTest_17155920.jpg,bd2117fa10372a66cbc4b389780d170d17a8777427ea315dc1e569381435f1f4
PublicTest_17194400.jpg,1a254094b68543b15125104e4b6e0d280c3db630bd15090fd447b81e520bbd89
PublicTest_1721551.jpg,227193bb3397962fa8b8a376a6e97a2eef7744d88f08a2a47a5c9f86607c68ff
PublicTest_17223895.jpg,46808666d51b5c89241f2a39ba44d5e6c9603675064987bef11a00e4f0d80c16
PublicTest_17231955.jpg,158086b1ec637e0c21c0f778bc6047ac7cf558792c28722a9725f88cc8490207
PublicTest_17291388.jpg,bd1a90cd5cda093ae11c92e43eb2ee73532a20377f15308af1af2e5e02c75344
PublicTest_17302120.jpg,27bc7bfc318c2f9acfbcdd91db1d4f4ede3a2d58e967eca5f87f1e7298f679bd
PublicTest_17317594.jpg,31c7d89439c6c0839e41ef995a6907ff3611da200fb496449f68c320e2be7ad3
PublicTest_17320024.jpg,169ef9a596f56317da1293379d468cb0e6b5c3f266fbbc9cf98b1253628643db
PublicTest_17367817.jpg,ab61009fdb204867156261876ea519d2a914e5af48aac969d6be75391390ec0f
PublicTest_17410266.jpg,f0aed819396176656ea8fdff1c8dca7cf779bc9ea7730b48018b06b9bd77f7e5
PublicTest_17445718.jpg,421d8f0ecfbfa274bd625411f695f90e99659687adda6b758d07181c44185ba2
PublicTest_17473157.jpg,d684fd2e13e3a4cf277aff466eeb8f43b61f1ec65f337c35a21a0bbae97e92ad
PublicTest_17484027.jpg,0208e42decfa440b9d48fcb9a82113100dce27e7d8125d37e2094e503759f928
PublicTest_17487264.jpg,7a0483befb4b15c4dbe29acc8f1a574542b74803729649fa0675e16554772c04
PublicTest_17512816.jpg,66b6adb504bbec35b8870921f9c2b5b4826f74fc09593a71b14eba98f85c960e
PublicTest_17526108.jpg,d90e7dc960e1acf454df33da993052259b1262cc310c966d9efc88748870a892
PublicTest_17539627.jpg,f31b2c1522ef59f67d4b0cde1fed109243aef706dbdf8311d776dd053b0671cc
PublicTest_17560953.jpg,48917b9026b89c9520928012610784cd48ddbbd124b802ea5c08fce9164cceb8
PublicTest_17575282.jpg,2af6bc9f3b22bad18b6e98861b0b1a22769fb01f4b4b486e06836d1326ddacb7
PublicTest_17581682.jpg,274a3bf145a4e0ef6fccb90f8f3fa3cd397865ebd45619c1a01ac2ee8a350379
PublicTest_17595707.jpg,e5524ca33d7fca035164a6586ff8c02297d9cd552154f8640b6aceafa89165cf
PublicTest_17598880.jpg,fc5f7d94c546f04a6ef7acbdb9e991334b3e402f775dc21341d94bd07e00c856
PublicTest_17603948.jpg,2f7fac4d0b66ca87f178e1803efee402f3bb29cc408f8f567b69451fcf1389b3
PublicTest_17614009.jpg,458686dbf49a3d19374a0966710e7d1a59c7c298ce73573469d8f3510b26bade
PublicTest_17677007.jpg,265eb67d32c88fc16fd0c543099db5605718f4e2ab32960c72d95a915a9bc3eb
PublicTest_17681379.jpg,6782574f39376d7e48e6fafb028d981f6156111a1d9193fa5bfaf00f85d89d93
PublicTest_17688489.jpg,e26e761327bc7a0f29039fa05f01571a8a150cc4450e4228e02992d874a941e0
PublicTest_17708119.jpg,11075dc4dcc187c15d41234399b6c19d3d53211b35734ede8e82d5087b21d09b
PublicTest_17725226.jpg,9e29fee2528a423a31eabc2007e7532d9b76b50be6241cfc34d101a4a14bb7a9
PublicTest_17776664.jpg,6447e73923e028278984b020878da14bf0a50c673a006e55d8c5861246f0930d
PublicTest_17886908.jpg,c29597bf42fc234833c5592042b6b2e8005d24800a5cbaa3f2ea55f698a7a0f1
PublicTest_17904919.jpg,c7ab5a2bb921e468fa835f2405b00b001379494a0113647971d6d97469d9682f
PublicTest_17911043.jpg,af2498fa7521643bcd590ddbf05b258523578da97d6dbf34bd44d28a61dc5b21
PublicTest_17920889.jpg,04bfad723b9e842462c53e9b71a2b295e20adf946853ebec3aebc70441790cc5
PublicTest_17954875.jpg,8b0ae40fd2c9421a4167868c9bad9648efcdcea20777bd53a6e7a7c21f46ed14
PublicTest_17985509.jpg,36a25207d899372903a09ca20fef1864cdf50cbdf63483cfd4b457b52149d4d1
PublicTest_17986076.jpg,9375b819fa06c1c588706db0a2570de562b0de443ff98902fa780bba88986947
PublicTest_17986995.jpg,a93a8206b96e427b3e99ab04dd9b84e1f6df0d7c87db3e4f5eb13e45a9a0fd55
PublicTest_1799001.jpg,26245a7499326a30d705423ca76785e6b1f54552e79ad9a84524ab86d045a3c6
PublicTest_18045560.jpg,219a034672e9e9ed3870915aad1225363d6628552cd89bff032d7b5d6c645ecb
PublicTest_18058366.jpg,7065a052631eb1ef757e6ea34abcc7877a2d0ce1a08d439927641d6a0dabb8d5
PublicTest_18063934.jpg,3279090d65ce84a7c3a816ce56569ea1252afc1dbd3855c4a64dc06220df5ccf
PublicTest_18087247.jpg,bbfaeb423e02ed6b009d303cdc075e706a2eb766dcea8df5c06c2d4ecb2e333f
PublicTest_18104359.jpg,0cad564dc1571600148b0fe9ce0cb746378d2bbd00ee5ece1cd3d32c6367f2a6
PublicTest_18131739.jpg,a7ff167b0d5b36f3ea35001251c75e2b5e2469399d5b9bc5ae065ce517c622af
PublicTest_18135788.jpg,48be1bc40a731e7b4b8b841ecdc515e0968808ebaeade991c8f560174c8d82b8
PublicTest_18140182.jpg,ccaa3f068c2dab2a235f7774c0208cab7d0aa5661c6fc72f470a764086d8113f
PublicTest_1814034.jpg,cc8332144b3d706f77b8ee3f23de0f15568a621b3e6f8d4ee85a67b33f5dc465
PublicTest_181976.jpg,8c854d302a6129364c8bfd871c180e42568393d7922e22a147f8474d132f490f
PublicTest_18202121.jpg,500e10d5f58cf2f8ad8b1d4bc72c9542a6833eb832780a62dde4de2c6969b552
PublicTest_18243231.jpg,514b8df3db94384af648e45a59aeb9da8166a67896e949c4c6a6110094f66958
PublicTest_18245411.jpg,1eb34242178216af6af36e6e0fb7ffa422d08121736c133ac7e1fb823220fc92
PublicTest_18248685.jpg,91723d940e234b3b460f48ececb9bece3ffc24264da88107fa62e50fce31f206
PublicTest_18251492.jpg,80ea3eb4cabd05d598a719a9d5d08a2b0840792e3ab9e5bd7bad6c4edf43452a
PublicTest_18274972.jpg,17765e7361badcae36e8fce1a2994b06dea8c8e534e60588466b7bd5dcb72b3a
PublicTest_18275833.jpg,5baa1981dcac96c76a621be65940a9035a2c86c56263563b77a90b52dbc33b4b
PublicTest_18285200.jpg,c14ee63836640108613aa03b5ca1ee33555a2ea9c82b6de007942f757d0da374
PublicTest_1829684.jpg,8b9830fcebffbd146deeea5d39084c03a109b76b2d6b1af574c6a5f4fadf79fa
PublicTest_1831779.jpg,c685615741289186c0bd4ba68540e672735666e47e5e189ba570c6c76f3216a7
PublicTest_1833321.jpg,0a71a3d008d75156fa02cd52c516ca253214690956a15a5800e8834cd62a696d
PublicTest_18350292.jpg,752a19694ffc51a55832d57f52e4282c6e7179c5b6751ad9013993a7b9e48aa3
PublicTest_18357588.jpg,55703f90cb48ac8cbdc12405f95c5159de4d6935de907b517893c70a78abe8fd
PublicTest_18382637.jpg,9fe3404d21b43de2c86205bbb3c2ae3445f77d363661d2cd864a3b6af7d98571
PublicTest_18401679.jpg,7b483aeaf049a7ceff6c91fe629cfc6f3d3eadf3bf866ef148a398bfaf0aba8e
PublicTest_18419813.jpg,e50f61b9b0c1f365ead95e5650a3a16f6e252c4d879e447884a4d800a445e867
PublicTest_18422068.jpg,aa1bb5d0975f0ed13b5b289013bfa974e73ad0b4c88795e3c9f21ba7613d3d63
PublicTest_18452360.jpg,7be83c46ff91b2d81075aae4bebdf82bbf29414f92161935f5311b6dc0f22d6c
PublicTest_18467095.jpg,14f77138f8f9703f15ee74c81773d1a167f731f1382f3f132f5caad17aeacfa6
PublicTest_18471170.jpg,92f01f2c36fb4429899726fa2122ee617ed5f4ef904d6ad2def1fbac5a02be09
PublicTest_18490757.jpg,84f0460027edb9f39ae8a8398de970a65546bfd9dbdbeaf9d783d789cd1710dc
PublicTest_18496904.jpg,5b4e01198b9a6df867b61a642151455ce8d3899a1fe5b132a1f2ba94c08f02ae
PublicTest_18509921.jpg,3ebb6b698bfbe0dbddc6520d6ccd4dc37704e4acb3bd7186ca702295dd807d28
PublicTest_18607341.jpg,956ba127f19578ecf73747c982c1d68083077d401ba721c48981660c2c04f875
PublicTest_18643957.jpg,250c3ccb138f78e82bedc4bc9571ee1b8b4e08af5406f60bce7e5b9e25f61f62
PublicTest_18656306.jpg,22de783cae8f05d5e487523256f6bef0974a2e3b576329e8d8afb74b67784619
PublicTest_18682426.jpg,c13b4207916bfba14df3694441a826980942ef9af93c3e0f7ae5b41262fc59c7
PublicTest_18695448.jpg,82661a63a2432ddacf9539c45b0736ac435726813b8731d5ca9abc82ce6ee4a3
PublicTest_18699376.jpg,b3ee05c923062de2ec52c67bf05543927236b8e14f5015d9d60de88d54b5fda3
PublicTest_18702897.jpg,064630004f617c844b9e0674d6625d8bf114ac61d674c6cad7934003999c2cb7
PublicTest_18767838.jpg,1837f7c6756ad7a970a3e967237bf70e81b492add4af9652f2b8a74a768a496b
PublicTest_18768.jpg,6690127fcd732ef332ae3a888fd85e045542f2f8cff496baf27d9d92083c30dc
PublicTest_18770630.jpg,d6da8e9f42a0b8b10327237129ac8123a7e9bf7cd26d575c1c48fece5abb0d76
PublicTest_18802845.jpg,f1c5476de4050d9e0974bcd9cfee26b722a1a1a9c6d0e804b0e7d85da71a9c55
PublicTest_18808914.jpg,89202ca17f2e2bf6261e6a640a6e4bba9b1de6dc26c0174a4a8856308837e7e3
PublicTest_18874214.jpg,2f6ee186bcba6d1bd0690f5a7fbbc11e2ccf8cad0f75825a2d01258fbe13ecc9
PublicTest_18884751.jpg,a18f73caf3620c8bf230df7c1fb874de08300d37db4b8c47b830b9b3c499630a
PublicTest_18887977.jpg,e5057da03f02a77a107b6c2e59cdad096f076cb27cc9a0731ce5f4453579132b
PublicTest_1890964.jpg,4a4c61229fe1cbe478116ffd98787ebcd1ec4b4926fba0cb46587021c092c136
PublicTest_1895428.jpg,0453aabfb3a066700d9eb87e5f6d3d2e395e23e4204237e07adcd046547d3914
PublicTest_19003002.jpg,76e2ae9a749824e83e3539ee01cab90c1d3def4fc4da5a60e77ddb42c7e5491a
PublicTest_19021101.jpg,e60106170076c09fb539ecc5aa03468866bdb86ac28bfd5308b1e237344bc9b2
PublicTest_19059765.jpg,dd8386fe061d57f5b0a3d4d5f1c8ff95106ae7083aa343d0887adb78a21c826b
PublicTest_19183266.jpg,c56b981a364d24e282e99fde652f8ee643abcacc1fc9e5fc0bceaf950d09f6d3
PublicTest_19208071.jpg,7843b04ae7dffdb6c9a4cbf7d6b685d758795abae7ff140d1ab554a024e147d0
PublicTest_19214280.jpg,774e8e0dc5d39292aa3106fb1791f0b0f3eedbc81cfa68474ad7c69bedfeaaae
PublicTest_19276218.jpg,5ef5b0f9a47f1fe944a45d17070fe4389f526e072a06255970afd4a2b075bd8e
PublicTest_19304622.jpg,1c2a2c57893c3142d5c42dbfd5921aacb2159b38f069ca8a4e13e39e499459d7
PublicTest_19305056.jpg,d0c1690de4b4c9fd9a9a41cb1ee537e628ad4ab23acb09f3dcb164b86f56e1ab
PublicTest_19319090.jpg,1f64762e5b0e7813e0d024e65df6d9c610e4b7c859430b98a6c1b8ab42953042
PublicTest_19319423.jpg,f2ad0f63ac80b844569573ad3042d6b604826628630bf61a9c0323d7a8def87d
PublicTest_1936536.jpg,fd706bd146439005af990efad5b3f76e132d9a26dc7e8237b9cadd9ded120503
PublicTest_1936564.jpg,320520084dcc376ca32a9fa65c59ffa7a913ccb73ce7984223ebb33b0b40be87
PublicTest_19373509.jpg,d3cbadaf668e45fea677ea33283d1b6d9fbf6ca5711776e171233bb5cbad239e
PublicTest_19403573.jpg,d202f3cc44efe9cb65f0f42b9d2c239cb4128432e5b1b3fe4e969ff4cb2d0234
PublicTest_19416116.jpg,cc57abe33737e9c54acdcfd0735086567e67327f48956100f79fb696f44a6d20
PublicTest_19459861.jpg,f45eeee75906ccb8446f081e4cdd5e754254f8a2ac773ac90708a9eedb063bee
PublicTest_19463650.jpg,6568a61ec75e98fee31398576f46ecaf020da59982c44ca74976b7b694d33580
PublicTest_19489926.jpg,5915255e75eae6d979491ca777e6b075f71467fd93d7ffd1f2e8cc20173dd4b5
PublicTest_19492189.jpg,c6ca1aca5110efac1e24a51b0f978d1f9f0d180ad2d96415f3abf55954aec6e8
PublicTest_1953927.jpg,a21b25309fee66b9c1b1464592751b578d7880c4aa104f3721da3f9ae8152b9a
PublicTest_19540950.jpg,36b5092a70d1194b4143ddc3a6df6d02fa7d225ee4ac09d97267dd24fe4c6ae2
PublicTest_19663674.jpg,096496fd83d49ef7df2459afdbdeb72b4314b6edd610644d5e11b0bb3792e355
PublicTest_19679720.jpg,1375f6dd2ef645d359d5fbc3865c678f286e9d2cf525fc11a578b72271c0d57e
PublicTest_19681601.jpg,53e110d8d803b20f5432257b5d15dfe7ee9053de391762043384fe5ed16d2e49
PublicTest_19683855.jpg,735e1ed1a79ddbf0c4727ebde2d22dc82be8f832fd12a4d80442d693fb868fc4
PublicTest_19690534.jpg,a8e0361cc0e3faa739d809866ccf77e851837bc7539fcb4051460fe94c1685d3
PublicTest_19754150.jpg,f2247faf1de80f0622392bdc1b31f7a9778e96462d5a1d2f238c645862f91c55
PublicTest_19807053.jpg,c2b7831485fd4d8eb171b637409caa02996d1187559352ee70b1acbfb447c4ac
PublicTest_19825526.jpg,7b4dd0135038318441247bd03893cbf061cc65807bb73e035eb62e6d59c29263
PublicTest_19831624.jpg,7652638eb6c3c9abf999b82ed9b33873e08d03a007e2657b91af6ba3629fb1e6
PublicTest_1986714.jpg,cc5813e8f0304516999df917fcf56de780f7c01820e3ba9fff47219b60d67098
PublicTest_19874720.jpg,ceed3e877610ecebf0dc85b975d7f03ddf7d88fbe8e946759eb7782578f5dd20
PublicTest_1990985.jpg,a010f805a2eb68073272796ea26b5a5c1e32d672b8e847ecee3e87daa8a5985e
PublicTest_19913638.jpg,145e55bdc505b1d4ec42e556cf3d6fb4d408d3552a8e65f01f4c875f9c8e499b
PublicTest_19934586.jpg,12b57d6c05ab067ba99c75e001403daf00d37d5f5d0d8243f86a1a6c2bfa26fd
PublicTest_1993563.jpg,241e10b3848d8e54df693dce73468c08ebeabe4adac38bc1453df760aadb7874
PublicTest_19947133.jpg,856aaad980d860349b66089954abf577f6468c7f08176dd5308f92971151ba04
PublicTest_19950909.jpg,945dce6099094f54a2fd4f35eb8bfe3eef8b96e3206eb1cb020bb6b68f807b0c
PublicTest_19989301.jpg,fe44026f03e61b66696101216e2799f287a3b3f2e73167ead426ba04a9ca019c
PublicTest_19991357.jpg,c6e52804e1a21e276bb391eed397e4cd046a858af4e8c94f642ab9618003d2a5
PublicTest_20014869.jpg,2471ba1673e8161971bca6665893e36d516a3c082984a69902e627b7da07f93e
PublicTest_20045813.jpg,dce2c60082b1a9fe53b14ebe783d2f7862d466706cefa3343560a09fa727ffb2
PublicTest_20065771.jpg,e0a6e58270586135edff7ee22518c016d3816f6da01ece87733ca4e1f9e0d5dd
PublicTest_20103075.jpg,ead6668585bddfdc5f502115b0c49874a6752a16453a440dc8fcdad2f5aee1dd
PublicTest_20164355.jpg,7d516d39372a9d6dd71b5a20949b842f180cfa23e2cbfd1e1a4c09fbe5faa0dc
PublicTest_20185613.jpg,c174ed1edd04458c700914df9bc7e46a207174a92de65522a00e2ea104ca590b
PublicTest_20224413.jpg,f497837628d339ef70bd8481f1e9bafea87f048eb550c885983d11eec33c77fa
PublicTest_20242544.jpg,d9d24e2db33b5ea73070278972f5662577e8a6526f5ff26c2ac84b5a16e625e1
PublicTest_20248242.jpg,c91ab6d7931ffdeab76db90ccb8a78f1e9d1e3f95e95a1c74240fb467988192f
PublicTest_20281055.jpg,59fe3afd918055ed8585ea2d567951e4a48515fa2010857a5b9db736c3a3d759
PublicTest_20297135.jpg,46a872f0557396f5c850c6b9361a79d49f79a871c2920c683d64ed7c6bb511a5
PublicTest_20450943.jpg,6d2d74000b1f86fb76d1d3489478eb620e9e225284776f6324a4d6677bb9088a
PublicTest_20464211.jpg,c323a08e8d435866091a091bdfa417968880741afdba5b38c30be81b349d2c94
PublicTest_20506001.jpg,183589b2930c1dc9fded8b49878e324a3bdbbe846a6af6d625fe28cde84cef46
PublicTest_20522483.jpg,1fb5b7fc6ba24f745b047b63fd692697a51ca9302cafa7a7a203fc2a50acffa3
PublicTest_20530760.jpg,2e01a933dbeb95bf9c8dec2ea6d236360e901706308d0329832ec9db3cf433fc
PublicTest_20531357.jpg,ccdfeb6a20d9a779c8de30d0fb685039eaaac4cc6bc3e4266a8e1a33d7ff6d96
PublicTest_20632333.jpg,732acb554b1d98c78abdeefc01cb419f8cc2c82588fda4d59f6fd349d5d3b88f
PublicTest_20668878.jpg,7c75014718a4b2d6ea28fe687d60521c309b7356cd75ce999c872ec5009e3210
PublicTest_20677546.jpg,8dec71daf4bd376c0e0390da239ad37772844b31dc23f20db8bed094d7fa8215
PublicTest_2067774.jpg,6cfe05f3aec48d4dbe541c408f9d784eeea0b43f464353e8c2e52f256e3fbc2d
PublicTest_20725544.jpg,4843cb7dd1043deb7e6456f867fba61df08921d5b911090c72f8e23e90dc2f4a
PublicTest_20761396.jpg,54a17f332e660c216105744b63a2d228c9568b8cae56d16892df7f8afa2d0d84
PublicTest_20874883.jpg,8d385f32ec90436ed7ce665fbfc1bab177c73838947da2db0eda529352435b42
PublicTest_20922566.jpg,e96188625fab2b63dc21515ae19366c05e5306d917c89119148d10bcb40c02a3
PublicTest_20957094.jpg,dfa62479d19a17b25258ea7064828f9056ec6adb5585a721acdfe5c80d3945fb
PublicTest_20980168.jpg,11664f9792dae4a255b8befb67d83d8bc02fab1d51b708c8c746f4faa5ceab6d
PublicTest_21080954.jpg,8d93e6b707b1922de08bd930fa415e2573bebced92188bfbb0a0493cd71542de
PublicTest_21091393.jpg,5b109dc269211139a93c36bccc279dfb1ad614c3a12bedc54794c002208cbfdc
PublicTest_21094378.jpg,324a154d5057b183cb55363cb40b17100384b361096de18248e216006231aa1b
PublicTest_21099480.jpg,b8fe1538db781dca0500aaacef2026acacbaa757ef8322d499cac28f9d8fb1fc
PublicTest_21110779.jpg,008f2baedb6c09cad91cb1b1cbcc51b767740dca4309ee50330190c25d7c2ba4
PublicTest_21139848.jpg,42a1dfcd6a18572c583768967b062b068b01f84704808523a2a2049175cb94b8
PublicTest_21140607.jpg,3b124ef28d4caed4be9767403271e2b7330a4459ade1a46babd0887efb89ccd2
PublicTest_21141989.jpg,0b774fbeac6be2ce39d25782ec93783ba556ae88faad957241395e22ebaddf8a
PublicTest_21166959.jpg,e311c84f348f082c08da3e5d510b7b8bd006c40255a115c6b913d6416ab61560
PublicTest_21175427.jpg,6bd38d3de77e0d39c4b01593271e6398a4bbea174c4fbb781c36bff6076a02ec
PublicTest_21178862.jpg,649a01f750cd1fb6038ada78d25c4312fdb899ef42026ad5fccb729c4466a532
PublicTest_21226976.jpg,a1a5d9459899122693311d250c838b7ff1b4bbeeb8df80753cd9bcbf1c70857f
PublicTest_21227762.jpg,f95dcc561841ff88f4608de5e0a2ce8127950697ed370366dac186803e637c4d
PublicTest_21238956.jpg,1d40ad53d5fcf065da5f5c65b820980bcab6e55ac3871ce66b46e33d942bedc5
PublicTest_21255570.jpg,b25abefbe7ec733f9ec22530db8cc0f15c969d1f5678df77569057f0f1150220
PublicTest_21267677.jpg,0ffee2b342dfb571160eda9f2fbb2d637d1d6c4524a3b2108ef12539e861a57f
PublicTest_21312247.jpg,1b614ca43d0b05bd97debca47eb97fb2e4c118419f9a99562b3002755a33414c
PublicTest_21312852.jpg,60cafd7a028e8e83a7b8672666b356124f4dfd1df79016ba1fbae00ea94d0cfd
PublicTest_21334851.jpg,5ff601bf7a837644c26d9fdf0119ce9796cc104a2ff7a53c1c6ef660345b228d
PublicTest_21343627.jpg,59e79b93a31bcce6f2be5076e9b861c413ed9f34d06bf5a1182c8738f80e3996
PublicTest_21354785.jpg,b57ea08d357ffd24a438bb4c6fb7c7cf1ec3f29a85db0f15395285f65c81fda6
PublicTest_21404225.jpg,c8ce7c24b4588eaed9f36ef693309ea3fc082c429f2060b6493ba0b1622290ec
PublicTest_21419251.jpg,f61f6f160172ee1607d9b0187def308f1198f5e0dc0bef2315fe4f72243ddfd2
PublicTest_21422220.jpg,b62b717cd27d57f45dbddaaca6dcdd5316db4c709b52783216e81664a3fdb662
PublicTest_21498023.jpg,4d1216ec9aad65cf78deb6f1b5ce5413e83d669367823d0febdb020b389be416
PublicTest_21528340.jpg,1d68b9efce224007a74a8293e71fdc920f64d7aab4586a8e92daf307380d594e
PublicTest_21540065.jpg,84cdbda8b9a6185e99823dcad31baedf840ca7271439cd8755f7a8f65095527c
PublicTest_21575786.jpg,575776183db3dccf99abae07666fd285a819e6310122fcb2f4bf62fcd20e6040
PublicTest_21596649.jpg,697ad52c357bbb9345621f621f156d1d0b8b140f2f8165a4933962a53aeeeb15
PublicTest_21625918.jpg,817f0a4dd25ecde32ea21e4c2584f8790d3ee5af7ae5c47a2f434a21dd044329
PublicTest_21646693.jpg,f374c0c96fcb38d9ba2b89f8be3abdae522802980e66b195d02abb1e5bf908b3
PublicTest_2178283.jpg,e72fbd8cc6e849135c8a4c418aecb77844730e48fabcc1a3eb14297582c5e7ba
PublicTest_21789246.jpg,b19801b80503932e22919f5543b80bdbd0992361e2f4032839e26041cf20a142
PublicTest_21790970.jpg,7c2e468ff70aca2bc3f64f50f6010126000a83e81f3e13cbf22c29b2fe8f7c37
PublicTest_21832858.jpg,e1729c30e330a1165348026c893998147bf4973b561cdd88457618bd3c9ab04a
PublicTest_2183494.jpg,47828a5843b12b8941ff8ce27e4b375e9d0cc1a38e0a64c0ae04d4f4a3b0f086
PublicTest_21899498.jpg,5b66f323a24465944a70fc3d4d4b270cc39f6e8e5a0d685a75b9955e751a2a1a
PublicTest_21942158.jpg,af4938be379d662ccc8aa030f02f1053a320ca8ca41644d920dc09949331ad89
PublicTest_21944681.jpg,f114831ef0bcf1ebaf812c9cdd8e1616db4165269eecb97adf52aeb06b2e55fc
PublicTest_21955065.jpg,68d74481a19f9bd47bf4b45279b409a1e150536b7790abf95d2bec6eac11998f
PublicTest_22003953.jpg,3152d22fe727a49323ce9bc32c169268ab4320cbbf338684728bb29797436148
PublicTest_22088521.jpg,9746e9cc1ceea53a58afc3fb6afdb471c69ee450af7e8bdf5bd2b63d9546fc7b
PublicTest_22093964.jpg,ac9bb9dd6526afc2067887b4b0a753d943adc5efd0b91462175dae0e8c48d955
PublicTest_22115617.jpg,221699e7ebab781aa0a5ddf73b42ad4db2d5cc1c7b17f32a80315da8a882b053
PublicTest_2212492.jpg,0b0c079a75612e1bff0cc1ef877ffd3145cacf805a5cd226546af823b314c6dc
PublicTest_22141713.jpg,bcbc8aec01d0a18d37a806b359c31e9ab4cf267a06cf7f10c2168c52f654e220
PublicTest_22161894.jpg,f6df8e60e11e62c1dd579553207952b2eb54b5738f18f92ca300ee559b10f8d3
PublicTest_22194410.jpg,75254b0780625e1aa178f81ba2d1191a7cae909d5c2d7357b0aa2e28009d7454
PublicTest_22228657.jpg,6b11fef49216a4bdda17e2eec1caf1d482f89aa3be5aa7f16c26c3f1247afa5b
PublicTest_22250799.jpg,942345d256e8e752ca559ccd057f64075c63427bc228cd383dcdf6ee1cd90b3b
PublicTest_22313021.jpg,ec0034870a688266f3a95bd26d2cbc45528e633e11a7ac2ed91046e5896551cf
PublicTest_22397103.jpg,7590941a61b1dbfdddabaf292eae0cc55210a1857e316798b951ca7c1d2c15a9
PublicTest_22423869.jpg,2358c0cb8f361d024b0ba13ac85e6880c5a49aa97394704b6920a25c5172ee7b
PublicTest_22442398.jpg,e17942ec34e6662f482f28230d32c14fb5becbe5d5f723a7440d26bdae9aba33
PublicTest_22444560.jpg,e4adf99b0670e78769e21658bd5594a2d24c25278b076282a96f35ade1d40571
PublicTest_22445711.jpg,efb35714591de957c5704d947f0b23d353bf75da04e33a1140390c3e868c5693
PublicTest_22477942.jpg,1dbf4898635613183fe3a71048ac8312c32290dd4e4b217f5c17033d0b60fdc7
PublicTest_22486597.jpg,b87adc57d89a1b958f7534ce7a26e0586dabb390eff77979b875a6f58dfc006d
PublicTest_22516549.jpg,7fed0ba72cdb64400a2395ba5c3f84e02ce0b717c58263f99417bab3d8782852
PublicTest_22536640.jpg,4a9ef6f9a84938a5f4d459623acc1c760c7d36bb1f20d0b6d92026ae08f28eab
PublicTest_22752690.jpg,2fb593a9dfada05358a3b4d132c28b1bdb54a578664516239ef16f65a8b2443e
PublicTest_22869580.jpg,d3244c19fa2ac5f2d008a75fa01116c775b39c02d77a6db85f7c3ea3e43bf6ed
PublicTest_22869801.jpg,076982949aab9a1096336e9a178a5f8833381df01d2393f499673c93ba5ba259
PublicTest_2291252.jpg,635b531e744f372f56a9f559fb59059973e2659845cfe4182dc22306fb58466c
PublicTest_22935346.jpg,50248a17bdb0747370ff14f9fe2c1c691b95f107773c8cb7fb1f3e81a8907eea
PublicTest_22944375.jpg,37de49f1db639de4ad813967fb191e3ff0d28416a23c4677390cf4fa9ba903c8
PublicTest_22967870.jpg,079eb0e5040edfd720f726541ffb631669ca5f8a79dc731d1a122b2429d4c809
PublicTest_22974283.jpg,7c27286fc5f17e1400670be51e3d77824a1327d621135717b396d9f915188e30
PublicTest_22986053.jpg,5390d66c2654e5dedb378cf7d0e1e188c4a25eaf4a1731cf30a18ba2ef5f8ae9
PublicTest_23038302.jpg,866876bbdeb9cd5750e2108ebb183b92edbd42f23bc0bbdbedfb93aaa4686066
PublicTest_23091041.jpg,37df7b8cb750799ed723335384667be7df86a5dd1cc8930b262b441531f9d55a
PublicTest_23095764.jpg,cfc23e5bc170c93f91ec2b7bdfc76a678cf1b8314068b6f3e9f955719b2d7a99
PublicTest_23140926.jpg,2026af6a0e315a19364080521fbf1acb3493005becec8400bd6d8ad4607e9c06
PublicTest_23168745.jpg,0a01c904992f1ad94c5cf5cb1e1f19ecc3c2c1922f07806c5c29ed388673757e
PublicTest_23169385.jpg,87d7d428463996b11f5e3f25dd57913c52f351f10bec10f285cf4b349b906356
PublicTest_23216863.jpg,21fe5f8b50fd4665042e88badb4683ba811221e835815eefda00ef30f9921fb3
PublicTest_23252039.jpg,20a510e7aa5b1bdae583d2a59dfa17a911d4decd032b0dea16ece6ffe8a453ce
PublicTest_23286340.jpg,a65c0d6ad871e8a5b2858892ab5a6e6a1ca142051581f21323c5f02d5594f0c4
PublicTest_23355730.jpg,bca2662c56fd9b18ff69f1be3666d08bcbf5f77274d3968c826e3fdd2389f3f1
PublicTest_2337656.jpg,75f8eb329751fd9b24be1f8815e0ef58e5c60417eb586bf7bee5a5d853ffcc45
PublicTest_23417843.jpg,eadf481187a9f64c5b018b3fde6144c5f4409a649013133b3f28e54c04bfc93f
PublicTest_23467820.jpg,1109374cd6a8a4b420e966b77b3aa0c3dddce6a27fe3f1954508189b5da3d286
PublicTest_23479421.jpg,c34bc99af2c7cb3316e73a5f37aea06e7c050bc11fa2c07e71194867d35638b6
PublicTest_2355293.jpg,2b6985b67f4355f25182e8a8f440346a9cc998a75ba32d8e742a9b2891d69aef
PublicTest_2356351.jpg,347fdd5e9c6b9ef7175367f3a698307d82b63a97927859fd5a284413a8fc408f
PublicTest_23583223.jpg,4c4c379cad664b8788955dc3a341fccb77451161ce3d4ca744ec0fe0fbd267ab
PublicTest_23586952.jpg,ffa0e5266e5553f102348702cca4523a27f2ca5dedcaf1546b4b473216b8a325
PublicTest_23608603.jpg,2231b2435faf906d8e10eeba6b19a950e7864f8acef6257533883907b7e1f6da
PublicTest_23643566.jpg,ab834e3851e195b5c1900a98b64bfccf25bebcce32885d051ba6dd5901e60c0c
PublicTest_23665766.jpg,0f2ed8a7ccf0d682e84798a31e94aa7b19c4547cbd71b0f17ced3a57f3d650a1
PublicTest_23695727.jpg,d6b54875aab4d641bc530c65aaa2119cfa553b8b66372b1436b53ba7588e6e4b
PublicTest_23705098.jpg,4f6ae8840bfaa206b3b5084ad47d94a964deb39491e569d91863eb6ca8039034
PublicTest_23722688.jpg,17ddee526ef32efb204a317e06b1a44cfbc6e355812fa2813c3276ff68780c97
PublicTest_23722704.jpg,f583799b8d4ca25149875879614493c0ea00c9f5ced69e746807f80e51eac658
PublicTest_23734237.jpg,a521d9146a080005e0ca86790162e528a39089371183d19687a07b940e1136c8
PublicTest_23782142.jpg,3a3dd119a50de93434292f477a0f4d78ba0d358315ec4f919acb1aac9e5d3280
PublicTest_23808994.jpg,cac02475a56a79bcbd3c72e0af775b94ebf6bd648bb7109e9164d86ff79ac8c0
PublicTest_23835267.jpg,d8cf8fc55d22a63926651ebd353776f34b17bb0186fbd33a1baa1b1cc9130788
PublicTest_23906574.jpg,71945afff928f5a796606107c86ca1a5532564869db0806e4d9f993519cedf0a
PublicTest_2392481.jpg,148442d136c82a0e40cdc0bcd3d532b1a0e522a468b525aa5cd5c701dd75f21b
PublicTest_2392824.jpg,e3a3cd30c30255821486a8aac52b4085562446c8ba67f17a4ec691b4fc075d1f
PublicTest_23931269.jpg,2365a65e776dc142cef8e8666b649770eca4b4911b9fd64bb533762c40b9b7b6
PublicTest_2397242.jpg,f17e0d3a30a7bf40f1541cc5e001d67dac5c6f1a2585fa1e24ae36fb9571f905
PublicTest_23975491.jpg,9b9bd916067a072acbaef16773a6709e15879ab8424ea2f8aed66a1d8e8b1c50
PublicTest_23987357.jpg,30f3eac4b7150338c3c6c314640e336c00f9832cf31c887ee67a6603012b70ae
PublicTest_23991674.jpg,e5b5abef886084903911b7b0f8934cf616618e8c77f2eab508a128bdc7097568
PublicTest_24011006.jpg,55d1c689133d802e13156f96b355e518a1c0e7dc08b5348c227be46793bac537
PublicTest_24024517.jpg,e9da2dcff8d48317dabf16745b6d10543ae403203f9b1d5d8c2c509852db4e18
PublicTest_24056456.jpg,4362f62da97711fbda6cc3c012f7d000d95c4f5343d21eb6619986a009f86536
PublicTest_24118890.jpg,98cfcacd60025519a8e47d4ba08ba95f4ab55c1c8ecc2ca03049b3674c3d1ea9
PublicTest_24150762.jpg,00e7ac766f7e16df991b7b14e22ada231deda883be5dd554e54f4de0c8de9abd
PublicTest_24239238.jpg,94e3523f43d84f0054b306af153cc6e6e6ec5f5b7562248ea6024765b3b79d40
PublicTest_24264216.jpg,c8de1cf6a5ccb3a30dded8c0e92ff8dd3cd811636189d2aefb0c03e0e853984c
PublicTest_24268857.jpg,f7b41e880caa96f0eaff8754cc22083baa33458beb23b9a8343bb32d76969fc0
PublicTest_2430252.jpg,734d87432130636131ed8cd453305865c3051b53dfc5b4081cad58041927a3f3
PublicTest_24367513.jpg,99e0e6646e5145f0d5ed0e60869a220dcc683fb43162ec3b0a13f64b56786f89
PublicTest_24420477.jpg,7f0ff4e767bc361c03650bc29dd25eaf91646cb29d7988966f30b89a775fd329
PublicTest_24421404.jpg,178f093f17bd0b06179e7b3231f390fee41b2cc590282b6154803fcb2dbeed10
PublicTest_24421678.jpg,a65e12dcd864961027308441a2f43e262d3b4c388e31890939f9ccd99f8f6232
PublicTest_24444588.jpg,3fe77f80ad877e7c6319d607ed09fb47fb0ade9af53eea23b354256083d41a2d
PublicTest_24449829.jpg,801f5b925548900a353d6750067358ea135ea6a91f5f9c91a5821bbf5dd013ef
PublicTest_24450659.jpg,b0d320c3d09a312e15cb832dcb0ee3dbd68a0260483e112a1d728387e39a86d1
PublicTest_24465961.jpg,094ac0153115eb2537e90a4a90772e4fffce5d05b85729f41fcd4a3e08098a48
PublicTest_24478472.jpg,d28d2b89d2d424f5d46edae5447d73a6f7a464b9202017f10bbb8330f6a63eed
PublicTest_24479979.jpg,d3400f54ec7d059d05242dd09d0145e0af514d5500d1374af639a8d55c4f2040
PublicTest_24489785.jpg,8ef3fe0f05c049f9e9b754350514eeb93a6609338c8c0df49d1c137a74a353a5
PublicTest_24527132.jpg,8170fefbb4f343e8da6cb95874cd769568dbac096396fb7ba1d3498bd5494ce0
PublicTest_24578078.jpg,88c6319fe07c0853bd55897c262d5206251d0f0d9e523238e9e49155e00a800e
PublicTest_24586863.jpg,aa989a56c3bfcf0b013725244d24ce5dbc89950bfd428c68ee5cd8adb9cd7a87
PublicTest_24587909.jpg,989102fd13c350587e49264fd4262bce2abbd10d166c5bdc25776a33d0a73a82
PublicTest_24599099.jpg,4717ddb41e2a1e88aeff87b8691e595e22905d3d6b3cfe0b15a1af08f453077c
PublicTest_24625025.jpg,38980dff2cc14160f8bbcaf1a8b30767dd7104a211c6b5c4941969f982e9ce41
PublicTest_24659187.jpg,1bf3994ad398115e856b2738785576ada625d35cd668946b04185c0448a21067
PublicTest_24665748.jpg,443246ea1ef47ffc7362ae37d9e25fc31a25088bcccb6c836dfe3df4a8c8e369
PublicTest_24668305.jpg,1cb2b76cd2b98d81537966f1767abaf8682e2788b6f5286037faff7c18c0e10f
PublicTest_24691289.jpg,c38c76ff4a769af608ee965b5e43646a71c93f69ac23f4f9662c6edd948fcc97
PublicTest_24698430.jpg,951a950af72aaf61cb15357d87087602700bddce64e6cc983b3a6310d5b6d21e
PublicTest_2473254.jpg,01eec93d14886b0a39161d7e8658099dc55a6627ca988f3922ebfcbc8ff75e32
PublicTest_24738517.jpg,2e156c20fe5a0f6a92e41bc038542695082c3a8526f43313e39d1ec70553beda
PublicTest_24742457.jpg,0c62b5ad1634a4132fa14ce0e6b715b7e16d561fd97874c264a8c88d41a6679a
PublicTest_24773421.jpg,98b9e53f88e284bf1b63a86460b5b0608847a59b9fcb67e906261f61460f42f3
PublicTest_248059.jpg,814c827cd9aa3815945bc76adae49f6ffd488b1808d97fe4354862469512c4d0
PublicTest_24830226.jpg,deb0b4ad345619d545f0418abfdc2dfed7b29a66c0ecec057c706942c66a370f
PublicTest_24843180.jpg,8f74fbe4543cf203cda94664e1807bca04d37f701c9019c9f7c0184f73a0e94d
PublicTest_24845545.jpg,2c2d843fba6e8b411cee343313dd119267577f123db3a7892f716352ed6913dc
PublicTest_24866713.jpg,1cc36c72fc20cca5563f222650995d76163ab9dceb5a52a22d581c1218414ce4
PublicTest_24870692.jpg,7eb49f58c680cf1f33e344aabdd9f9c95fd9c0e7fec912800934ad78c2df06c1
PublicTest_2489773.jpg,0c2d4b9f1cd4b0632762ce6fd5fb78e926cab17d991ccd63d55f10752139023d
PublicTest_24899551.jpg,3c074695ec54737b5b66ac331b924c697537e91f17f38e66752d95ea863c4541
PublicTest_24902629.jpg,dbb3ad5dfd58f564d63895ad5066a0b8672f0dac03666e8482927fa89e0445ef
PublicTest_24926639.jpg,e85396ef64e3a8fb464beb2c086a7cd2a01077fb6823ef853f5cb92524f97262
PublicTest_24929049.jpg,8cfbd4e7efbd854f9e453df253276fd67f046d8eb36edb7c5bea25bede5905d4
PublicTest_24936833.jpg,f6c9d4277e84b74f489e2aa1f9ce3583c414607a2206cd6d8b828b8b84c30a9e
PublicTest_24939765.jpg,510a1b9c7f33bece2394442c3052b7d6d51909453ae384bbe41c15176113522a
PublicTest_2494010.jpg,5f89fb462330dc39e4561410db71c780dc7af160e082bc53cfe713c5d44debbe
PublicTest_24988488.jpg,4ee25a66fbae6a08b8ba8921f49f787c5e846782c1d5a0563d0a2c696884b684
PublicTest_249914.jpg,a6515b69a30649a53b82bc1087b2f60be17beeee2b986e5229552fb11523544b
PublicTest_25033798.jpg,175a4f96ee68598fa213bb115b035995201f08f94cca3a0f0aa18533e7186e5e
PublicTest_25053327.jpg,c6b39f79273b148653f0d7b8be1afa4119f763f982e2a9c8fbbe6350403f1938
PublicTest_25058253.jpg,34f63c9dd918c2175fbb11ebfc35ee10b2047f6c05562e5dd68f629d83e7721c
PublicTest_25064886.jpg,38b2cffa360a9a42db7f5f3eb856e4d64340cd19e7b9947625877b87657aa123
PublicTest_25067863.jpg,a4fce18f70e36d143852428b0221a92e5602f0591ac4d0d3890b1c0c6140ebf4
PublicTest_25086092.jpg,b05f987d7ede0a4fc6a3159b5c2f32634875c737508b8a4acd7d11b6aa50c290
PublicTest_25092940.jpg,58f6ee07927f1dc7a40e795005354a4bd66ce3affe5031a1f786b0c59f48ac7e
PublicTest_2511126.jpg,5cd6e9d492e9e08ff82dcf755f565ccce1c2075cebc583c5a4d47cff42a4fc4a
PublicTest_25197269.jpg,ec385b84f835369ff5f65fbee7dd63640e9cf6e23aa8c6d0910afa2c1e63eff4
PublicTest_25271883.jpg,fab8d7bb74b810779a20b29d3e04007f4d7e4478650b9c4b97a5babeb91cd234
PublicTest_2529039.jpg,80662accd134d219831c8afd38e2d802c454fd2dc36f0d09a72e59704c50c5a0
PublicTest_25295850.jpg,a45a5ef47fec9e4cdae5256e616bef19b4315e4d6fcc728a19ab33cc35fb6f64
PublicTest_25336581.jpg,6945ea58a96d78bdda99b61265c32aff571179341b8e355d105a795d303faa9b
PublicTest_25355871.jpg,e2875e48943fb6a5dc84ae176c28e23a2408ba7b5c9a33ee324ce110230fc380
PublicTest_25372349.jpg,0f541ed0c29b3b7d6e188f6d1d45f09e900a602ea8e8f582dc25d56f827c3085
PublicTest_25391358.jpg,5956be4ea4ce13e83afc784ae4736b4e5a0f6150f30b92ae75787c5fe77fab5e
PublicTest_25419903.jpg,4ff618eab6c36947b6ac0bb0dc70bfebd9ed5ac944d7647f9fe22d0ffa527d8d
PublicTest_25439815.jpg,a94fdd67e9b243b710836a153a1e7daab584cc9a2ce2d3c02258b812f991944f
PublicTest_25487288.jpg,2c8b8421895f310295f459d577db071f9846785d577fa2067d76ea49167fdf7e
PublicTest_25512952.jpg,3262d2136488a9ebc8ad12f34e195d99f8efd49db0c9ad23bd1af1621b651a6a
PublicTest_25530597.jpg,a47196c021821d03d9c1b7c16a80565aea9b8fc48f8736711a850ed2fd01c47f
PublicTest_25538177.jpg,9b076e65d8361dcbe9c2e4e54dafd7552d4b8485d2dc6b756f8243098680b7e9
PublicTest_25539273.jpg,a608bc892e13e9309fbe5450acf0556468fa67ff2fb9bac6b522d01280808fe7
PublicTest_25544065.jpg,4107d98afd14f456f7d2ccd465dd4febe503531896f27681311d8f3c1a2c4c82
PublicTest_25592242.jpg,a97315f7056f3e3541389932ded5e5c09ac844ad60ea383ea70ce025522d97b2
PublicTest_25595566.jpg,8169c12c0f9367b23a3612c5643097394b5626eb86c16c4540811f7308494481
PublicTest_25598608.jpg,33ffae4a5d7cc6cd0a22546ff425b842dc81f8fbe81cc02d592c24a1a10a233b
PublicTest_25701502.jpg,2347f576ddadcbbb155efa00271251dc88235506ace310ebf8bf0f7495f67141
PublicTest_25718007.jpg,a4a7f2df1aa81cf68d8a3fde37783294dd332cfb17c099ca764d947e8436d47a
PublicTest_25722558.jpg,9b03c636461a1fd8c041097d992b6d28ca7237a74c570f51b3ed41eff39ce6a5
PublicTest_25744028.jpg,b9c83273e51839cb69562d95e691de6b993cc23f81635b7652e9d8d9445c80e3
PublicTest_25796473.jpg,a3388b59efb453416a4859c0dac3b31a336cb643b3f0f012b3144a0acb8b2992
PublicTest_25824648.jpg,26a196b800ffdab96bfcd69e6bd2504404287b70ef244dea7020dc2c524e8d27
PublicTest_25894490.jpg,8fcd787ab1a10c14e73a09baec3e3796757555d546938a9b6c969d96d59ae36a
PublicTest_25910909.jpg,b4dee87a2ec4d1d9d5e12131d63f5b8c51282b9027ebc2b3a3c24daf60d3dc5f
PublicTest_25980060.jpg,45a467c6ae97474bfe51161b08da70df9783cef3483f7c8e654a7a14537cfc36
PublicTest_25990562.jpg,3221ce46933fcf4a9ae5c7861469a1a92b21668ac6ac7725a50a2bee6a7dd4ed
PublicTest_26015636.jpg,8f876005d65357d62c784aa5a09cbe0420ba35171094528d5be396a7a2d67fb1
PublicTest_26039746.jpg,b0a7c334172c4e0435f6a91bec5a38f4c2ce116e258cd1d7abf7a26083944b16
PublicTest_26045537.jpg,58615b9d60a3c87925531f5a9993f3ad39f40f41fab66f7ec31f2b92ea8d22c4
PublicTest_26050607.jpg,8dcdf2ecb14ff6a932f935a4b5e71b3bd15874239063d3da1881f88068f5e499
PublicTest_26070763.jpg,24c43a8086b1ce0e52e440d0b224c43f952c564a744cef229c2220787a708fe8
PublicTest_26132018.jpg,a77c05dc4ae2ab3aa34142caa40cb4a5d604bb9a023949d8d4b7ee315447a702
PublicTest_26149578.jpg,bd3136c09fc35f10c6b3565ef30d1192a5989c713972e64fc44694862eec663d
PublicTest_2615422.jpg,f9d65f5d1ddd1dac44a24840c9553f32933cdccb8eee74dca35e148c6322fd9c
PublicTest_26204727.jpg,35b015e98d7b5d46bd9a1151ff6bde930ff3bbe5565dd9b5cba28c8d1957d416
PublicTest_26212146.jpg,fce14106893f1e9fbeaefe71c294cd10d0d41b6947b30d990961e3d24db72b8a
PublicTest_26235161.jpg,fa46718325eff37967628b8500a49f5c9f66f133aeac2554be9a179d1b85f68d
PublicTest_2627547.jpg,686ffd001fa0ca90b7297300cd7eee74b6d43deb239f3f88259921bdf3e322b5
PublicTest_26277427.jpg,8675ff481d36669f675072097b2668c1500e9ddafcb8c98a529636c5e55e41d4
PublicTest_26280063.jpg,b5609722c4bf21acae300af1c470ee6bb99fe06359fc181011daeaf070aadde3
PublicTest_26323914.jpg,31a8a4428b7807b89522e1a09524fe99697765780cb59c146c39f4f00c1ace94
PublicTest_26362776.jpg,a371e0c094b8eb7d5416fcd070d46b13c5dbdc514d791e31289a69759b80e780
PublicTest_26383670.jpg,03e3dfc708b4a8a7fddaf1bfeba54e8021ba563f902cdd9928bf88f9c66ca516
PublicTest_2639637.jpg,5ad6678719549c540d9a85d07e078b573b3c283c4d8bc1c300e017b537353619
PublicTest_26423926.jpg,c0756f2a8d61ff9a71e4de9d6b01102b66abd848913e7beb4aca75d0969cc9fe
PublicTest_26441514.jpg,b3b432da54baf04f2c5d17eac7d6cd304a3c0c9ba2e02aab2bc60c8f9c27acf1
PublicTest_26481065.jpg,c40a0482cf0c53ebd09c054c5eb8c2b079ce31a1619bccd333451b3083f75e90
PublicTest_26504705.jpg,831f192996243bac5590060fc3c40f1a888ff22a5e9f105e8878fbdacf732171
PublicTest_26506006.jpg,58da01991dfc3554af10db0a7c5b6834ea83c64af9893957512baace9fac87ff
PublicTest_265313.jpg,d9e92a0e012e1a09934216d1b990cf6994920698ba5f780f8634a4b928a63e97
PublicTest_26532100.jpg,a8f1da81319c426c181484139729b2564c0e747b4697b3acd86afdd93fafc4d6
PublicTest_26571135.jpg,df36e08a59d781e99bdd7849e29f72b75ce1b7a0b794ab29f45b697e78a9f0a6
PublicTest_2666482.jpg,e7ef23dbb82fdfc347a2b8978129fc0981c3b3e81d80357c403fa8efbc99019d
PublicTest_26667133.jpg,7cd4f928e2f8322f3180e7dcd90ab7d65ee320f4752858c567f524e87e2ca474
PublicTest_26755252.jpg,75e36b19a8858c5de3c9b91836ff19a12bc0565a42c1d74f92ab445d90fe0955
PublicTest_26760043.jpg,3adecbac8d81fbb91a330a02b229f2278281b7cd2f8d014acaf3d3c797624ad5
PublicTest_26800739.jpg,8fc312690446d6461de3282127175981e971d705df34ed9bf2ba4242391aea81
PublicTest_26892656.jpg,d6893e91a63c8fafb2e32e07e66c26b81281dfd91fb94f982a85d17382ea080d
PublicTest_26901.jpg,3781f00dad2c81ecc0cd94abfa6b9cef1dc4c6f4e6ca7a5fbca35de5ae00dd75
PublicTest_26965689.jpg,708d7b9707853cb92721311419da40d3ab4bff250c22ff7cccc001073d214d51
PublicTest_2697877.jpg,78a073375946085617d143cecf6870dd3d218942a3aee3022329a42dee1a4c5d
PublicTest_26979925.jpg,4cf366733f075782b785a90511291ee625a8ceb80e5a12e14749d92e963e795e
PublicTest_27009464.jpg,bba33d0a98b20c354e4d3a480f6f4ec9255f75ed0c28c840b7453d1236b4f467
PublicTest_27052118.jpg,1dd6f7f969924bf6541e4a696eacd219f97346a9fa6d912673bb7aa46833bfe1
PublicTest_27103431.jpg,c07de900761a74cb802f962890af7a208f50028c6366f7be95b4dce77514ddf9
PublicTest_27142487.jpg,3e757e9a2515567d2394987680404de1617094a8f9e3c724e83a095933a6702f
PublicTest_27177058.jpg,1109d3ccc53edd1bec0bbe5cd11c70705784a21a9c82de6abe14323ef8336faa
PublicTest_27220144.jpg,0abe5c6271f4e43a0bb496eaa43fb5f7de6c29512daea5dfcaddb9254ccdcc84
PublicTest_27225920.jpg,8470d131753214c1610cf7ced5dee16a0b061303eed605c0fba132d2e9a5fafb
PublicTest_27236898.jpg,ff5f4871a8b59db143741462bb29204dd0e35d2d87f6ac33b36cf1a7ab29500f
PublicTest_2725530.jpg,fbca7eb5c7c1323e4f7135ad1a7a9abb1ce737e482ff2aef2f2dba322e6a501a
PublicTest_27272456.jpg,099c7ce0f32f8677939405c9e2848f480233bf166fbc6404c18d5893cbabfd9c
PublicTest_2729310.jpg,783a8ed0af8fd15fb0e5e7441a05842f5d5c131d8fc846d19d4ca7956c670b01
PublicTest_27302872.jpg,7679f876505b374b234743b85d0551a860bcd72cb29b40d368e8a48662e0f915
PublicTest_27318961.jpg,c3cc0948cb74be1a8815b0fcec5955e90feab973b504e639a05773b30b469cf2
PublicTest_27364438.jpg,6c9828e0a05320b1a24432432ab3b69ad74b2a11a6f4fbda0ac49a2ef859fa2a
PublicTest_27405208.jpg,a1b8a8246e733a161252fd5c1959476a82f49e58c1c9590ced650f0c0b84fb31
PublicTest_27472256.jpg,dfd526883531f3eda5e6803983057cd6d5b6992ae010f610dcd22541b39798ed
PublicTest_27506364.jpg,b78c28294896546bf482017c6e399d6a9120bf55cb7f286274116ce58b55b1ba
PublicTest_27524139.jpg,2746d8eaa54080d64960994dace9bd399f7e94672ae096a5d9f00ac249346103
PublicTest_27542435.jpg,dc2883c2db4fcbc1f0957a73bd8c95475972a87d9ef0de32359a1a2dbc6f7e43
PublicTest_27550898.jpg,4831dc0f2051ae4a0447f36f6b271336ad93e3e41356f47ff53201ff8a4bbe86
PublicTest_27553200.jpg,c10dd86b4045b8b1e69c5044de48078283e2bd4fc6c907701cdb7f824acf61c0
PublicTest_27560971.jpg,94aaec83fc72b64af178a6e1b03a8a7f4446a40d3b0758443f5431877d4097b1
PublicTest_27569127.jpg,ce2cab35f4ed18aa895ac9dff62651bb512c6f5f46198aeb272a372004c9b689
PublicTest_27625077.jpg,d49d7b2bd2594eec7aa3b70734d4c6ac21ac9291ae079a5bfe1d388482edbab8
PublicTest_27662575.jpg,a6fb5d567b6e145a7077c46a86bd90b5bf40268207c68a0cf2f9aeed1742082d
PublicTest_27752387.jpg,acb3edcea3f275fb4a1c87318f4e255a1adeb55e2e9bda220351127f2eb58889
PublicTest_2775909.jpg,74fd2c054b23d1a63ce9d5f70ad8319d9d363294cc96e1e1ef95806481a944eb
PublicTest_27793599.jpg,2109addd07f637a8b56dbe06ced7fd0afdefb5969a5549a60d768f04c40b11cd
PublicTest_27864303.jpg,92d4bd3a9a14028f23c90eac95e71a4245a3d054d3401bfce9dada3f17745316
PublicTest_27885302.jpg,e5ee27d312fb2786ba2cb69568139aa6878057a3d5c0e726fdee29197c438a80
PublicTest_2790951.jpg,71e5da935fc0efb98b608fbbe9abf687cb5510173d234b9fa35d3e8855198afd
PublicTest_27915686.jpg,c0d5f7ff2825cb15a1d58a82ddb8582384126aeb64da1580c3738ff5047c021e
PublicTest_27916929.jpg,39b706ce3ccebd81eeb1542d110f139a507ecfdfba9e5af536e8a97d4f63458d
PublicTest_2792371.jpg,47a48d060ffbf5c7ee2c7dcea175fb1d746deac6541b6b04db122b52bbaa5b36
PublicTest_27969637.jpg,f9b10210774168a3deb0128b76e34175db26c42ac8a706b00ba5132ea3c9e0ed
PublicTest_28002550.jpg,86833b40209841560dfe16a8682f5d1bef54311bf7d3fc3aae4768e1c5242243
PublicTest_28041929.jpg,0204590928164dd9229ea1d7fc931a10b97ece2ab4c76d52bfb056fe9f97be54
PublicTest_28052854.jpg,caad4de9f8b157fbf2d9025a5e679ddab0520b9abaa080836120b112028d6e47
PublicTest_28086839.jpg,a307fcadeefcd602beccd7af208c098a49bd5ac8054b61bc661ef38697fdb658
PublicTest_2808905.jpg,fd181792ea9123bc726a83141d87a64988be469d7fb63f14fba551806d181c44
PublicTest_28123281.jpg,b63d54dd809f8f61fac85e51a996d9026cffaedc16fd7ee708cf9f4b516b15ea
PublicTest_28144831.jpg,dcd887c4837cc48f173d0b28b80e4afb1fd814c16e12c7315c119a96b3c4b05c
PublicTest_28215339.jpg,4443e073673effc5de7b2cd3b23213ceb789267d2a0c799c29306d5498b96503
PublicTest_28227092.jpg,74f310410e60c313880d3ab772ba9e472935180898ed6139aa48f381c6e02298
PublicTest_28247215.jpg,a9260e2afbbc285e7a7933ded10949f5d6a8e8d0c39db4220b71863f1adb942e
PublicTest_28247750.jpg,61775a02d65c6ad9f8833df99267024b2c2bb0806791d438737657e780902e48
PublicTest_28257424.jpg,59bcc06e4afee24d042f22e06e646974cc782d0162f68dd4c40b029f2e487a2c
PublicTest_28328252.jpg,2a86eee9c0ec0c3f5a772a5caaee4edd8f83813ef12b3aefe0c51fea85cb1b75
PublicTest_28336133.jpg,7bb0497e7df5bd05f0c2a4c56e89fb5cc8c70a4143149e3f8b8476683af11fa2
PublicTest_28340669.jpg,48ae0771acc8bd40609650e8bbcafb29ef27cde9d20c23b50696ea53a394ab8d
PublicTest_28361451.jpg,e7fcc72d93e91b9b75c9a0ad65bde9628f388d45b6d848b51b82c609c8b67382
PublicTest_28380934.jpg,86e3756644b18e1c2011e315586f58e11a33299007b0b4329cb29e2312cb2405
PublicTest_28388726.jpg,ddda791a6742c41dc2b95234610d98a8bb78b07abddd6b03d4fe22663947958f
PublicTest_28415725.jpg,a00e93363c7b380a6e2898d4c8257bf0ea3f9f6bb5753e580248ad9e620d50ed
PublicTest_28434609.jpg,812b773569501154d6a728a7f326392538be2f6941b08c4579bac685f084562e
PublicTest_28485599.jpg,fc4eefea365e964bfffab0caa3b3073573b574a1577c74f77dade3d689947eb6
PublicTest_28516575.jpg,6a479204536eac53b0348cd87bd83e0a3450576506e66d9c1c258d4c75c06dac
PublicTest_28520544.jpg,f5ab89df65283c627d52ccb96c6c4281408e36d8333c79f4821aafad5363a2fb
PublicTest_28548894.jpg,b2a49e745060d5ff24d17afba25db64cef2dd4aa9d05618560884ee5681349ba
PublicTest_2855387.jpg,03b7a47e863ac45d57cbac9310e9f2415e804de839f00167a3b95cc54b102e65
PublicTest_28572682.jpg,b7f2453c1dbb234e29fe0e98f9024ea4e747874922a5ef490953b428393b910f
PublicTest_28585807.jpg,bdeefa906e2ef9c1ade5b1308c2538b0af5e5bbb070d6d54f1f98cb38179d580
PublicTest_28587428.jpg,9ddc9491bb49de678870083cb8b155e0c25681a737cab6bf8720f3420255b710
PublicTest_28591237.jpg,1e26a6bd2283131f39f8c44d7169019497c934509e3cdf9d335ecbc1855f9d29
PublicTest_28601756.jpg,74ed7e06150120f799bf2b1c6e154466221e940691e917afb4e0ba15466f5744
PublicTest_28610462.jpg,c11a4543df8f74fceae1b40d6b68c95e52ce0ec446ceb5b5d0d2ba91f9e41f5e
PublicTest_28628397.jpg,e286b15112e4c2fd630bcb13423af301d25142a9c81d5c5c0bc6d41893a2ce42
PublicTest_28647115.jpg,5d066d6f53733b9f19857aeadc128db64b8462f606749cb4f1c2881f2fd89350
PublicTest_28691129.jpg,0fde0788b08d6f30261a4e117e14fb69cb65838373c7af3b52342bab9be2db2c
PublicTest_28707949.jpg,b6c477272ef17d6cade11bfd3d46437fc38b0b33b74da64e5e39e25ec476d5e6
PublicTest_28786878.jpg,f7efaf1fd11be6335c635cf7e47d36ec0fc67b6ae3c15baf58acbf53f3180440
PublicTest_28843796.jpg,dc5186d62254f0d6d7702ddd9ca45aa6b836224f30a04b9cff3a5c7f4eee0287
PublicTest_28848037.jpg,876d11787ab3459813b23709d225ac05fd805a2c914c53fea97546011f17f1a9
PublicTest_28848742.jpg,8b27eff8ebf7f34793d9f84ce618e31e11ca6e6687dfefac165f887e057d291c
PublicTest_28861626.jpg,38056aa4e4433b9420b4bc0abcdc5d47d20f363495ff963cfedf87363fa65202
PublicTest_28963544.jpg,a1d3964c933523f103a86e11227ec0234531093584d6cedf9a8ff96db0c1211b
PublicTest_29065605.jpg,0b83c67d3811b4051c481cae0dc305653a44faec15938e992ccb1385ef7353e6
PublicTest_2906783.jpg,c871d1ec3f1769ce29406b7504d1fef9cd274ab4c9b30388936bb52d1aba96f1
PublicTest_29091719.jpg,88fc34671173ce20cd891e4bf7056e08e743cfb3c61754db498a10756a6a3f97
PublicTest_29103816.jpg,088b674afa4d02331050b35b1db913dadcf5e21106da99b4d98207bfaf8f8cb1
PublicTest_2910538.jpg,1765e3c4a2ac1672b14bbca31c14ca51fb55f53728ad5c1bcb0e767b38873bfc
PublicTest_29131785.jpg,ae84194f5b09267530c6c00ac6afb367d904e8b8759984e6bf7c692c74990e82
PublicTest_29140052.jpg,c8bb8c6fb99355497066cffa09cea268df315735b9826a1f7d7e098c336b36c2
PublicTest_29203341.jpg,ef4bb9a10fce89e9fc7c35ee5b37bc460e92225a1c1dafe0d5fa568928a9726d
PublicTest_29219156.jpg,2ebd940fe34632e7b8a982be821d97a7503835c9cd6b5349a04fb79d2f264c1e
PublicTest_29220579.jpg,a90259e5423522453ac14ece7f426070a1c34e47a5e38dffb1fd35cf50ddb393
PublicTest_29260214.jpg,20696e1148b482cc6df5e7bd0f92ddcf236221acb373c30a0550eabc478b2a81
PublicTest_29262077.jpg,a5be43aa1062ab541af8a5e2a450af114956028ae696d0d1ab3918b656546192
PublicTest_29284838.jpg,6e0cf829fa2fa0acdafb483ea2eef7bf6f8ef4bb2cf36290e63632e8c4e317cd
PublicTest_29286867.jpg,e4b5e13e3141ace9ffbd44293a883b516f15b64e875dd6e9f45238ca3abd5bb6
PublicTest_29302752.jpg,0923fb773a1a59ec5ba85740d65a5e0114ce2a76afabb59dbed4a88484d44c3a
PublicTest_29353330.jpg,d9941c24289f94f8208a07e6fcbb567e7ed81164f00f552df7ed75c7d6dd0745
PublicTest_29391129.jpg,2a2398facddfaf180181815d9ef040214d88007e223fe64f26b46e638fb22075
PublicTest_29394930.jpg,87049b24fb436b87b6c2e9b74b7a13d8a51606045756af199637df6049e2addd
PublicTest_29450477.jpg,5b01611354c923bdb3715702cce776073587143382ecde94cbd19f543da22f2b
PublicTest_29472726.jpg,49e65d8cbde7e4628938b50bf83c226cc0a48c5159ce2f351447878ff201c8c2
PublicTest_29475577.jpg,9acd633470275d0e4564bf658a0d4b618334b93013b23a029a5d61508ca95e05
PublicTest_29492318.jpg,f500958ec85db1bb9481eb6314cc316e316fc42d579cd4c0407c7fca1af9c5a1
PublicTest_29510480.jpg,feacc651dade8e73d16adab4dc4fdbbf1e1aeb7012c50779a89c357c455736ce
PublicTest_29510675.jpg,3548eb7be72bf424fd6ad2848baaa95a9d559b15e6bbb0045f11b9b8dc6deffc
PublicTest_29531738.jpg,0b8498073cbbf0b185b55a9e336a98030a794b15c6936d56709374381deb48aa
PublicTest_29569925.jpg,c18900c911117dc83c24cfbb830286f3372ecd29249420f5a2df8ef0c5ed8c49
PublicTest_29578299.jpg,4223d7ad678a7e2ce2898f007aab4da43d0e7bf7c5c5ede8d67a5179ce578fb9
PublicTest_29583734.jpg,f9a74aad0a065600f5abc88e91d4ae0e48d9ea83a212167019e004c52ec5a2ef
PublicTest_29589397.jpg,fb50d975595236d7b8bdec8c959a5004d96453a3e3768fb5c9262395c14ccabf
PublicTest_29642839.jpg,7675bc33dd6a726e2503a625c93b962232bcb128f43a7c14a3a27f5ab27dfc0b
PublicTest_29660027.jpg,c5aa2a7c03c20f7dd9a793ae554c7c46e29294eca4d7b71c2b6900ebf25daf30
PublicTest_29663397.jpg,41fd9a5289ab373c53984ea9b5de4e975a5c33902d74a731bd734783b8774027
PublicTest_29700651.jpg,33ec4f025ef96b7813ff937a9e53d3025633dbce5b83c32043a3b2d4041f86bf
PublicTest_29714936.jpg,84456f38760795c8e85135b7e26242180aaf6fb84bbf2ac4f1b99f7f0d29079d
PublicTest_29723076.jpg,fe06c4c38f95a080773b3b9f3925be2efd357c37d9a027ed2eb7c0fb6b3fedfe
PublicTest_29733316.jpg,435dfb54d281d0eb491293f408bbb392502c9ecf5031af93d71124b53a349a69
PublicTest_29737159.jpg,cc4ce58f1cf8300625c41ef35a13ef9612a37b060dacd575b319594eea6eaba4
PublicTest_29746792.jpg,3ea859e08f5571996c158d6ef93ad7ade32381d644704937c946f8098e668091
PublicTest_29754793.jpg,c635d40b9a1622be431a4804c71e8d56b89e8dca41fe7c67b10dd61f1afa5a0e
PublicTest_29780168.jpg,1edcd774bff8e4891d7dbc8b8d3d1500b86b7699f9b397f318eac0d49c04c67d
PublicTest_29822400.jpg,d83ab3db69d15bbdfeaf6665fcdf278da699b93dcb8566f58183bdd509e791db
PublicTest_29832450.jpg,3e2974777f9898e92aa900f291fb0e6028c34c45f4be024fd4229907c78f3e7f
PublicTest_29858208.jpg,b282bde9fb0998da6b9cb6893732118d754f8c1576826ad9750a29b0a1af276d
PublicTest_29869981.jpg,1f64b22bce75370a4be6a27514869fd1dd5590afa0e88462321d9e48eb37a2ba
PublicTest_29922615.jpg,7bf4c8dfd22ad81c414cb72ea9d3fe21158c2d9e2d2b5e412850b18659b6b3ba
PublicTest_29922866.jpg,8315eb9d5eaf04bde1c7aa3c10b5974b4b581a2931aa89d01fb4d058c06d6a10
PublicTest_29994513.jpg,bff2473bc36af65b50de719d27b45937fd3c25d508c388976f05841dfbbfbcfc
PublicTest_30005286.jpg,e70e2e6d863b4f80882dbac5f53a566d6f8fa361960079a33765ce5e3767894f
PublicTest_30017789.jpg,e0a490d051dd7544eb1c7dbb7ada524bf01c7f551943c357265e3e2e5c9a9d83
PublicTest_30043768.jpg,c18ba200aa7d0ff0962b6c6e465610637c50eb3f4bd0b277ba4407f99a6faddd
PublicTest_30068238.jpg,1b5830fe7d31fa29e8d8099c4ae436975a5b3b49e8aa8f4b8dd0d5a3cd6b3e51
PublicTest_3007417.jpg,457b70db3a4c4a6fe25d742f4602618a2205ac4a96107f9680a3e6a9e987e9df
PublicTest_30099109.jpg,3d197c0a6a184c5ce569601c941b54e876dd6bd2c01037b6dd95cc3d1f99e1a0
PublicTest_30113586.jpg,2a5e5642a371467628633fc1c97334ab85cd57b1ffb463b457b244c68bab2bfd
PublicTest_3012169.jpg,78f9dc04e256362884b748cb5685c04638112721ddb7aaa82e740e91538cabfe
PublicTest_30139396.jpg,e352faec7447c3ecee30b40fb2ab42d25aed1d3097ce0a2959d28e21efc03409
PublicTest_30156147.jpg,9808b68ef2bf12e88b6f7dc4f53698a07982add0a3368f6a35bf9459b7dfaa87
PublicTest_30164595.jpg,baa9e911a9756c79ca0d38a26d6a7a6448248c49c927449191a6739c8f362a35
PublicTest_30185681.jpg,6ed31ab3634930787073c9268a296d5a91cfd08c8e011fd902d1a5d3a8788825
PublicTest_30197896.jpg,98f2fd45ee307d54ddd20fd3716f28f4421dedb9942df54669fb780e92bf17e7
PublicTest_30202464.jpg,bb348e725e7354d91a68508e4f4bd30c727da9eca0e82bace8c03ed7f348f366
PublicTest_30244131.jpg,cdb5a2eab6f1ba9f73139d3a6ac0c96ffea9a1a3c6c34e7fc2ea657c1caeb10e
PublicTest_30247797.jpg,cd5f106c3e23475ece305dea9644d476b3f0ddd8082bc789e67d334c401ed4c9
PublicTest_30251925.jpg,bb3761a417825278210935d239f775ac0507ad9cbb391fe253f9cfb5d7e8e498
PublicTest_30327569.jpg,25c93ff2c8cb5615030cd2a41e4893dcd08efafdf697aa0f029c8938d68e27e3
PublicTest_30360811.jpg,b1b15b5a04c66fc8060bd01e555c4450a7a47a4513dcbb0b33167bfdac1abf10
PublicTest_30375920.jpg,1fd8ad349766b08e9e8554763ddb6eb8fb74426888b2e31ef24133091543cda8
PublicTest_3039573.jpg,6a604b7ba41398856b33f415632b37568b24df8bd5216574ff494810dbb906a2
PublicTest_30399028.jpg,b6242dedd83c6bcf60ce5f500ef545cc19da780d8fc89fc7bc5aa78e0a7aa2f2
PublicTest_30400469.jpg,421af446ba5194a8f0d5d5fe6de2a685981edcc4967f935d2e65af590858507f
PublicTest_30462460.jpg,b178b558bd0f6c0879274c04aed7d3c11570c206cc520174785c046006ab51c4
PublicTest_30513151.jpg,fa2fe0ecaefae9cbe81d2566671b5d787bca4209c8e637721a6224e86d54a92a
PublicTest_30543773.jpg,8bbba41c9c3244344c0b39d04043133a3238743e6cd7e002cf24a58067d79c61
PublicTest_30579707.jpg,097991c9733255836abdbc04ef8610bac2e43f4694801ed18343f4526d0dceca
PublicTest_30637212.jpg,68f0a78d29547e428ca8854a3b80127d6400bdd1ff126aa4338f9f36c3611768
PublicTest_30717459.jpg,6cde9dc27067019d9708da0f5eeb9df8041f67685d9c8d27704257038443ae9b
PublicTest_30717850.jpg,5c13923657d942c4b4da16410f201d858c4ee0de87849aa3d35e3f03d5062b44
PublicTest_30767380.jpg,455c8326d1657805ea08a187ae3a98c2d7613189e6668b748198c4a6d7f42036
PublicTest_30799574.jpg,bbf8cc844b375353fc2f9cf427761bce20ca6717b9b8e9367b63d32c00c3755c
PublicTest_3086594.jpg,06c7f3ee867dc6af5cdbf6722822ab2265c66204c49b9365b4a9d1ad021e1b7b
PublicTest_30869042.jpg,afa66c72938b0d894778a277b6eed4da0a9d16d756abdf64b7682a7059d0aa36
PublicTest_30887285.jpg,fbad5091c615e6fffa4b4238e6f5cf8e6fa1779c01b3fa653890b16e2b38d9b5
PublicTest_30962240.jpg,ea0d554536d94ac82ec2af6b6a6bbb8f7a6f56780a0392046357a44a0a1aa22f
PublicTest_30975522.jpg,1dee0bcb80a8bae2fa7b6470d19dffc1661321ddca69f0ae9d295e6aa2ce179c
PublicTest_30987122.jpg,0f2389728b7d456f5b48903964da97fad3a2a19b4d752978a0b60703b4006943
PublicTest_30997651.jpg,83d2c02c0360e86462e85dc888ad97159079538a21bc1cf533e7fb256aa62270
PublicTest_31004145.jpg,bff425a459caeebd12c3a659c2abb3444e091f39ed51c4f624f675270cf7de67
PublicTest_3101855.jpg,81979fcc1599fef8d4defa7715ec998b0b448d76e42022610ff002f2469345f3
PublicTest_31058193.jpg,d9a925d1b47dcf5e4974dd1eda8019772158f7714e6e3a8b3a432413655d7fa2
PublicTest_31171869.jpg,b17e03bf794d51fecb3f40ba715d8a679797a6a4d498b27e14275f9e2ac2f558
PublicTest_31237465.jpg,ec4029bd74a3f55319eb5b80bfe2240cdeeb6be025e5eb4dd851b982e2d2a20d
PublicTest_31246071.jpg,3dad16d3766f1d69e121cf8a5224369388d2dc4199a472c3ba36d12dd2a0ea3e
PublicTest_31247292.jpg,f592ae99754a495b48221c3ac26deb3be7748534ac9b5b07391a0e9cce0399a1
PublicTest_31261199.jpg,0856688ae0c63d7db1c0a1068e7a7e7b2667bd15d9f953a74d90e6c6e297355c
PublicTest_31266486.jpg,a5e831c785c3c0b6c21c9a4467d2f0358975f009a6abf6c3c858ad9463be8075
PublicTest_3129291.jpg,bf32527796e1af863948ee31b64f43ec9aff45058d15473cf9eb52be78c0b7ee
PublicTest_3136229.jpg,3edd9a2fc7f0b2d0eff21b592c0139044952d25861f64a61d77de3efe6400159
PublicTest_31362351.jpg,5bf7d2c1c354792d78c17d7e2399797d15f67757269005fb15c090b4334650a2
PublicTest_31362928.jpg,5b707d765214f104d5d9db42547c7af7a79d6dd0a82638bb94d083b4885a0c89
PublicTest_31388152.jpg,f0bdf72a3dbf8ed9b11c48d0fd2e3a5483430c337e444918f9a69ca8e26181e9
PublicTest_31399969.jpg,af35a64e0436e1761fecdb3ad6e0175128de89aabe048b999104362d12fe925d
PublicTest_3140321.jpg,3825902f387a39a20748b21eb889253421fa8843be4a631a8eda8eca255f5f90
PublicTest_31501222.jpg,38d5f049de38903c303a9661444fc6e4a0be72ed79dbe9963c65aac4d0bee76f
PublicTest_31512315.jpg,de2891768fb60f9263805d96decdac184a86a1fe32be1811886fe86d218b6eaa
PublicTest_31517868.jpg,be02f00d7804e509627aff83ba65337dbca919c76255082c67f04284215e6f75
PublicTest_31519893.jpg,7fe0789d1afc10da59729dee0e66b477b3c90160fcbfede57a2577e590ad0cc8
PublicTest_31534814.jpg,ce6e1fc3ffea27789d092bfebce66d3c3feddb161816727e69615e5c48e49f26
PublicTest_3153715.jpg,c64ed572bc03126be10c10b38ccbca6e39eb6650b02fdcd84d290567063b5b74
PublicTest_31572261.jpg,d70929ec5579530e818e37635cbaedce9123e7d09304b018e37ad14b96631f7b
PublicTest_31588880.jpg,78d1a2286c9440f87d1c16e02cfde7358c4e271afa68a53d178a5b22686412e8
PublicTest_31605221.jpg,5e70219971b0159a42156a15da0270c718d4e74332e6e6d1d55affb429b0a0af
PublicTest_3168890.jpg,f55cd5166da63b1f4befa260058a6b02d884014a0694470f62be8938b75ec070
PublicTest_31705635.jpg,eef03aa30d3a4633254ab59a54d7814668fb8aa99bb8de3e2564f490b5fd91fc
PublicTest_31756938.jpg,16934debfc5305c155722d21ec3cd2615136cb68ee1b925a010b629265ac2294
PublicTest_31787410.jpg,13e58e38b14e8a05351c3d3ed19a2195f9ae45408d57f3179359d662035741ae
PublicTest_3179259.jpg,71e1ef8686a65a2c6880e38e06def5df6c2038ff4d5e10dec02bec9cdc78b605
PublicTest_31832565.jpg,89e2ecc56c137ca7ceff8aa13d2bf50c10af9a77e3e86aeff6c2a7a1e85e1cc5
PublicTest_31832699.jpg,238c8e27c408101f46df5b7a0c7e68d5770c21ea7c1c5581bd43d05692260a3f
PublicTest_31868973.jpg,06021f248b2458e64edc139083d2a323f781b55ce1522ee106f0fb59905dd7b9
PublicTest_31882260.jpg,f87addd5b409b2b07ff0f07d83b4eaf7630f91c8a47d6f749ef0fadf4b0ea5e5
PublicTest_31896598.jpg,d271b3e16e0fc6c20bc25f16da1e5e92c47d5a5fe29587e871d2c462eb16618b
PublicTest_31930531.jpg,ae1feb6801f64a2e406433b27e489c3aa26eb4ac8a4e2179023095d84a223f99
PublicTest_31947340.jpg,0ebf61125f47a2024e0c4e4e86cbee3d5eba14d12adaa00bf7030911cc15f892
PublicTest_31961008.jpg,03738d1793b198e9f48783239bff51435d52f659860c2c4cfd2c79602e575f79
PublicTest_31991576.jpg,e5a667de87bd629607179d71f7667976cf0d1eeae8c8f9c0e9730de3517721fc
PublicTest_32023453.jpg,e8866f5b24011ef61c2dd17fa6fd58456e5829f96071b4df59b9f5b20d98d111
PublicTest_32045.jpg,10bdb516540d08f1b14c3e7fb6884fea7e030ef22ffe966f2b2220e0996b665f
PublicTest_32055462.jpg,d7852834a181f2dda96f7c3c73cb97c9907a36668443d387a6d384e1e3639005
PublicTest_3206770.jpg,b32aa9c37ba2db1a59dee33c2ca545ee5297b36e4d3c335a67543a9b88c579d6
PublicTest_32121334.jpg,cfd0e44e62e03304a76d2382ecbe6cb370e0c2d5d4679f4d803938a3c741ae27
PublicTest_32156077.jpg,42a17c7b4b30e1d6e4b6260e212225c5ea39fa40b8dec9bd665b909a25f86ec5
PublicTest_3218764.jpg,0b9a31d768a52e6c7878d6a1291405b7e508c3dfc43c7ac43a5c4755065d2f68
PublicTest_32318525.jpg,1a710aa3271aebce31572fc1d0bf9b726f2cbabc3385ea62eddb6e39b813d91a
PublicTest_32322308.jpg,5e53f2048bf55eebf2aaff464a3fc8da9682e74ba22e5390aaf2654741c19be7
PublicTest_32407283.jpg,9f82c27d57ce8fdbf9510c3c829d2e06c8dbd9a72e915180ea71f521388b551f
PublicTest_32429079.jpg,8ca4115258ef5333d2c2bc5a4981720ae18ab881610ae1a6f8948717be629721
PublicTest_32544065.jpg,9c6c42b1bb4a831cb32fc8b50d70a98c2096bb78fcc34095c28c527a695e4723
PublicTest_32550046.jpg,0e9ddbd53e7d388e8fd758f70451b07550dedf95df0ea8c8d2658aea697ace50
PublicTest_32575449.jpg,ff491995d7108514d7791002d3a9af4227197f3f7d5c21d9c98a17cb5581f348
PublicTest_32644585.jpg,f1213af70b432386177d66b14c939006873fe6802de2a39b44e5817db5c0461c
PublicTest_32658045.jpg,2820f6c7edf550be8cfbcfa737a838097943d7bd39f70e799c5213e551d153e3
PublicTest_32703921.jpg,992a0de45143ccb12c5259622a677276d8979bdb52a28def61bf1e1832aadde7
PublicTest_32720867.jpg,b2633ad14a9ca6de89a26bfec316819ef478de69623d6901c512a8fc272cb156
PublicTest_32730155.jpg,e829982b5b975a8d96dd0e512e61e577e2d1c06184125e3166a205cb9336da2e
PublicTest_32792872.jpg,8565515d8d3ce84e0025d6f8856407af680d86babe37e110ffe43816984f3833
PublicTest_32829892.jpg,6f98aed60f78a0d1138705c5ea87a3b25851cef1c4f75a3c6f9edc36f35b017c
PublicTest_32839417.jpg,af9d5f70f9623b15fb9fc5ee84ee8d48f842c29d190da2009b8b02256d8a13dc
PublicTest_32851310.jpg,f721a8119dad5edaeef0191c549e36402a2abc054b1ccdecf4f8c1d4e9cf2b8f
PublicTest_32862356.jpg,d261902bad91b80310610293b4b99eed42d7f7fc8cf1aad5fc8230c4ad321834
PublicTest_3286786.jpg,39b38460d6a5d7ec5d71e37d3f1048230b90a0b9a45d9f6adbf5dc620858e024
PublicTest_32884045.jpg,83be0b08aacd87c992270411387646255e22590c1e20e2c19e0cb0eddddf1a53
PublicTest_32923630.jpg,ab735e74b597bd730c4e59200b07e9534562b05099980363f2bb5117135a12e0
PublicTest_32960343.jpg,c6a5570ea0b5a0aa9af75f3f6aee3134f407c9b955db3189249c460360ed64cd
PublicTest_3299093.jpg,7ea38fa9a54c8db9bbd6096b6bc5dd60f9fe74e7fa19d0c8ae88f5fe0e451d26
PublicTest_33008529.jpg,a51940223dd5fb2eaaba140de9a2bb4a4d01682f76560a595de6bbadccd38307
PublicTest_33025709.jpg,98a7857dfb44742759a7c7b52cb8128a4ebddd7289a4db498cae78b9770a8bb0
PublicTest_33049665.jpg,617ed7aacda595b0002ec9d84e8051ced642a6c1b690bbe8b95ba68cda31a7cc
PublicTest_33060882.jpg,8607b4ab40189d7b4f87b32800bedebc7cc24f4b34ff46d02989b71f2a4feda8
PublicTest_33096127.jpg,347d5b76f186a2e490d2e6f236e468a49701c2d97c315414f9f5eb7cc7e3677f
PublicTest_33104445.jpg,d2590f2ed072d57cf65f3866009ad167f85b9e259bcb126a189b0fafddc10762
PublicTest_33151772.jpg,560cd248f29f900dfb623b8a16d0e6b2fbefd3fcb2c10721ea7a3c86840ec267
PublicTest_33230360.jpg,909ecf518076ac0289b6d22ce4c86f6e47a2700aa2f74eced053b3b4df038239
PublicTest_33237183.jpg,e3fc1eafb9f7f491bbc408ae520f6c6cf51404681c84b25f6a932413a7b8805f
PublicTest_33254956.jpg,eb15c10d8b685a408d9de589c50ac0730cb5e386fc7e264eb9d3ab0fc6acfcc4
PublicTest_33256402.jpg,1f59d67138b4bdefbcc252039faf519f396493cee5fa390836ef915fe5f4d7f6
PublicTest_33267203.jpg,ffe3f698ba88da6fec07d02165ec4342d5a664cb13ace646e0098a3c7a741eda
PublicTest_33284059.jpg,020234acf532b9b4077a67a09442521bd60dc834405e37bd8b9e13278fe707e7
PublicTest_33298870.jpg,078a719f8315ca8b8777d9ee16293ef08a772122d360f780050ff1e3f75584a2
PublicTest_33324770.jpg,34b35dc213b907eefe8dadd64b3782590e9abdf02041e484305d5f27f4289af0
PublicTest_33340944.jpg,c2ba04125ff49615882f6d9d208baed88002cec1a614d6102050a6d0d2910025
PublicTest_33361245.jpg,b69528a55da7b9327c7c37fc1c05122f20f520d95c075b94cc370baaf75b3d27
PublicTest_33419198.jpg,b69e02caed3cfe53da6d9e995f3b8390676a1dcf7c0a2f11017cb4449a6f6240
PublicTest_3344932.jpg,bb6a9f8f03c9be991fe4205a35c7954b8fdd65b71217bd87ece82831d3e542d5
PublicTest_335516.jpg,e095af84f8b16599841d79ecb6f7d01ba07cbacb2d093f842e54c519d5272201
PublicTest_33602850.jpg,b3a9c89ad32923cb4d8301a15bd1dea76614f2084873b91111900d5a6df876b5
PublicTest_33620072.jpg,fa53271e30271c70a127b98b77e2a1ab7968baf58cc96e1b95eb9068ce5f9cf1
PublicTest_33629438.jpg,31d1ce8019d2f6608a2f45711dc135290257f180449b954c943c94e0d81f4ae1
PublicTest_33630556.jpg,5351951877260bd77eaafe189a46635e94ab185d99b32ac691de1880588cd47d
PublicTest_33635814.jpg,6490c8ac44a5f6634e9beec7a12091edb8f24e2bf0e13cf160d57343d53a2166
PublicTest_33726932.jpg,99741a4a6d49eed9b35dbe16f91011a6233b99577423938641d69131a2279574
PublicTest_33738386.jpg,5a3c28b9e6bcab09d1beebcf20eda689eb9a9386a5cf7ca8c860f6f980bf0eff
PublicTest_33783161.jpg,e9eb909421c01028ec7e8895cf3aeacc0f5100518e1eb888dcb6268b8eb13f11
PublicTest_3392243.jpg,b160bf628ab8527912bfa2446d64b5ea6a63910bb475602a4a2a49b6081046d7
PublicTest_33939155.jpg,f11463039d580a6fe2b53bc71543cab26c869a7ad6a696679158a6774f3e4162
PublicTest_33942757.jpg,e76ee2f968a33a24130a8420377c690645ab9efc9e0f62ded535076c245271e5
PublicTest_33947662.jpg,66f4dd17b0697e3289b7b50989d99d0b1f7ddefaf62682ccd427ba36ab9d4c74
PublicTest_3397116.jpg,8a22a2db2b582047a17a1539d7a7679f485f44c68c065e383b63f56b2560ca2a
PublicTest_34002131.jpg,cc70c695d63cfae33deb45c36a6a57fa25b96a0e17778be342270ebd7c9e7192
PublicTest_34028245.jpg,7ebced0ae7551162a79e42bfb97cb0804814507170652f2f7b8be07c88e7777a
PublicTest_34029739.jpg,c1b5b59f5b7f6c49f276c3be83982dd8768fa0485da43b3b47e332cbf7d48592
PublicTest_34052482.jpg,99935f69b3b1e172e8674e4fcd55d5df1e41d058c434a485f9f7320e858cc9b6
PublicTest_34124403.jpg,17646cea9ec76493cb6072035991810c9c80e610d7f87cf7a6e42890e269c0e4
PublicTest_34157941.jpg,7951d56f4a7df4d95c4370eff60fee8c4078b8ffba8d3458f36aba40b27888ce
PublicTest_34166920.jpg,1e1a206e593adfac629ff124fb7759151b3b4b4b99ef0c3bbdaedb0d0ea624d8
PublicTest_34182409.jpg,9808731b88bc873b2ab45ba575d75528653f57d9dd6ac8e9394a13952e1d8931
PublicTest_34206950.jpg,90e1be12f8c9b5cac4c3358572ea64d00086a33a35b7b595f9908cd5153561ab
PublicTest_34231050.jpg,8971d136e540e780b81e7cade1e9e9e0133c502e923507f3e29d2eb5eafe6399
PublicTest_34288814.jpg,71f8573ab095b9aa6459941b5e5628d92af812cccd75553c685c5c07a60f4231
PublicTest_34334611.jpg,0d9463be4d70c73da1d9c59b494e09caafccfe84637aaf27570146e4751a75c7
PublicTest_34345576.jpg,c0ad6275ef30e249c7bcd7e05d32915a1053873a9a511cf9baba02ddc2356b39
PublicTest_34419475.jpg,cfb2beff8abeaaee8e56e9510cfa74a270ad4247558fdf941ddcc86bfccd81c2
PublicTest_34419863.jpg,9a4c56a64146575670e4344111d9345d740c62333ea63316f7df4fcc268cf9a6
PublicTest_34422385.jpg,ae84c0d5da9e0bfde4337afcc172f0b80b78b2d566e02664b2f12dacc0446c6f
PublicTest_34425161.jpg,52cddd4aeacdc6b047f48fa190dbac0257adb28144d45b21581f72ccd41bad9b
PublicTest_34451492.jpg,c195d8b45d776e97d0f9aa03a410095c6662a444e9f935ea346379bbfb11abe3
PublicTest_34487688.jpg,486de93779a788673eddcbad0634393c9530bf9b0585f7102e25122f63958e45
PublicTest_34505620.jpg,d53938772c1362ff17292f40cb6e8cc9d491e08220469dbcd63684f9df61ef4c
PublicTest_34546767.jpg,4f12317953ebd93c87ad3bfce46412250a3fc5f41ce320332fc146dc74aa7d27
PublicTest_34645495.jpg,4fe5b5332f3b933d5db1cd1fa0755e15b0ccb1eed0b78b48f5c87e4126d4f254
PublicTest_34653403.jpg,f170030a37adb01a5d955ba89affcd0f6e325211d68e071792b7ea9876242705
PublicTest_34658156.jpg,3aacde4dbd412a6852b45c4854b5901669bcb9e73a01668baaeb49e593201308
PublicTest_3468296.jpg,3729e4d6fb010cecec1514582f73e21e43515a74bd65150d3ca5bc84aa713126
PublicTest_3469437.jpg,00629a0ddede1ab93a6f02f2c077059b9e2e5e2d5211c32a4cf54d209c04a12a
PublicTest_34725898.jpg,d2a9b0391f0c674aa5df313cedbb4ae4a2d2c2ba248fd6435b3f3a9fa202374e
PublicTest_34777524.jpg,f989cfec8b81af2769f0f5050767ba7b99aec0919256e697a3c95a2f23b86b66
PublicTest_34820323.jpg,cbe0a9a71cf2a92b3e8afcfdcc9985a1d68cb41dfc825c9e780f41ab6a63a3b8
PublicTest_34850619.jpg,f5b152f8f0ba9dd0a986303dfabe4ed2f9996c079f8b99e10a558f6fd4ff8646
PublicTest_34864860.jpg,854c7cf2df2a57f3301f06c61a22f95816e8dedb953823471465a721aabdbaef
PublicTest_34867089.jpg,ec05b697575c81245583284f24b47a4afb4af43604801860d5be84dbe4b03739
PublicTest_34883128.jpg,348429cbeff5644b151a44796619eeab615ba4b74d0ce5384a1008bc7022f6ed
PublicTest_34897889.jpg,ca72d3e5624bc280f0c4e3c36d8f75364839d4b9acd3dc85542b29c8f577af81
PublicTest_34910878.jpg,6fa93b04022be00430791128818a06816287c4e8cd1f3e1334ac3b7880beb2e4
PublicTest_34920736.jpg,25ba19a9b99fc6a5c378a4b33178ea44f5836542a91a9d7a20bce7b0cec28bf8
PublicTest_34922989.jpg,6c477446048ac054d729d5ecdcaa226a840d5eed3699ad67ae1d739a8ca54690
PublicTest_34933787.jpg,5e84ac08f4d836d0eee2426e94bfdd48533f4032d4bd0af8eef1f493ef8c127f
PublicTest_34947022.jpg,1fffada38b5db25d1faf389138eac41bd3a1f61697326d0b6a5b7aa11a3d14c1
PublicTest_34958178.jpg,8da66f55a15397010860a79f7f98c1360baba3f3883ecb1209401b3e3bd12c5f
PublicTest_34971246.jpg,c49722d54b9714e44bb7ab89eb038105ec00927983813ce8c73cdb3de7d421fd
PublicTest_34990545.jpg,f8ca59c1e7ec3f7e8c669e5375ef711ef38ee7a39fab20fb70b382edf274b5fd
PublicTest_35010457.jpg,408b5010e1396bb3aba45f67f14f357a0aa6cdd2bdf2a75a37e4b0f7c50ef216
PublicTest_35042409.jpg,7be71b559df7ffb85957a1df3a4e2cf3b291209980a285fd991348a9c29085fa
PublicTest_35123586.jpg,410a09d4cd45010bd2e042bc4e6c626fdcd7d8a3ad5a3be84489707ed3f560da
PublicTest_35132840.jpg,7a2491a601030ce94df9d6c5586d946ef910bb4d63f7f89cae10aec914366801
PublicTest_3519789.jpg,48f920c19b80f56c804bea355918d802be663b9ac7420b8ddb9067ce30c14131
PublicTest_35266346.jpg,ca293994918bb1bbc6e3eeef110c9a9fe2fbb950f702bbc213eb4386d6785ffd
PublicTest_35290127.jpg,6d1f2fd763b64f42421445ad5145f07169019fb632acf2ce3b2e0f2d3ecead69
PublicTest_35332421.jpg,bd3bb184469d2a2bacf1aeb462c31658d7673c063d9c0c49f9661b146d794eca
PublicTest_35396194.jpg,e92b04cb05252aac39ca49cb8ff1502132cc15e2878cb0fc12a984831390e682
PublicTest_35396845.jpg,c5be2b091047adc8c29e97f4947508e304de826a5786bf4d76c5f097948b255c
PublicTest_35413050.jpg,7afd137797f5781bf8cd17bf38860696ef548753eeb2016b9bb38fedc1c0c58e
PublicTest_35421934.jpg,6dd84cf10cfac45bbb550a07bf468746465581d4e146dfd13bf4f1cdd083f872
PublicTest_35473375.jpg,96a60f4e2ddbb87d1b757ea5f91062ab375912001697bc37b019f7b8556cb77b
PublicTest_35575543.jpg,699b9fefd901fbaf71f1865334dba9714ce4596508c623b56d176fa50d785a0c
PublicTest_3560560.jpg,4a574dec2ef051cb5eec541ffd979bd49373bd38d53201a6a8cd1343fd1cbcc5
PublicTest_35627075.jpg,9a068a3ad44886640a0e4d2aba8901afc8b2f8c53f8a7768f237ad9c2da6ac1f
PublicTest_35641560.jpg,29fd38b7c29cab9a9eacddaa710d9ceff9184477d4ae8bbbddbb88fc80426bc6
PublicTest_35657256.jpg,dd66e502db4974b9bb0426a2d5dbf3f137228f1fc9edd29ac4b1ccf0ebf33131
PublicTest_3565829.jpg,6d7a5b74705d43a57f900055aec087f9ba7b285a92329f1e6d138b762d4c8d54
PublicTest_35686529.jpg,b16be33e00c40c3f998e5f4e3014b54479188a6f41034c639ff5405327cfd46f
PublicTest_35686619.jpg,847d59bc4d402377118b82deaf371965ea7f359d00aeeb188f4a6095d29f9d87
PublicTest_35775434.jpg,312ca1a1c7c17aa43dafaf5b629c07f2661d356f344ec5fd41ca48a3bac49d74
PublicTest_35807859.jpg,77ca8d7a68d4bb744f46d26d16d5bb89849a39681d97d17e90b4c5e5ce3798a8
PublicTest_35827395.jpg,143ad1e9dbad064ca50e77eb5d785f633723cdb1ecd82bc4ac334bd2fdcba632
PublicTest_35838312.jpg,ab1f5df35ffc2e2a01c740fda74a657b59361391815cc2c8ce35b5dcdfc1e9e0
PublicTest_3586567.jpg,a515f0ca0e2096697a15015bb5bf73bf92d9ff4a6c27e15f63492facbd362513
PublicTest_35874394.jpg,7db7c38628b4d688c89e97609151a3d4d41e78616e9104a83c7026b7400a63d1
PublicTest_358786.jpg,0121afe845bd17d15158c90d7a97f897ecc75a319f260384e03be47cdc2e193a
PublicTest_35884954.jpg,01a040ff8bc3c1a0c0ab88e49825d4e05f104f801e5bb3400b78c6a79448e70c
PublicTest_35914921.jpg,f3fe95b769fe982b3a639f458fe607a009506467aaa2de70bbff5ce25ead5a2d
PublicTest_35934455.jpg,888e998f4a74dbf80b4dbaef202ced232533726a19899d661bb618ce78feebff
PublicTest_35942707.jpg,8589c1be650499af972f1c35051e2a775e4d53afdc4f6a3367ee75072ea82683
PublicTest_35948511.jpg,f0291fb4d48862afa1467ddd2bf8cbd72d4b140dad17d2fcd853d251be4d5f94
PublicTest_35972548.jpg,16f428d664d638fb474f1fdc8efe048a9c879c0c3025114b8dc804b959437dfb
PublicTest_3598893.jpg,69108e4037fbfbf1c7338053d1ba08726eab3d8b52a3e967237c5aa1e9f93b2d
PublicTest_36015827.jpg,b42cb5a6de065e3bcb9e6908db45183e45b97804a996712a9bc716f79b3437ed
PublicTest_36033729.jpg,e1c0ed003cd8fac14a62974a778a0a20325482df6334aac5a32f55404c4ddbeb
PublicTest_3604561.jpg,e7c723b5d27bedad75fae93dd0a6c5262f982816c8283e5c16022a1af4557619
PublicTest_36087891.jpg,a432bcc80fd48a868189cf96294a3b6b0bfef4385b282e6648186c8d67597171
PublicTest_36094109.jpg,32f8ab749b8dcc6d301ebba8c16254e8c3cb0105d5f15673fb159fbadbe2cad0
PublicTest_3615243.jpg,e58c95f391000165fb80566a68fbe5b8c6d33f22001c2cd50e3d2aac1668e458
PublicTest_36158334.jpg,4dbfc10e9449c8291dfb43051b1dfa991ab2111ab9e745019c1253fda9cf5091
PublicTest_3617474.jpg,cc8677b3e0f4b5a4e1b2d9c6de28b191e1bd837e6844567a0225cb4ec8bc8755
PublicTest_36186792.jpg,83269dba728bb500d9c54a3af944529301e55c643fb359c1ac032dc91d5386c7
PublicTest_3620949.jpg,9223cd777b5a431bb80f6a125462ac5128fe3109ef22025f97ffa36eec1c0ab5
PublicTest_36234157.jpg,629426b07294a670f196c01b6493532ffd4d1c6bf0d63afac5403d8c7854e27d
PublicTest_3627549.jpg,87ceb2b0a32cfe809e5153f79be4cbbf7e8d3596b98d852866a50fed63250b85
PublicTest_36281063.jpg,90b94661dc6faf8c9e4d5c7a0bb981cbc48337b4820db2539c834fb9ff408e74
PublicTest_36289799.jpg,77bf31c619f0cf2851a03fdf3374775acfe33b0051bf2af87c2e73fa14e46736
PublicTest_36291152.jpg,d823c985b5c4095772bac2407283441816697f7793aad10cb119903b930c31ba
PublicTest_36293917.jpg,030a548fa9f19793f44649dc72dbc507f9246add321eba91585e5551e4d592da
PublicTest_36327304.jpg,742310b7ba15ddc9f42c88b1896c6db6cf3dfba7863dc6da4ea7450ea18281f4
PublicTest_3636907.jpg,ab19f09761315fd7f691ecea98bfc2f35cb887c8b213828b4182a4cdb39cb1d3
PublicTest_36373260.jpg,b610cd56d76dacf3142c10dffa80ac786196a4d374de78873e4dd649a40ec89e
PublicTest_36374107.jpg,52b8652e16cbd199a99c9815ec16b59abcffa0ac12155cebc282696e3ab66de9
PublicTest_3641062.jpg,47500a6b998a09e83ebef8e97d67b335bb9def48f552f3b6efec5b8a965f051e
PublicTest_3641536.jpg,a21f685cab6d3a8ef690c49a20c91f6b975cb498964da7fb5896d8883f1782ac
PublicTest_36416014.jpg,41d80487686d49af993a4ca95b4cc3ef0e385247fb20a12900bff865f183c49d
PublicTest_36417383.jpg,cf182ca1a3ab08e5aa82530885cb1dd8a309d1c6a06658738260f1f58b90e77b
PublicTest_36454160.jpg,428fa0d779a24bbb5d91505db6b464d5ad5641af0dae76f8e290a910b755b526
PublicTest_36465312.jpg,ee2cca98bdd514558322ca4872ed62c08079904433df3ae9a0f1537915fd12d8
PublicTest_36469706.jpg,08ae3b736892411d316c10b347a9c8050b4d57dceb70655ee43b5c876d41f804
PublicTest_36482124.jpg,1fb937ea75ca8d18517f4add821fe2e0382d550f307d4befdc1208870325e3da
PublicTest_36552677.jpg,263381d07b34fbe6ab3c3b385b4fd3c1a50cfe61445bbf01b3f029c1633a2d7e
PublicTest_36569724.jpg,c233f5fa33ac24252e372ae4a90eec235f8db2fc4edac5d7b8ccf50228ec9bf4
PublicTest_36629520.jpg,c8627c5ffe240be6127b1d10e264a5214d0b896b15641ac61fb8fc6569ddde8e
PublicTest_36631165.jpg,7a81559e66d0b6891a2ea6a62b5cfb101eb96f4567a42e620ad4cd9fe068fe4b
PublicTest_36631182.jpg,f9c5e24c51b5ff9430e5740649320de2c97c7bf213998885c005d23689a7d60d
PublicTest_36640550.jpg,c6c1939c99587f9391f3a8725bc1b55403f3677875ffeb1776656712a909f4ab
PublicTest_36640748.jpg,239ac3404791d0188421ab1eca41339b8e5759c50e0ebe322c8de99630a6c537
PublicTest_36659344.jpg,1f5af2e89489b46637ac8a55b0e088bdd9fd7133fa45f30b3a61554a9bc886bd
PublicTest_36681517.jpg,78b75a8c712331e451fcd459a9e48ab5a78ef1db92f5d41799bbd9154669902c
PublicTest_36696281.jpg,83810f5bdedbb48e4cd8234c818c3473f2f73db9e5ddd3fe77a0fe42c8f83e77
PublicTest_36699377.jpg,6ea6f41d03b54b3452cc6a564b5ed91b82f6b485b45091d4b1ad02672eb40ba9
PublicTest_36718809.jpg,289c5b0283e31aebe37f6ee86ad64fe8925f74ca08d559396284ab029c57ba9e
PublicTest_36800464.jpg,1f74140258cd1ffcf985c1a6535a7384d1ffdb72bd63a88b1a75ba7ab3c35665
PublicTest_36823992.jpg,4aa58ae9203bda136e94b70ced27487436fc97fd7c415345fd05ce7bdbc7a4c5
PublicTest_36836824.jpg,a1010b0d4a7b8c5fb0655bb5080fa1a2464d8ed5279567c08278a82364464547
PublicTest_36845562.jpg,52eb87b7628b75a2b5033d3d545bcda339dd1970fd464f7009955614f5ab2306
PublicTest_36847706.jpg,2694931ec5eb274ed8b6843c29bd0b1c4298f75a9ddd7086db24d8caa11e34dd
PublicTest_36856590.jpg,3fc7146d2588010988b9b3de0db0d77db278ccdfff1394b65ff69d3cf8aa6610
PublicTest_36902661.jpg,18b69a26d43dfd032c1f9547aee3c6c2f418409f74dfb08b5f7dfb9219e76e70
PublicTest_36924389.jpg,e0a920cdcb3e90ccc98119b68551a0cd6e1e28d7bf73d150c9995ac65391e983
PublicTest_37042364.jpg,462bf583f860a8921e493b651f9392bda0b4fe2ae865603319efb91014082a5e
PublicTest_37073420.jpg,71d988ad5b5f26af80893d9e6c5c392998fe3b7c8eefc865293f4984f4a6ee60
PublicTest_3709326.jpg,df10ac9e4d96072c5475009660c937f5c8f35199b364ad04651a4faf7c1c4806
PublicTest_37108590.jpg,135b046da9c37c71ae0fb3eddcd7268a3fc5b44a9b4ccd082d5976eeb1c536d3
PublicTest_37199908.jpg,d8a74438534998d9565671fa13395be87906a467f7c2b402eb593c64a30ddf84
PublicTest_37213655.jpg,b8476dba592f40c5a5bcc11569811e8c4ce6d28bdc8c52d9a55bd09b11e8c671
PublicTest_37222742.jpg,2e9ece89a2f3cd73c5331a7d8f00a565c49983c8c5d4cfa9bfe8f16988dc8ee6
PublicTest_37286202.jpg,d37625d0b58b02c0d6203a00086d3661fcd9ecd49e9f0b596c5802459ffaa1eb
PublicTest_37311642.jpg,a1a965a79a2572a67ee4ce86c858ab771d6c3aa6d600f78ebe39e761258dceb7
PublicTest_37314285.jpg,85a4ad74689195da31f2f3c2d68f38d2b091ec78f9d9ae494087d0fe6b6d7ffc
PublicTest_37316865.jpg,ad118cb000d3b85aca11ab1e67313e7ab0512b942ec4ab91911244acee7dff08
PublicTest_37360205.jpg,8c2e49016d3ee11ce4cfa4a9f6ab3da7443ed0ec2406f8749193a0c36b3e8fe9
PublicTest_37426588.jpg,ad56ae4bf0b8f585850f02e84ce28adee5bc9274e5d46e4f82f56223afa04e1d
PublicTest_37453982.jpg,f7bcbac658def69cf6e2e94470c17fd71a6f38590bf1f308210e9075ce32e3ae
PublicTest_37455494.jpg,a97b5efa99cf4f991932df8e7ddf44cb9bfa625ebcc6d76e80bb5cd04b809b6c
PublicTest_37464818.jpg,49e445c04f0b4235705510a8b0081015520652500f5e676bb7940bb064321003
PublicTest_37479286.jpg,b9f9cc04e3accdeab0cff74f7c6ee046b62af8ce51176d62a372ecdfb8e5f737
PublicTest_37503906.jpg,b766c94f88b59f653912c04fe8c51656bd8c403bed4a1bd1a3de71d8b059858d
PublicTest_37515030.jpg,bbff861d58d72169cdc3a0e1c613022476b768dbeb9d098a164671218012d9a3
PublicTest_37564943.jpg,e2ad74a4b15bf2f5fd020cd1a3b7c096d50d8692d7936bfbeaf3d19a184d9ec1
PublicTest_3756677.jpg,d295577144cbdf6e13a782bac83e42cac3eea70360237e4c077d4bea5cb7df3b
PublicTest_37567574.jpg,7f84a1e1ac3029f914a100dd3856d323d9e0783bd1be10e0db6a817f20e42790
PublicTest_37570229.jpg,f2cc86136ade6bccf0589819f6beecbc53d0277e2e9c106e46c321026f0c1e57
PublicTest_376099.jpg,063672584f24d606a2da71bedce59f0e9207dbca01f570e23008944f20111a30
PublicTest_3762401.jpg,9749cded7167b5c0f2a0a865d3ce90388968afddea1a5a918a980e6b90f89ed0
PublicTest_37663840.jpg,2fc4bc9ecc33c28062687a9178c85eb714a9aeced08b58f50bfb66ce6de5c021
PublicTest_37674590.jpg,5d69c4947c295802d86f309df30360ea84d0b17dd0c6492b8ff0229b92155499
PublicTest_37717440.jpg,5943bf7bd53e693c1405d9ae397e0af3eeee487b9c8c49cd9623357eb5bfc268
PublicTest_37735455.jpg,bce5b52407b614a88f6c14ac8662b228a208943f03dd54c64349f3ea638a465e
PublicTest_37740054.jpg,7ea33651b4de87dd533c29ee42204ed11ee8e9d67a946b5e7c9ee2c4b815de6c
PublicTest_37742296.jpg,937a91efba3ba3648401258fef1e4a09cac7bba05037e8eb56c3cdab6949c615
PublicTest_37805784.jpg,4da97a2db10f0199fbfd5431da7a0cf4b135c8757a7e8f1782b8d091dc1eb710
PublicTest_37823738.jpg,f99499ecf06103450bc8156d585922161ffa96d18e025d1a6daf161fd0a06194
PublicTest_37829809.jpg,fc3f1895472b8c7b613db68e5ae5e420b465f40bc60f4f5c0edda9b423f7207e
PublicTest_37842132.jpg,d280ca986c9cffc4010b6772f1fa019992a7f8b0e196a5aa3158f12e5cd1fbaa
PublicTest_37850371.jpg,70ab747b7f885f1600dabae81475aa13e333f9ec9120ed97f70a55ddcfba4b84
PublicTest_3787754.jpg,2d7725363a5b3e644dd6f7def0f75aba5f2c75a7fc43d3d57f5bbdaff90601c5
PublicTest_37905989.jpg,24e7e7d048485989547fb171fefc107682e79d45737de27390ca2bd961263cca
PublicTest_37923555.jpg,92bfb82cfe082b61ec128142b11a48fd42e2ebe55caa0df0683f48b7d8d152a1
PublicTest_37985095.jpg,8ad959cbc854ed78fd7d619eb225a71fe03185e4ed72321038ddf630b13816ef
PublicTest_37985773.jpg,1061719ce50e65d77866f26e808c3df7aa978bf646a96d795b561709a084e733
PublicTest_38013120.jpg,3d51c9989334905ba0b98eae218060f4b2d397f63c8330bebf88692871fab32b
PublicTest_38027064.jpg,969708bf705dc6aea08c73913c27d1d3767afc40521adab4bc84a0246173245f
PublicTest_38095903.jpg,8f0f0c8dd4a2d49b534650e3676901d047deed26c75eed182ce49cbe27ac090b
PublicTest_38165746.jpg,33bde7efd6216e61c511035d511defc1d111f12781895248755a9c299eff344e
PublicTest_38216771.jpg,2b124dd5b2a456f808aff16a076032216c9eaa1ddd3e6839a258e8f26c8244f6
PublicTest_38223740.jpg,72092221abaf4907715c968c10e6362934a4f9f43c069ee79ea01cb302bc66a5
PublicTest_38247925.jpg,e71b91b32033debc45fe92eace1119d2f385d57f1db4e05291695d020b4a223f
PublicTest_38251667.jpg,e034d8d45cc13cea7648c0df5676becd9b908ffe59206aab71b24bb5f262aed4
PublicTest_3830494.jpg,caea15d87fcc02e158f272d6958514bf7547d5126dc97af986165186af75e67b
PublicTest_3833581.jpg,e9b795ae93b18cffe19f64f5a291b1dbcb10cbcc9c718df86a330eef09beb9b5
PublicTest_38437094.jpg,6b98d035910be0cd6e860b09cec3503b67c350982a805f716ed26661f08355c2
PublicTest_38473713.jpg,67196735d5c68ca8fe2f51480aaa8fd1a0f4dd6dce9e0a636996287dc854f672
PublicTest_38478868.jpg,f852b9814845b6ef3af13c4d352e6f8b97ba7927462b9628d7faa302f1b1facf
PublicTest_38513744.jpg,177002a86569b7c9164340497e402e4257365096d88e57e82c6450f6fb08f69f
PublicTest_3852772.jpg,279e4b862672b6dbb05189a92d93469c861c19d20b5078ae1e7aac1f3181fd33
PublicTest_38533374.jpg,8ade72238b4291322aea58436c442f0df288280533a3ca76ff9d80ea2f3bbf4e
PublicTest_3854174.jpg,29a232e0446a12cb40198fcc28382173e6af7f8e53c2c5670626361a09b1a6af
PublicTest_38561327.jpg,3181d210ed0d10d7af2f5cff1cca60da72484ebbf234f09df410cac93dc0953b
PublicTest_38575874.jpg,506c301ddfca335ff8a87d99334bef8b2d2be18e67d214567603b1998405ee20
PublicTest_3858920.jpg,67ffd9357694280a281fa6dc1c4a4f34f2e96380c2c079fcdc275061b48fab04
PublicTest_38619150.jpg,c299844c5820c29072d497a413fb17b01e85b6a3aed028c403c7f0ce0233004d
PublicTest_38668874.jpg,5509e0968086e3678828bfaaad824301a97baa3a45104fd2d1974ec8df70afd4
PublicTest_38685191.jpg,db1f66a841f5c13b7f73e5bab8d74f73d41f0c0a065ae851b484c39805b619a6
PublicTest_38721089.jpg,a1a462bb11ca4548a88742e740decbe75c62d7f0276dc07e61ac36270e3c77ac
PublicTest_38753807.jpg,83bf1ba8dd658913848e59693e8efd24b7184437653c3faef943532f0b66fbde
PublicTest_38755783.jpg,4284a180103d8aaa9ac8f6eb2ad981238df14ca716be3a2503fa9c3914dfbc2e
PublicTest_38757003.jpg,fe1a8cd69093cf451bb783d59e8fa0a08784fe508a44113c86399879cd1d9c1c
PublicTest_38780269.jpg,af2a3d1c4f54f5ba0d05a570cadf4f13a7c178c3955618ec2f4ba2161e56003a
PublicTest_38805151.jpg,6a86124ae51f55291e1554b457716533863e01070c0474d96732c8867f6c1e6f
PublicTest_38851778.jpg,325f1ee14b4b993eab3585be98eacca5c809654de939cb8c554ed21f3e675f8f
PublicTest_38870662.jpg,f403d9f7a88cacdcb2f1ecc2eb2330b7ff6c5c7cd43b835fe7db6d7f28ce714e
PublicTest_38922004.jpg,8657c1b28697834e29ba90e71fd89bc5ec52a0ea7cdea1d561613b9e07cb2fda
PublicTest_38935497.jpg,674544692ee1a315a09075abac1a88c6520ca6642d739edc51611b7789bf6310
PublicTest_38966726.jpg,9648961dc8c33b0d5d1953f05a7c8f86272d72e4689890f2a9ebfda0ffd6a7b6
PublicTest_39019852.jpg,57d19660ccbd160cf1ba35b03c4b611c6ea2434f09832590ccd22207d27a36ed
PublicTest_39038271.jpg,dcf151235879ee3346ba82d8e715f160229cffbd363af4a2a21caf519998b111
PublicTest_39055004.jpg,5e80d65df78029da5b7d6c90cefa072ad072c59ee909ebee465ebf9bae9799f3
PublicTest_39057061.jpg,fdc0a8492a3bece0130995aaa19ec2edf20ddd52ab4db48f7ab08e5010f1a437
PublicTest_39092344.jpg,10630294d2c8ee21063c90196ef100ee02f86c8245447c48ba617841aa1bb4cd
PublicTest_39105756.jpg,787ced20854914c885e5528933421fe7a116928833cc6d27f0a30ca80b161a5e
PublicTest_39114922.jpg,c9033e958b113f6b826a17cefc0542f051147b50dec3ca167940be1a3bd47f71
PublicTest_39135751.jpg,f33660b252e030db1df2ba90958250ca2d0926263f3dba34dd46dec1bf7dc79e
PublicTest_39191720.jpg,7d46b0a2a9faf477a32c59b87a569e9f758bd37cd962ef86333f02b3be26d19c
PublicTest_39209416.jpg,15a3a0d99758d962ddacb35cf77b033b9b736977507c5e53bef21560b96a648b
PublicTest_3923345.jpg,fb612209810addf39551c9d9767e78ccf093f9d86c28c7cc2f14a1b952fd67db
PublicTest_39234195.jpg,ba7487dc0a66a8ccd4a06310848d8fc4428f7873555883a0f200dc273acc7638
PublicTest_39261327.jpg,c3c7338ce96a9d53d9167f1705e59144c06067147cefa62316875071e40f5e0c
PublicTest_39271643.jpg,84e61a826e7abd502446794b803be4b6631d7796c42eaf6d9fb3894bd7d15861
PublicTest_39310903.jpg,bb3e701615cefbb6704c072a3bd4f3d820a413d25f9b6007cc40d687ce30311c
PublicTest_39373170.jpg,3ce021394db4aaf7377d800f7d978c194200a28e388ce1e140f928e12bed0cdb
PublicTest_39595925.jpg,79d039153e506aed40d7af7bf52698cd07e1e2b0fe6804f01b2ec8d8e73e9033
PublicTest_39628936.jpg,e0bfae5bff2eac7071c50017e1ad44e2358e36c41fdbcb78d02cc23919a64756
PublicTest_39677088.jpg,f09e723b27ff93a4b095f1b357622bb56f0b0f48464084ddf4b52b2d8118d3a3
PublicTest_39678108.jpg,716a16cc3a9413da0642d569bdbd1921b459a887a77467bd813de59945ab5a68
PublicTest_39688575.jpg,ba17ceaed4052241b8640caa7b0353326aea1836411b27253ca530c6ec5f3d05
PublicTest_3973440.jpg,0c6bc540fb5f20eb8ce945b881562d7a2888a71c136811cd0676e567390bd4e3
PublicTest_39772948.jpg,12e857206a4c194254112a3871e1974b4532fbe71b1d65ce2edfed1f90557575
PublicTest_39803274.jpg,94e96daefe5c9b3814dc61745303458482155c055255a43a0d767aa3306039d2
PublicTest_39817717.jpg,a97e8ff97825332b01680972d620c45a27f531c53f3a82c394f8d00b3bdbec9e
PublicTest_39920252.jpg,3966a1ddd6d6c0ea69a7414bfb14b856927d38b1f1ceb277ed53fb3bb7a7c189
PublicTest_3996065.jpg,e1bec7ec5a8892e6c6fcf3b2f697a09618c7ebfa70761fa5e864f7d924d9c8fa
PublicTest_39979134.jpg,72383bb3559c8dbf79ca9b151ae8bcf009c9b68b79e9deb3d0e126a7462385de
PublicTest_39982771.jpg,37a7f93ee8e2adf3355b91665410fed7b728f07ac03a5a07ff8059e9d99275b2
PublicTest_40027557.jpg,de53c072ec70fff3e9af22c97ea963522da471358f3da7f9abcb516b0ecf73ef
PublicTest_40041446.jpg,099753ebcdfb9d4c108007a09c84e38b4925bad414449de7f349c109c8eb0844
PublicTest_40060261.jpg,9e42e1f84e54448ec0b5ff26cae23efec673f381922cde20294f0a5c3d87a281
PublicTest_40063649.jpg,2971cd4ed4814ffa40f3127d99cc9607f217ba6781154aae3af2a8072d58d4e7
PublicTest_40089687.jpg,585f6e40c23c9652a16bcf35c71516898f34fa90c5de2a66802d11d62a8d1cac
PublicTest_40104653.jpg,b692e60998b1e222ade3abf7854e8e52e2a4bda07d2f77e0bdd41be9f572938b
PublicTest_40110702.jpg,1efa3d237ad356de55b24ec07609d14dbc8afcb25ba7401e239a90aac9efd8e4
PublicTest_40128205.jpg,d69e6ac10769f782983a3c511ccb9bdf975b3542e2d12f215cbad9250e061112
PublicTest_40147832.jpg,44c2248d68ce57aaaba96b781014ef34fccf42eac3a4e2ca1725bf32b1da8e5f
PublicTest_40148704.jpg,18d6a3430eee3d4e6d1f71fb6c2405dd0d81b9ff6df02d95db6dbef36ec985f8
PublicTest_40154523.jpg,bfb7f131aa701da5139516bf351db4bc1d0e30733a32497c6ff06b6dece1f810
PublicTest_40165038.jpg,feb87d16b6c179dfbdca4c3ce0066a02d85809da86220ec17154559207bd0672
PublicTest_40189715.jpg,83207ff6a94bfe839448353268417aa952e3acb6d26625fb979f6c353f451122
PublicTest_40202990.jpg,306361019c8e10e0b91d60824344f54663cb19a638f1f05b6eb0b2f11cf3ac73
PublicTest_40207266.jpg,f57c1b65e2d8d3e210f38c62e7e4abe752643fa64cb60a8f23f91c41b0586745
PublicTest_40225649.jpg,fd6c46029d72d724eae40506f1a14a7bb6da92e2eefc06913c9cb213e864d932
PublicTest_40237639.jpg,b00c583af1fe180321a701cfc46b0109adf1fd146a834394ec9607d5d27ad6c7
PublicTest_40273600.jpg,fca4c5dd312030eab91ca4bbf209b528748313ec1742b1b9309ec7929c615c62
PublicTest_40298698.jpg,08797d18ca53139293f6e0758fbe2ab4a4581405a4b9a06c44246086a9a7f7ab
PublicTest_40311570.jpg,3fb88ac37ecfbb0ee049ff1f13f071191ae632d4dcde7c876e3270d74b4997e6
PublicTest_40341899.jpg,16dbe02407a7117423150455337763d8e0deba7f077d65d4b2390058b1737da9
PublicTest_40414118.jpg,b28ca8ee21dd70130d6da2b452bf3570c24a9615b34889a82c0f0542e4ef3343
PublicTest_40423206.jpg,726dbd03af4ba834fe9b99c48eec93ed98792b71723d6f746fde8f9a68fa8688
PublicTest_4051764.jpg,d1957e91d4d8b782dcfc86d8938df7d4985667b7bc1cc38acd99ef91b4e6a381
PublicTest_4052090.jpg,84c681df0e1fa1acddd80b68fdb994dd234332c6ab5e5304c52588f2b1f07232
PublicTest_40528928.jpg,0be86bc9b6e1b058c396d824c13f67dc874df428036936a294c6f628478cb857
PublicTest_40541412.jpg,a270211d39eb694f8762eb88c213551b4331478b9a82883b486a6a3dff05fdea
PublicTest_40543993.jpg,74a4d4ff1abfeb063b39ab60e7aee54fa3a6fd37d3220c3242569d40071b92cd
PublicTest_40559227.jpg,39ec93e30170e9424a72f897edfa7b8dd53436ead6143a59e83592fce1e93b83
PublicTest_40565658.jpg,b11e5b9c5cd52b1a4cf504668074b69d441b8338e6d82365b2c379f74970c9b1
PublicTest_40599442.jpg,81a391b7c041b570d4b8fe3dde602b8a8e53725ab33f65bdff9d812e5bb6a949
PublicTest_40637892.jpg,90c30ecdbccbe96f7e80e595025dbcc39e35d7b4d7d4f2b6750630ff7c842965
PublicTest_40686855.jpg,2b6b6e87d380d379dd15793a81c5ea4c60af443bf7589cbda211d8fa9aa91c1a
PublicTest_40690128.jpg,b5e49252162b4d5dbb1ce096884e319bf8e2a84c69a120cfc32359aa6334901f
PublicTest_40705304.jpg,88405463a8af7e67bafaace413edc19c1034a5f85f06269a79dedccef6683683
PublicTest_40811515.jpg,2c37d514706b09ee688f5b143f4ee03ae62b145f74e60cdd3d19497a5ea1759f
PublicTest_40824482.jpg,c3d2e3be88d25de0081502c79f9e27a379a1e85013777fde1145df390da2c27c
PublicTest_40834308.jpg,c1b5cb9f49f2753bf148d2de5626eec69d55174965ecf26063fb4d6a49b75b6b
PublicTest_40838607.jpg,0989747aa30f1982b68bfa963f066d61f5002afbf872095e21f0c108a8ba908f
PublicTest_4084269.jpg,f4e774989aa2a9f6eaffbf76fbe391ac60cefac497eddd503ed588c803087828
PublicTest_40857959.jpg,fb18d93ed1cc2c467b6cf01a96696d1a4bfb02887dc185b0dc9efbfb6c494ec1
PublicTest_40882120.jpg,8639cb202325f96fe7ce28a172ba1c96ff6965964579110bfbd61e4e43b7117f
PublicTest_40930163.jpg,d7ce024a8bfc56fbb990d2d29ef35343cb144dacd92168e2ef7b688a7d3e10c4
PublicTest_40964978.jpg,2eaea1d550aec89f16dad0cbd23a4c170e46478f015538fbe48a16d24dffdf4e
PublicTest_40967103.jpg,cf4d3e6d9053f6da27400d958d7c5f53ca2f91161d07c23c972a1c7c8f294ed6
PublicTest_40981629.jpg,25e73ab244ec54f77f8cadb75518c060e99158c3a2ad292cfe0a836dc95b38e3
PublicTest_41014329.jpg,85ae5033f807b4c4addb925cb8f675e42e1c4c8985e2597a926e96430eff3dd6
PublicTest_41043600.jpg,2572a51f43fc8ff787c6a757771cac1de9ca0566666479dcb018247eb54aa4e2
PublicTest_4105485.jpg,c8477403aedbbf98966f5dec16cd8f2614da1955e70d60f82bf081a0deaeea91
PublicTest_41091993.jpg,3d0eeaa987f34dcaded1af5d8c78902568f056e3ff50d4fc58910994cecacee4
PublicTest_41104919.jpg,000a438d96c2e828c70450bf229ffa1e13608f5025593948721146a26a8f4590
PublicTest_41127334.jpg,979b757996580a6188dc0b3dd2d2cb98d099dabc38fa2927869712d522732323
PublicTest_41203031.jpg,aa6a5d7a28a5f1cdd04d30f02ffa64879ca82e2b129e4d286c99878c899b8f22
PublicTest_41209739.jpg,2e06e785a49df0c6113c6c30b1eb6d9660eb877d7e50c3574755537c99641389
PublicTest_41226489.jpg,f7c5a5a3c2113d431a343b45e1a6540c0c49dae37b1f0a244a29da7ff1db5fa9
PublicTest_41247372.jpg,c0552b7fd1ce4098e84beca30ad8d9e2d94baea62ad19ed5e050471e19d56160
PublicTest_41382653.jpg,5bd01405d07bb11ec838e4541e59c05549309ac37e9dd7ab0b4889d8cea6c559
PublicTest_41393563.jpg,77e0557809bcd13f98e1cd6c11bea74c638d99c3911623a1453b3228fa0ca24d
PublicTest_41415927.jpg,aa68fec9847a535c75163f977e9fef0973057c7e2f040e2ecbddf6555aa23dfe
PublicTest_41416509.jpg,480d97cd9c5b3c826d6a67f8de541df0ddb9f569931b45e1041bcec445372e43
PublicTest_41439516.jpg,1b52da069e9be58d88b1b1e7a9b2a90f65817537cfce3befdf0a43f330a75e35
PublicTest_41450041.jpg,66f32dc9df7bb258644fb028ccbfe5acabead0675b82e1ca8cd40afbd65a6924
PublicTest_41463579.jpg,0fcdec000bf43c4dda0dcc65a9ba5a76a9f36e5ca389fdd0ebe4cf477b7f16a4
PublicTest_41498575.jpg,ac5d9f7237540cc01c7c48c8dcd7f2ba93183d710b64efa1bdba923b383f9273
PublicTest_41592701.jpg,dd4609722618ea089107caa773bf09d5e6671f02967119385b44dd69ca791f87
PublicTest_41633403.jpg,3a581f163edff816aec3221f2ffbc05ac54d68c870564f6117aae7c4f3aa0035
PublicTest_4163932.jpg,62bff1b696ed287a719569c45c387741aafa1f3be57210799d66de7449aeb679
PublicTest_41655835.jpg,f7d3ef72fbfe1e152fbb874c272658b4787a28f618359ed0429e18a9c51e5d57
PublicTest_4168105.jpg,d20d137f137cd095e58ffc8f18d2e37e871880c4af6aa8a0ab99831f6a5f7c66
PublicTest_41696704.jpg,44fe162cb2e2b98aea525ac9ac6fd829b229b8273f740818b8ac60360a9a11ab
PublicTest_41704060.jpg,9674349c8d3b1f6bbb6cc35bbcafb4efeb5d0c7045b6693b1a138207e592fcd4
PublicTest_41718208.jpg,cf9b68fb99666662fe8dca580228228941fd9befab72297457ebf569020997b0
PublicTest_41743385.jpg,fdab21898af99c033e09a4f0ad7a047d5f54c6a9b50cfb9c201a94c6327f926c
PublicTest_41748290.jpg,36ffab270067c963dbe4d21ed4eed8734d1fe40570d71245ba6aa5f3ed63f8e6
PublicTest_41751585.jpg,1124b3ec612f3bcfc7e9e8eddf2f5d63e7c4e13402dc240ba9bc0d7bb3128111
PublicTest_41753361.jpg,6ff8f0c4707899a16738e8b7294227df11dd4df4f7fe795de2478ffcc0187629
PublicTest_41805156.jpg,74e8f475999ccd2646df93109f22a1dfecf9cf6ba3e327445e38bb7b6d334acb
PublicTest_41849972.jpg,97f406a8b6f6a274f85c47c81fe05c4f99f53a773ac7336b1c03623e975af844
PublicTest_41896002.jpg,99f366605a2b303fb15a18966360ad933f87c0603f20146479891da92af18d91
PublicTest_41961089.jpg,c49ee2b4127245b7541a8750eceb710721c79a6318d1452c4af342e1b2ab74fd
PublicTest_41978325.jpg,6cce0ab99c62b08290f0224de6c80c367df0c75b612dd0d0dd0683f772575142
PublicTest_42056841.jpg,19431e4b572df704eb2a2fd5ce55594a32d79882a9884ef8b70da655c829b00e
PublicTest_42109927.jpg,0f26a73ce6194ba0716072dd492f2ee146396d960a106b2109bae224cffa4ec2
PublicTest_42128856.jpg,bac119743b66ff24c554a0578a29a72feeaca8322be198d63876e95a68f5a9a3
PublicTest_42145564.jpg,4aa67f65ea8537cc5f5a3f7031c45fedd667be1731ea32d67ecf78c97fc3ad26
PublicTest_42178721.jpg,ae2fe0870423a903a725d9773c1588640f91b89fccb0c67167bff4f74abfb866
PublicTest_4219115.jpg,415fd49894e964d5a0a02d3e3f435c9e11529c3f6a56c621afa9796e2dd7b8bd
PublicTest_42217610.jpg,ec674b4c504df1b02abb1675c42551e3b67a528f0d1d7dbb029838086602a31b
PublicTest_4223507.jpg,fa9cb9b7194af35ba6aece8988f33dc62e7cb2e11441ab50b49f629dca84bc87
PublicTest_42347603.jpg,8befcb2aca02aaec20d271ced167bfbcf09a598665a32ce2ad60385780261c44
PublicTest_42351654.jpg,c0687bc86bbf1de08f8827aeececa950fef00f624e28880a1eefa38dbb664fe2
PublicTest_4237118.jpg,a03c72113085dfea901e1635256f05610653c0faace629b081629dd4877503fc
PublicTest_423747.jpg,fc6ed8a60c039b01fafcf475393d20c191ce7bdd2f1efbb3afddea04a773175c
PublicTest_42381351.jpg,bb5d85655647a75d45185e816dae366ce880466515b92e60fccb9a09baf31479
PublicTest_42454296.jpg,3690e8bf5832635b95f686fa65e69cd796bf7759e6fac47dcdfb3495c0605553
PublicTest_42463795.jpg,41acebfe053efc5aa3d3f352e1afb08ee205c6074089440a45db85a704c1a33d
PublicTest_42467378.jpg,8be9b99f793af60e06f85b963998144d450684fd2e86088bfd486dae8a38c266
PublicTest_42473844.jpg,704958a7cb94b8541358dcf26fb2f35713dbb55d835945cc3355aaa642ad3684
PublicTest_42518134.jpg,ba44b7c2d1a103c73567bc122fbc0b880ee21266d2a0792cb95d2efa0efa9e84
PublicTest_42531026.jpg,9c0a9ac20c9cb0c602ee4d2ddacd74e7e8d063b12ce64428ebf90f1c0724ef6d
PublicTest_4263322.jpg,0073ebac0e606145c333db3d47a27e010ddca02cb3f4d3bdb1bd16cb18eec585
PublicTest_42656224.jpg,7f54bd1d96aafa3573a526227c6cd8632b8eeb20379d56e90c74fd9f69014bb7
PublicTest_42659166.jpg,154a60d71180386d92de06a27994abab610f47786ce2fa2ea31f0dc40b2bd50b
PublicTest_42666134.jpg,564d9847adab40784fe38fe839504d53f2d3a19fa779aab5d6245c8f08c605d6
PublicTest_4269714.jpg,f1780f06e13b3787349910b40b0e440329dd972fcf6bcb30bf7f0d8abeee43ca
PublicTest_42711133.jpg,20b9d810ff746bffbc8d3bae03af1126815129f198f55fcdec324c15e35b5bc4
PublicTest_42722923.jpg,6f9e4a8b992991d64a1c7215f6d46686a3aad6d67619f42df5da83ffb5bd1663
PublicTest_42746467.jpg,7d186d5b42735624a2431faab27f856b7c06e1aaa4feee4587ffa68346a15a1d
PublicTest_42753252.jpg,bd51b1baa7b82ddd8e96018029b64a2e7ed594dab44781718740067582a7504e
PublicTest_42755313.jpg,ad2141546af600412854bbebbbc524c22ea219ee22ff10df1074b92dd6a56b0c
PublicTest_42800608.jpg,5e53278838fa94fa2f88b16b97b551eff991e51acf2925ba7044ceeb90394612
PublicTest_42800790.jpg,e0ffd62c9fb537851b167d41d4e93e30dba99d151d8d45c23b9142ab2ff7fe32
PublicTest_42826491.jpg,2892157bad43cfc677aff749ed620fe1b45db2607205769b43b90a82ea9c7708
PublicTest_42832284.jpg,989fa5858513500fd50b5aad4df25f1ea05d44ed633045d48f6fd84471be4e39
PublicTest_42839788.jpg,e412c432ca9e4e87ec2d3b48fe3603dad6db913e94b9d0b92a8dddb02a6c6301
PublicTest_42861467.jpg,72e742c3396d50564b836e3179f19419dfd323debe8a1af1d723e9b617d58a59
PublicTest_42864737.jpg,f0be8417208b35cabbc946ddc8a60a520fb219e0a0373ef7ee01c9b5bf1aa74d
PublicTest_42872438.jpg,77df26d517f262a057e21dad02bf740ab4bfd69518be6cc9ac19d7f0f85258bc
PublicTest_4289779.jpg,77733d202d89027a116edea56390c364bccc32c38b2e7fabfb24900e5e1d7384
PublicTest_42905383.jpg,c7053bc9fece7a339887b05af5afb1c9854c97be09f875fdbb9a4b48d9472d47
PublicTest_42928793.jpg,e3763c032f006fa48cfe3f8153dc0b1d4f0bddc59e1c8bc1761108cd22a44354
PublicTest_42981420.jpg,b56db73c7ca8aff21c7cf7fef02cf1b9f63a16431d0b612ae41e820ec80463cc
PublicTest_43010364.jpg,b619361bb056a214d01eaf43052c961d76e9725fc914027444e8c9e34ec1c1a6
PublicTest_43011794.jpg,b637c790481e31858cc6ee5fa92504bd39356093b703d5088169d9f040b11cb3
PublicTest_43044972.jpg,63ffce105d0aa11372f8060c39bff4e204d59ac0f0344afcfdb265e400009cc4
PublicTest_43074366.jpg,5bb8e1161c93b5de06bd7bdd9bf0b8588f64f1cf62be5779065eb77a7c17a173
PublicTest_43113063.jpg,45ce766bc11b2c0a17868a711f9c1b6a201678078d11924c0025a9021ebce05c
PublicTest_43169549.jpg,3f463c8f35ce0e7b1bb284e5cfad4d2bc23fccea8012a7e1aad96389c0f47021
PublicTest_43180245.jpg,ea6e9862fe1a0ed1ad6a6d32ccf8343fef54ac394a5bb47b41115f009de32126
PublicTest_43202166.jpg,dc3f4dbe64b01825c3737c9869223da2f75e682534ad5176ce469bebd3b6db0d
PublicTest_4325988.jpg,659f4005ef38c83f548a84f45fe464cd589672835ec4383554c8de73908d2511
PublicTest_43267704.jpg,b2fed58767d4f17f1fd3048b2541f6586f0a008ee47c7b212832e6ab3960f05c
PublicTest_43275871.jpg,a6cbbeecea30cbeb0ca262194c61140b2022e6ad110df040d72da0098b64eeca
PublicTest_43293519.jpg,77e0557809bcd13f98e1cd6c11bea74c638d99c3911623a1453b3228fa0ca24d
PublicTest_43304350.jpg,e18caad087c74b1ce5d2e708d0848ab3ad018fef0a6931ea73478dfe34e6d05a
PublicTest_43305510.jpg,283c51d377d66a2aab71a0178289ab73269bd9321fc55df713567ed41bd337c1
PublicTest_43316380.jpg,e678b8426e9da4fdc5f32fe28b38cb512b7d23a88dd05353f6e1225dcabc21f4
PublicTest_4332403.jpg,652a249ce231dfd1c864840c9b3c360d2ebc2daa93c00c70cb500fb98c3adafd
PublicTest_43328313.jpg,f90fe70f4df41cf7de5ffeb5c646e7ec554e590ba0b030aef37c41ac289e19a1
PublicTest_43332731.jpg,2aaa5924dfded6288ae825f18cca2d2a1609942a916085ae059559d452067cac
PublicTest_43360747.jpg,f0ba3142b4d545007a49fc105f7720b80b811ee6f2608a30ba59b7f2fdf7328d
PublicTest_43383329.jpg,c1f97cfcdfc505eb31d92122c75f4aed69e6e5ece966928ba589d6ae214a8ded
PublicTest_43477229.jpg,76f1f199908501420edee7c05b1c194090cf1fedd5ecc7603efe62e78b08b23f
PublicTest_43491160.jpg,6beb00d40c1e258c824fd5dc9d4f86c7eb580051222d300750d2c396904f6870
PublicTest_43513297.jpg,cdd7e356ea4ce3d2d7a3fa9f4663a028275a917169a77d708af9439c289a7fa6
PublicTest_43646303.jpg,2cae01cc1fba6bf119920c1dd2b61ce4708610c6ebe88a7a6da8eab690486b8f
PublicTest_43687012.jpg,e5deea16259e42edab3e39d25655e043719d1e4cf219a5807d302493cc99a3ba
PublicTest_43690380.jpg,a9cb3a1cb8b7f6bf07f53efcd5541b371f06afc0eed53fa5663d0ea32195bc15
PublicTest_43692311.jpg,dfaef35a2fbcb6b20d8957f245bbbeda04f9a8ab8fdb1b6c56f72ae1b5214daf
PublicTest_43734039.jpg,b0bb1931daf80cb1052f3c82dc7c0f0f92e0c849ae0638d6b45900bbfc5a72e8
PublicTest_43785810.jpg,0298ef267b6ff9276b3daec3dccfa807430a3d1c5365c44cedf61a13d43d1d00
PublicTest_4379266.jpg,67e225285b24163f9b18f1e8b7a44ec01ff72adf9f0f8208fd203a5fb41d8534
PublicTest_43801413.jpg,1500b33833a18a153d2947bba6576d93cf928662a0b4e940ed9cb87756a578e2
PublicTest_43836286.jpg,5f773c6116a7afbf0361a52322d77c52602d549594af0717aada7b2a0c40a087
PublicTest_43846619.jpg,467af287a694cecc946b174a79140659a629fff1ee653d5798a9b18e2b6e4776
PublicTest_43895652.jpg,a00eb26bca8d8e922ff8c454161d1b914ea38c53a3ba8da301c387a051e987a7
PublicTest_43945833.jpg,d9e57c80de06d3ddb1c3138f0ec315e93f0e6e506667dcb82ebe09844b92284c
PublicTest_4395460.jpg,59e6a51d19963f570aea74e18af8bd334d83ef19f0798a49dfe392b100b0ba0b
PublicTest_43997808.jpg,002b7fb5dd46c425db1c00c16c88f5130fda8aa0105f4569b83d58c5589c4c3e
PublicTest_44022516.jpg,379bf1a726ce8a6fa3126be7b953fa068afd0b023109ed7e599d12ca3a96afd1
PublicTest_44039271.jpg,5e3d5e644ac55a1d3af7c4ec3627cf69da4239b0cdca9e0430564442dc758a1e
PublicTest_44079592.jpg,2dc33b546effd8d8a8eb31133d0fcc7fb67611d9bbcdff66bc2618ef26ccfee6
PublicTest_4411038.jpg,66de5f47971891d7f457393752d56c90bf26f9b427fe3a1389ebe0b242031214
PublicTest_44139516.jpg,850347f9e379eb8a4f6f20b0f38708b361ac36fbb17997a84f9eeb6cb119530f
PublicTest_44164524.jpg,79ca909354251a9d9a0a480184eaeaf676e348bec6cca4adc19bdf68428a734c
PublicTest_44179455.jpg,d5e50340aac3799bcc413a78578a42b17cca3540b71e8a3cb194c7138cd45f81
PublicTest_44184063.jpg,aaad0854bed201217d7657de91d65dcd745b83388b9d4533d606ba5f5b079edf
PublicTest_44193720.jpg,28487fe7c851117d75a9057cb0e88f4a00cef572bd8ba4b8f0d129ab4b16f0fd
PublicTest_4422105.jpg,8dc925acc46aec0d833df90215a91ec451388ade92846b96b7e259fc712044b6
PublicTest_44227970.jpg,159609317b93469f43bd45a990eee6f482fa4cba71bbb0a7e2480c93121824cf
PublicTest_44233912.jpg,8a70ab02a6eee21725ff4eedf50856cb583001afaffe94fbf7e2706748367898
PublicTest_44296746.jpg,0833953d39d4d7df9d1c680f0ca57d85760736c46e51aaaef213c43de05a1059
PublicTest_44337060.jpg,be1bf4d22cfd38f7c22f6885fbc37a7843bc356906e7d7d7d4e45d519a375520
PublicTest_44362743.jpg,3dfcf31868f751814ef14fa73073daaec8f3bd0732eb82734c0d34fbe2960e98
PublicTest_44449594.jpg,34ffc3a7d34a05018cee7835c944b6bc8ae6c819eb4b76a3d0d64164a7222156
PublicTest_4445691.jpg,b3a0b6a794ff165b6ce381c6f60e395c436e4457bc0e11f9412e857335d261e8
PublicTest_44457627.jpg,78534e0f6373ace34ee21d06d37d233417606e165d0eb498bde7d85a89d953e9
PublicTest_44484688.jpg,536e473eb65fbe680c8af07b3d2a365662928baaebfe1875e9c457fa551bbac9
PublicTest_44530302.jpg,4c7af90e2ca54ef81342ad377b2a1932f5f4450c361b700ecfea3328bc010839
PublicTest_44535619.jpg,dc7550f60d29d8cbe68daa5b6ce05445f883acf484881727d6a248a271e87dcb
PublicTest_44603096.jpg,9faccdcbe1182de0613381d8090f9831addac9e3bb05ca0b0b7909c3ed4a7ddc
PublicTest_44664076.jpg,51db38e80cc7b442ba2fc678b22281d22be1d689c66bd98325cfaec259cb57e5
PublicTest_44679916.jpg,71374c346e07395ba765e2c5ad31a689578646eacce007ccf3aec653cc24626e
PublicTest_44694203.jpg,21ea967c9afa2fa965ba803e71efe10b8122a3f672fb31e197d9c2ccb48716c8
PublicTest_4471513.jpg,d7461b0329a977070a6003c0cd6fdb6f1334ea52325685ad301617c46e40fdd3
PublicTest_44720580.jpg,00a04dd499ce115ad3ed565522786aca5b562e8864881d7c90211e8143a026d9
PublicTest_4475358.jpg,f64f74fb58425b50a27ced6a4467d47cc1ff8990df4ffa90617446e7c902e1a6
PublicTest_44770869.jpg,12ee20d8715f02b445d47874f5e66d4d6772347cbd5a13c69dc3875277b26c0e
PublicTest_44774809.jpg,0b167ae5fa7cdb5443af6ebc133c6b555fe9b5e3a7c15218ab619c91af8ae015
PublicTest_44803062.jpg,9b5ce99c989852df2f7613f5c95b6c2e2a4611ad7c74bc5a257701494940de2f
PublicTest_44836790.jpg,1ef9665e0037fa95dcf66e54f70c2fdde22d9a429acfc5dac2a9b428b3e88f51
PublicTest_44866906.jpg,d2606efd1ba7fbb3c336b0e1ff273feba78e472556c5bcc0f85ded71945d041b
PublicTest_44881174.jpg,97190d1e0d062465c9b019316394ae8cf03bee4447a7090d477523273a93dc3d
PublicTest_44912224.jpg,722100809dd202ea732629748485467e16e9c0d4d8557ca12ee63baf31365c01
PublicTest_4493968.jpg,e8ffb70e3b35bdfa9fc83556e8fb0a44ea11337b39182f5177e8c37c5feacc71
PublicTest_4496845.jpg,4287e8e8f542882649d81bb1033cb432c02fe12a2457b9ec1920a1adae3045c6
PublicTest_4506555.jpg,7c61217af359c499652832b16cfe31d9a9de9ca00afd74f6d714efb3084d653c
PublicTest_45066375.jpg,c11ced52138c6d0732b88cf09d5359f21dbe535f1e7f87820b43ae2156d625cb
PublicTest_4506807.jpg,cf4359df23904e8fb10623bd56dd2ff556dcaf84e19b549e45b79d1075c5da6a
PublicTest_45072574.jpg,5318a604c58017d5bd88c81fcd2ff203f355094a367542a3b1fbc3097e2a99e6
PublicTest_45083333.jpg,63869698a0b2f1e96b518d3dc81181c6229329a781d68b47339d71e50b225015
PublicTest_45090015.jpg,605c1e1cf65f05427b027bf53c5f42b26aca2223f1800d6991600e3cd576a950
PublicTest_4526445.jpg,abeb47e84a19f56bcc9fa18d8453dd8e9216fba71ea5f7d33b49189551923ad2
PublicTest_45279125.jpg,8dc9e32c0b13fada22e5201f5ba8afb78226abfda09a8bfc4152d50137c522a0
PublicTest_45297572.jpg,05cf17aa595fd06def1e4187f4ac52123c69599a03ed3b0c850f556edfa434cf
PublicTest_45316789.jpg,c82275032320bd826294397e8d1fc8c1ead1b26d8d8f58dd9fc1bd4ba7cc8598
PublicTest_4536412.jpg,f1b43c8397d5acd435990d81221897cc658c8a3a2773f0f255e9223ecea1b5ff
PublicTest_45397697.jpg,e161929078371e7fab104e9d74a369894baa19b66cc5604df8a5b85975a06c97
PublicTest_454273.jpg,b2ed99bc0d1c1a7f8338a97637716fe4c64b0b2a7cf0fda641088f107329087e
PublicTest_45496747.jpg,bab3067cbe2f7ca43e2fe20ccd8fbd856f38e8acda752db13edfbabf0bde0a88
PublicTest_45517414.jpg,64b503c7fdbc58c77d10bbc2e86f239a685a379e31da802385136edf58998d57
PublicTest_4555024.jpg,afee585a1198dbc04ab859b2ce1f626dfbb58314aeef859872f92846e7d06e08
PublicTest_45566352.jpg,352311b6e5c5347512c66efc95c6d844f1344bf669e7083fa9a74041f6c27766
PublicTest_45584084.jpg,c8bc65d96cc51e19b58f4fd8a07083fd5f0910a5bcfe3b71d7ad2bfa91905f90
PublicTest_45660596.jpg,b00e2ca7be92165843b612aea7f5161f4efabef0c1ad2028526dcf51e07e1579
PublicTest_45682182.jpg,efc217383eb0c0c971375cb36ebe544d2c8d1170126b43f858b2d380dd38c9f5
PublicTest_45715095.jpg,2fa4cb73df899c693179bd7c8aa291f8b7ab41485ee0c9bcaa5a42209043169a
PublicTest_45742840.jpg,bdd9a36ae307b8e0aba14f171c0658eb4bc0dc6032458dd5e2900c902ebd6a53
PublicTest_45776620.jpg,0cc6fb858985756bdeba5c746ca709e34d1fc413a65c46d7eac21037c7465b69
PublicTest_45784121.jpg,2626a4ab5644ae5076e31c50f72e7828c8fd8dabf5703c6d7752bd03f3b55d4b
PublicTest_45792370.jpg,ad8e0c9f4974cf5b0791d74092ee2765deaf3e0afe5ae71c1525afece3f11bb1
PublicTest_45792830.jpg,880345ee493b890c2c367fbd9f164e51866ac4f70f31ba425364dd7e06b5dc49
PublicTest_45795345.jpg,c367db5d9f493c710a50ab5cbef92cd251c99dd9d8b79d40f700ddc2dac5d699
PublicTest_45800514.jpg,b3d4880fe4189b221cdf0e353be840c5acd617cc36db41ee8bdbe8a10e2dbe25
PublicTest_45821911.jpg,e422a08333687b7217b152f99dd415c9ff82f64bad05cc6273b60cd3be90be96
PublicTest_45859307.jpg,22acd1367419f1861fcf8bdd2592461303c1729dd0cda6b6f8f57ed2c5f99c90
PublicTest_45906897.jpg,d74981d7a0e5609c7e50769c9afc83561058195caaf6e3019b808a3a51081379
PublicTest_45911168.jpg,af531a1e3514ccdbf35f267f969c08161e32cb2ca712a274644ff69ae919e7d5
PublicTest_4598337.jpg,bd4bbc6163421490d45495b7cb36e2cd4f3d553f675453181b70a08dd44e5df8
PublicTest_4600014.jpg,1fc40bb6ea10d026667221ca06650b1d5c477c010bd25ee3307af82d5af37952
PublicTest_46006300.jpg,1d9f3d2208d1cf707dfd8909e2256b09e7f63f7d83403bc54a6dc6aebda0eda3
PublicTest_46006432.jpg,fa57c9310ea25e9e72aa0710a3a45d0aec5007205503709b6aaa59a4e41d0738
PublicTest_4611414.jpg,943c77250fe98dd625d7bbc0fbda5dc51b599466f1cd6799d081a29d196cd0fa
PublicTest_46143386.jpg,1987479bcd2424312c651065bcc9c6d1257f5dd2f64130c2d1dc6474ae9192a7
PublicTest_46144482.jpg,e1677eed5fa6adf700b01d15de76625ee14a564d45d6d5e5dc69d525df77f43b
PublicTest_4616983.jpg,3e625f91b207581bc6e4a4ea6aac3970a81bd3b9ceb87cf7975aeb34cb675454
PublicTest_46181567.jpg,c89f2b1bb95585dc5bd7faa641ef2b343590ce45658f761d7d1ad147ff27f822
PublicTest_46279040.jpg,1612ee4b448917423162bfe6ddd698b2512fc812d183a2cf12d02aacf558220e
PublicTest_46296079.jpg,8083c6cd341e5028834def12d510a49e6044fd2a0e516470867506190d91392a
PublicTest_46300400.jpg,062a0d83d46edd6223bfdf23376cf4aad533008abe777e6e9245eedce72b92f5
PublicTest_46344328.jpg,c2e02b39fa49ddf1eea530e81bf116101b381730bdda40b5cc47801c073fa40c
PublicTest_46362067.jpg,af54fde0c3dc95aacdb72ccbcf115ec70a5b268e66cd6d1647c0c06624ba239b
PublicTest_46364108.jpg,94e57fd5e64a4f837180aa07fd89106dcceb30473e17e1d30e8b9d9849fe9269
PublicTest_46372964.jpg,7e3a31beda3421c12dfe306e5c6169a5bcaff48c3c0c6f8f9da7734b51d1e791
PublicTest_46377137.jpg,8661cb232a2e51d9ebe47c1909b44218023c682aeb53a7211ad61cb14f6c1fda
PublicTest_4639501.jpg,c1ccd858f6c4d43ea3ded10258fd88dfca984058a7047a6ec7b5af386c6a13e6
PublicTest_46498247.jpg,bab747f46eea5f2cd9d4f89a64d4c382dffa8607d7bfa7687ed60fe0c80c2100
PublicTest_46533021.jpg,948e679c68aaa4b4e09eb6a98e10810e30aa044669702b500b96fada73ac11c1
PublicTest_46537524.jpg,de695a47ee1fb48f659a8e20ff3ae7052da8e0928ff3565a0c05d7e85a89eb99
PublicTest_46544903.jpg,ea8051c72ce90a7259de79c7fb2b7d544d3127a1f721d41a5b2fdb54e32914d6
PublicTest_46552887.jpg,f07e3fee41a10b9223ed7a85a75bc75b29d0b613cc0210e5a63392b7c0d03214
PublicTest_46576772.jpg,b5162055b7b4782fb475deeb011f7857c8ff71c022e71984df78044bc1f093af
PublicTest_46582110.jpg,2cdc9ecc779305cd4396fce49dc9412f51da8dc7a14c226c8c4c12c2e094fe46
PublicTest_46653575.jpg,8e84c0e72f748480bff460e8f45cea85121e6d0eeaf77dbf5c9443dd51f7a6b9
PublicTest_46663858.jpg,ec9fc46b995b5c20cfacd9adc00f93b8610a1f658220c92fb30f719b28b0602b
PublicTest_46713098.jpg,c44ffaadabb0a0dd73449d0b452067486aac66721656384585e8881caaa3d87a
PublicTest_46731402.jpg,1f1a5b369a53d7cb360e1756a65f8f79c612e039c008ccda2444d94b17887d65
PublicTest_46749562.jpg,8f2dfc293db2580ce43b3dfe49d5d12bce4389d244abaa924b8ae6e8e10b361c
PublicTest_46791931.jpg,2a7489a27731774fd418a9dadbba69ddbbbdc48d35165ae6c709d751ced97141
PublicTest_46847733.jpg,ac64651b7faaed4a0620f44e6df7e188df8f92d1d4572703a8ae4d1c83680d27
PublicTest_46856539.jpg,ff4dae22273734b5b2861dc682011387b839369e1fda70c805d65c8459ac72c6
PublicTest_4690717.jpg,d9a6f6822fca93f5a97f76c228205417e740a7a4c659514bcbf962b1125f1bc0
PublicTest_46929671.jpg,20ed57bebba7ae38ea69169d678d35aeaa2b3f7f526b0191c21b06f6c72a95ad
PublicTest_46931060.jpg,a21958a573aff9c35b182e6e6ec70230fc8ced0a4f99d8e3bf9c72a7b0b27144
PublicTest_46945921.jpg,f347503059876fe68a98ffa9f5f46aaf8ce956946a387d9b4437637f7c2643e3
PublicTest_46988474.jpg,360e6f025c4100ed16403d6e82e6462fa07673026e233f9109c101b23b026500
PublicTest_47030522.jpg,37a1245a92a3618302d730e9dc5d514ce81dbc91cdb37b7f27f17024d60d1a20
PublicTest_47060827.jpg,dbaf9ea6521e59f062c412905a8068cfb12060b0599408c9be7e6433057906a5
PublicTest_47096185.jpg,4f0aa7af1f44593c7999cee8e204433374afc4e53e3b9801f135412613770ac6
PublicTest_47128693.jpg,a055bf5d49db35fbf963c3f99e4b48363c329fbbb25ee84a3860825645bc8db5
PublicTest_47185362.jpg,0823a59f848bb2d9bece0e32f38f34fbf23b590604cac0d55e2cc39c961a3d3f
PublicTest_47189437.jpg,39283e09f1abfcffb88d71bddab6d22fa9c6fc76744cd5ad74bc095296bae361
PublicTest_47189506.jpg,bd3810702bada6f067ea4404ab9e8cedc3cf1adca247feb801d8ff5b69ddbfdc
PublicTest_47191174.jpg,2c4ba90dc2c4c22de8997a162bb6690280e872c6a016a8bfeae06d5a83c525ed
PublicTest_47196221.jpg,e11552937472bef2cbbbbc8cd8262ab4472977e411e1c4d8da2e78d96d43939e
PublicTest_47231616.jpg,73c114369d0e5b229352030f4857e91d8c2a3803f73c0f0a36780d6e63d1cf50
PublicTest_47244745.jpg,c36ddea51135b85a1d1daba84d8f6ca27d86c346b019b26fb30c26b2cd646267
PublicTest_47272764.jpg,5a9cd1ccc8923da1358f7bfd8929aa79f54e4c83aaad49a1ebc2ef3f1b2501b0
PublicTest_47273940.jpg,26764121d0c98759457f8a7b85caf9f5e5b523f37ba621edefcc76a3d08c89b8
PublicTest_47319080.jpg,4b8356d7ae0edaf246bd91edc772f26e160f2379133a3af6940543b84f7eda2c
PublicTest_47368423.jpg,3328cf847b19af4c3d16d0db74ba97263cb9b3f2b1de9b7168c4a30f37d00be7
PublicTest_47374366.jpg,8675e481c7f9cb3289b124e06685665fc5de7694936344c7d6d8c15cb5a824fe
PublicTest_47396062.jpg,d7de0faba6fb0517298ba1e74ef09c4d898c6eaef15064ae53070adeeca3a20f
PublicTest_47434180.jpg,00c0dd3b8179bb503d799e6159579c9b3433ce9870ba5d61b50255b795c13bd6
PublicTest_47436339.jpg,af0e9c1ca16e2b035a921d530c06f80e76da235ebec9e1c013868cc500cb0ae1
PublicTest_47452496.jpg,6f2069a4e614fb9abeec1bb92b5aae4f75916e23360a427039ca6f6a9d6a0ee9
PublicTest_47465743.jpg,731e6397a9cf186397c9f405d1d8e8f080a88cbfb05eb71849c82d34c5ad9b4f
PublicTest_47471236.jpg,a7a06bce40f13fbf607fbaecde56bea0a3cb51518a0dce9cbadf6a8ed46d1f8a
PublicTest_47495579.jpg,91bea4c74cf4b314f566f83807bffd5a59e2b0669e15dc0a3de9a2a29ba1e279
PublicTest_47502306.jpg,3c468433a0f3f608eacf8884033b46b4a12727edcc683818189956688ee63334
PublicTest_47524154.jpg,0192e80e09f75b2d1ead17b37a125690bd095b266e73cb5680c706bb976ebc2c
PublicTest_47530190.jpg,d0b45176ffe67b58ff87891df62f31a4b3d73155f843bfb98aebabb694b243d2
PublicTest_47534258.jpg,4b823dc4f589836b527fb07cd93cda0d6a8e8591d491a5b8512e7216f41ed16f
PublicTest_4754356.jpg,3cd95df8651dc3af68601a63c8b1f8605ad9333ca453ddd85c30c7d4c7b73e9d
PublicTest_47544452.jpg,fc4bb8c549e060d1470bf737cb6b6ac84ebc716efd961303128f62f7edeff88d
PublicTest_47601588.jpg,4bb8730b02d42fe56aba9939698d743aa37bbdabb43bc19bbefa3e3c6be2a003
PublicTest_47639345.jpg,2f4f2251335388d15c00e877d0b09b3f8215c28db96781593cac4400c5df5993
PublicTest_47690310.jpg,a6ed007ebfdc6ebb17b15b98f4f908abf53293271ca43a3fe6811851c23f8305
PublicTest_47700797.jpg,93068d50b885ef20466823364fe96bd861c2ea8c40646b359bec1e00a8a5f97f
PublicTest_4773003.jpg,38bdc62e1ba1ec3a5fd2d97e5467c2d089ff48bca67d15b5dab57a66775af0d9
PublicTest_47760796.jpg,ac346fb0c1f9eed93a9d72df0dce42dcb146feb096fe53e3107c2f0456c705f4
PublicTest_47761948.jpg,616b1018d05ae9b5af13ea4b5fd6789d919ea89711eb61dd09c454f27649c88d
PublicTest_47790990.jpg,4c1ba2c97ff6159e1a25bd3c0eea56113b1ebf9aad73c555b92f0e165d54ff54
PublicTest_47800884.jpg,adc1f2b0a573a8a708d8435c371933eb62d947f3424e9010fa847ca7604307db
PublicTest_47804687.jpg,c97fc0082fded9b6d76bf181c8657cdf3b52345c30df89ef4e808155fb8241e6
PublicTest_47814152.jpg,8b18e60d55f5d9f548e1f591112e29a5615735a8927e687fff3ae2743df2abec
PublicTest_47859715.jpg,93428717c7c35d522e638269001563d83c17defdd94701a75c8f790a7e751eaa
PublicTest_47864767.jpg,4fc8b78b1a06b33d8dcf26c8b35e6aec0be66d1506bb93125e405f6c790c1850
PublicTest_47877321.jpg,2446b8a6f8fbe61f66f216e37e243c5b1d09a8776600ae4f8a19379703b59478
PublicTest_47886319.jpg,6a43cbcca95621153137c245000f4f3859e3caddecfd1a4769a421b0aa523907
PublicTest_47890160.jpg,079303d78a97d1f4ff93a0de484123bf3f075afe7b77167e1c69452cad0c58a9
PublicTest_47890853.jpg,4a010d3eba2778a67b2f8d0efe4abae1c7879294453f63ebc71f67af5594adf9
PublicTest_47899862.jpg,d6ff36faea44e8234ad420b789f1b27e6e17bda921a51e5fc2b037ca3314940f
PublicTest_4791295.jpg,77e7b04cd4674e4df182e635fbd9db27912d392c942fa04b6072db1bc72e9ed9
PublicTest_47929790.jpg,31e3ae2a35fa43ad19e3f882c353dc4339903601c5a1f679bde41e3020dd8ecb
PublicTest_47955706.jpg,f2d1e9942d35abf098f99a61019dffa2d0d401ee151f63f0f3808c6fc8a3966b
PublicTest_47958709.jpg,33be2f5987f3b81198b649eb43d5807dfbb8968e1a2308e9e1af3eea25fc17f9
PublicTest_47965694.jpg,cb11036e15b4f31cce1fe4deecacd0d955f1ddce6564b05a7bc63e835827a028
PublicTest_47997171.jpg,1a203fb57ba44f8970bfe849dd7d915814abcf2b072acfae60cbd8ac7d3c247a
PublicTest_48036150.jpg,acb698aef5e1bbc52bf44308905ec717c0f662a7df0615cb7cc1adb5b35ab44c
PublicTest_48037868.jpg,346906ea50f9bfa2f2cbbfd5ba7c1b1fb720c45cb4bc5721690bd5de6a98862d
PublicTest_48043281.jpg,4e07a5e1517f01ad8e204ead8782d19475b739d4db506bb5204f5b3c731177af
PublicTest_48059828.jpg,49247c9b00124979e6a980f082f10aea4446df6a020aced7fbc7064452c59d3b
PublicTest_48078671.jpg,9b74b31d09a4d5da50d67b449d5e849eaa1d6bb43d800eba288f3c70b1fa12d7
PublicTest_48109397.jpg,d1363597605eb0e2a1fd3a1b5364009039fb17bdacfa9658aaa4ae99cf4ddf0f
PublicTest_48143515.jpg,8b1799ccc5b22c012fea073b46e3322fed95fb8a25fb5ac191c414165dd6b6c0
PublicTest_48149003.jpg,aeb68f696880e838f9aacd4b93c2f51140767553e3a6873f6adf32bfd81450b5
PublicTest_4815338.jpg,2bd950a5e7373d866a78acbef759cc3bf80cb219d99d51c13fe5f02b45951eac
PublicTest_48156348.jpg,6d7c2971c092a91ad7b03dea3700f61889333be3706a05f8611ca23595c9f899
PublicTest_48170323.jpg,cf8fc0529f0f1f9735a7f40a6533aa275e1ad45642c7ff2de8539733ddb910ea
PublicTest_4819015.jpg,b67343dbf0c837efd7cae6c2f7567f376f4fee012a4ac852e77682b3830a0841
PublicTest_48213101.jpg,c017af8c8a9a2fd41ba4d01258513fdd649c3ad89e6753a6aa0046341d7cd9ba
PublicTest_4822332.jpg,8106a5f1a93c85d6ffe375e9cbe8ec40b3417dfc4f7f205c20cf5d4d434061ff
PublicTest_48232878.jpg,92e825cfd710e332fe2a8e53f79984ce6f9ba63db3df8c2436a5dc4a084bb1ca
PublicTest_48286360.jpg,153e455a1af0d93d8d1b06bf029b801b57e1ef5066e77c9603b7c5eed84c817f
PublicTest_48364789.jpg,f7c0ed191ed9c1e725fb6d78ad17d3357f4085d3eadf5e184c814cf6903d8c30
PublicTest_48371269.jpg,c00e9eb2e5f44369162339ae1ecddc65f3b84aa1a361d1a4cf04d0e2ebc5ca2c
PublicTest_48413488.jpg,c88a670e8dcb957e7c780cd518f28ed61a050ea3f6a4f5cc37e7a3c615f6d7cc
PublicTest_48415985.jpg,deea218a356a09ce934b3435c2a590de07066baafc45d459ee229906e59d2013
PublicTest_48428562.jpg,605b61da41736f903af9a3bf79900c00bff6e50db1f0b37e11fd688f80bd2d94
PublicTest_48432702.jpg,bceea1f1c50f38f7bf7949fe62bbe0747f60f376c21bb1316f5aa02c315a20fa
PublicTest_48457790.jpg,73cbf8999cf141cc170c34e818e3c5356210602410cf1d171b623f5c20920e6d
PublicTest_48464730.jpg,70bfca133f1afd3fc82f06d8df7feee436260d8435d9d570abe9a60dcc001104
PublicTest_48467678.jpg,c78fa026461063042e37dd05fb467ea0818111a8562385631efd94083c992f3a
PublicTest_48509199.jpg,ec7e9f1d9616644b1da100942c55534881bfd00b05ac102152fc57ae5c22c16d
PublicTest_48511728.jpg,a052a68d9fce53ae865cd4dcd93260c3bca49fe0ca3d83625cfad669e7a3ea9b
PublicTest_48512363.jpg,21c734765adb5be99862556c453d6fb8ad83f60e8c087a16a7980b847624a0f4
PublicTest_48535769.jpg,f9f475bffaeb83441752d58f3ec0a124ee1484936644d1480da0a5d7ebb96c1e
PublicTest_48557002.jpg,853d3b98a9e6cca8cc91ead34161b24722a76a1dca76f08fcd805095b157a46a
PublicTest_48565094.jpg,71e858dd38438d7e5ff8f98cae70d553f09218eac9bdb2cc38d8c669047d8c73
PublicTest_48672907.jpg,a2f3cf077b21b74edd1ac4c18a088bf2a4ee3eeda6365c6d6b36dfa6e64b902b
PublicTest_48705256.jpg,cd7fd1e772a74f13b2b7575d4ce33e7fe8eca2f0edeef3ede922a722afb31d15
PublicTest_48707071.jpg,c5d28c00574e59d33d54b16a8d32863ba625aa6deb0bc8611e53faa6ce486576
PublicTest_48714314.jpg,d9e44c52d973039e1952a2ad93743fbc5db55b10cc7a3b8cfd706cbaa2c914ce
PublicTest_48757021.jpg,61341bf60e81c9a6d6efa4d159f0c0408247465a8a2e6f4da989eea019f93b25
PublicTest_4878633.jpg,089a469758527076fb7e6757ad271d7ffd6e31485b0320cc592820bf7a97b4f9
PublicTest_4883166.jpg,20b04412a5e93a2502f11c5a59b806bf7f47b61d08d7680d54f693857923e477
PublicTest_48874576.jpg,5d99f0104c4c40b691f1f04b73ce97c5b1aa1167201f04b491160a1fea1eeb3c
PublicTest_48885331.jpg,ad10db82536e62006692e2bafe9c5ecd881af057e2d4d10722f716173f4c280c
PublicTest_48893233.jpg,da34774442f7c9d6fda3f2524c0530ff2c95f3505e467ec98027b87f13e95a20
PublicTest_48907173.jpg,063b0b91f0eccacb5147f28e71651257a182abdb5c6c6655e564f5a1365e2ef2
PublicTest_48917305.jpg,fd4a7ea47b880d65f5d66dd39f2e2f8cee504a18e7682424f6122c9ed70f1534
PublicTest_48953105.jpg,d71f09ab5ccc603a8f859d00eb2bdebc7d8c9dd38428ab0107a55a263af6b863
PublicTest_48988865.jpg,7a07d9465902498ef94891bf0816a8a50d6c74711dd401bf75bb57f28d6efab9
PublicTest_48991844.jpg,a6fbfdd6bcf0eb60ac43ed22bf8986ea25f55e762537ec91e05536682d9deed5
PublicTest_49008517.jpg,887daedea72282b2060d72a388537dede6888b42b5a5073edf2f1a14bf5e1cac
PublicTest_49010808.jpg,761dfdb3190e239b8535d455b42c9c9aa689d949372455ced7dd5df14bff6a4a
PublicTest_49034123.jpg,1fc55e2d9bef59fa17eda5bc70ad8c5d9750f7c729260c0979c7fd3e68d9a2b6
PublicTest_49043926.jpg,3b58fb1560c641836398f7f8d55967aa97cb2b6dade2c17d4b0d51837393f15d
PublicTest_49049109.jpg,9ffd6aa4622cdd52d799696d7952186e5fabd7dbe7549394460b61a6d395970a
PublicTest_49065038.jpg,48d0c0d47018df66ba24bef6cb5895315b75f19e54a408c0962ee532b8f2f704
PublicTest_49089142.jpg,a54dc57ec67da8a11dee266bfd60854018fc49455249e067e8bf7bacb250a6c8
PublicTest_49119556.jpg,fd03aaa6d03a61377b305596ec59cd712c54eea2b7e3588f789e6568e4d07a79
PublicTest_4915092.jpg,3de28ab1591a55945ac262748d8eb1f94337f67b825f0226be609afc5a79fbdb
PublicTest_49162234.jpg,c0ab4eb6d301ca6218cfbd884f134f6db07ed77c905a2a1d6ed0a58d6ff0ac46
PublicTest_49174878.jpg,c2612be66f8cb6a61336950f56048db50d8daa6b7209687fdbbda96b340498d1
PublicTest_49178232.jpg,f884b56db2c2f9cdd85531408370e5313fdb88b6bd902df4c0b20ccd02d2ae26
PublicTest_49194442.jpg,62dfca014928616a53b53e3a446c1505e1aaedb6bdb279640a174265c5cdbbb2
PublicTest_4923344.jpg,f2f9e95bafb57c654eaf9ffb84329389e7bf71ef831f7932dcafce9c724f1ddb
PublicTest_49264937.jpg,8b6d701d327d5deb11121eafd5b65bf5a5939823664794ce9cdcb40ab4b4d55b
PublicTest_49302808.jpg,65676047340604305feb00d7076665886ce3dcbed18d2b4bec18d429205e2f3c
PublicTest_49324808.jpg,aad98e9d0104eb10eca60a889c5520ae8ac9932b85dddc6a7f110a90b9192bed
PublicTest_49352382.jpg,e43d202238ad4ea9b5a59c90da1492414c91ba2fbb5d9fa5e26d0efe84395917
PublicTest_4936632.jpg,22ebe21a485700bcf78e310c7fd07b732d62f049b41654091b0d328ff9ca4990
PublicTest_49408064.jpg,21c734765adb5be99862556c453d6fb8ad83f60e8c087a16a7980b847624a0f4
PublicTest_49414561.jpg,959d4d8a2b9638e43a09e942fe9e87b02978cfea3e8b41c81011849a6aa27f63
PublicTest_49444980.jpg,c7c3942bb96d8ad79183743fa31bcdd02d9c8bc0774f1edf3838cdeb50eeff9f
PublicTest_49452096.jpg,50fb5b82a3084bf3103ea6ea054f28b3c68457ee98f0ccb5a116a5d8e365b077
PublicTest_49478900.jpg,775b0dfe01c30ddd06b53e425ac1c61036f1dc17a9f414689ba285bf8368f645
PublicTest_49497886.jpg,d19984eaa15c5300806f3fb57c9366adaadebc412d29526e66314617473d94a3
PublicTest_49498332.jpg,ec7c85ab38d624c1fa213f0964d9459dbe58fa1ddf711315087b70f966f3790d
PublicTest_4951112.jpg,bb3b1f15b00807746ec577e1c592cf40c8306cf7c3cd316f6ed5f7ddcbf3ce69
PublicTest_4956999.jpg,42c77f045ee8a18e9e7a52b5971360807fdea83ad16789d24ec6bcf533df28b7
PublicTest_49583118.jpg,689b1a7d106f9598fd700fa581271423e50c4a1894fd7b10a7cb6339b8faa6a9
PublicTest_49591430.jpg,b96028e0caa7bff67c8a473bead40aea94a2532ff3b6f048647326392b7fe7b9
PublicTest_49651304.jpg,9daa12b543b6a70542780a00a90fe9ac95f967d91cee462ec8666f32afeaa4b5
PublicTest_49657111.jpg,6eb6e4c6f6aad721598fe3e00459a4f3ada21d0bb0b9cff427da471bfe7d868c
PublicTest_49692370.jpg,65043bc38ff4b653b7c04a60575e5329dcf6b18ba9ae15b16d7709c6e299a437
PublicTest_49699221.jpg,1632b64b97a9a569f047749f0a66a445deb98b8af307de3cbdccd0e351de4910
PublicTest_497151.jpg,cc20d3d4f3088c884e9aafcf1db29ccea923f4fb071827fa0b45edcb67f15f70
PublicTest_4971720.jpg,a9208e48cbb8d5c03d8970ea6e59bf10dd2b6690e94739ea3d8b7f5cf73a0baa
PublicTest_49738803.jpg,8b6decaef1834df06f156c5ad607ba2f802a343296de7993ef6702f023fc2539
PublicTest_49739228.jpg,75c0e337b516eae78e38da982d3cf35eaf5131582870393a3ede31cadf58114b
PublicTest_49770561.jpg,e6531e5295a7b2f0ecf33d28ea28b5f361cc159e4500dca44c7ecda693dc3566
PublicTest_49809277.jpg,f109323c1458819f3cf043cbf360a42a4730cf67fec02e2cd97915898b69f565
PublicTest_49816149.jpg,50707d4ad2493325fbebd97e5bba80eb83de1bcdd33447dcb63c14a0566a8528
PublicTest_49826465.jpg,21b56cc3eb00f439af1f1c7970c3bef4990357440ab1baec353e1b62c00cbe23
PublicTest_49838260.jpg,acebdf0eaef14ffa9fe44ab3633a58c5233f3d1d73102951a936963605e9af0a
PublicTest_49898176.jpg,11ccd994f5c7f5e1857f8012fb39102b6ba0a170950722d1843a7b92a3a535d8
PublicTest_49946426.jpg,333cb884905a9f9d4064974e930586c68a2a0e378e2e32a127f75add2e853e56
PublicTest_49949167.jpg,4111c2050f81c6eff1f85c6e5158edad8c2febf91101ad5654a682be83cc3668
PublicTest_49962615.jpg,3f75ddab30e0a9df51e6cd38f4ac9ac3d608be077831b902571369f1b705fb04
PublicTest_49985118.jpg,c05eb2cb6c2204afbc796aa77792f30d3b3a4a44c920632c0529d73ec32d9937
PublicTest_50024142.jpg,42279d86adaf61dd57eec88957e121ee59351cc3d7cefb8e5e82721f341948b5
PublicTest_50055739.jpg,2e039d56edc869c7ac23be1694aef4b3a5a970d369a6f9b27bc9cfb5082e8599
PublicTest_50055950.jpg,6b5ddb83c3c297816ded78067a6118fcc2680f3851a0c8189e3cbfca360a4350
PublicTest_5010883.jpg,87efe6da388c104b5e784b0e5542909ac469e2094da69df6869e5a784c7dd8fb
PublicTest_50125598.jpg,dfcdc353a1d98a4e2f840b76d8bc1e9671eb3ff3424ffcd6d0fe252a5fedc388
PublicTest_50152754.jpg,553aeb1d467cac6e12a952da323378b4b492b5579c314aa75b9177e97da88627
PublicTest_50175956.jpg,60f9be0eb448b45e9fb8972d90580c9147ad9224db716cdf6bf48578b59dfe31
PublicTest_50181562.jpg,e3f8ec8a126f404c596d6ce7a9cc8ee6baa15d1fe5898e41973765bee30da4bd
PublicTest_50196852.jpg,07cc84f15819ca7df0f359ff7ad1fb93e1538c4ef07661409906d6d0aa6678cb
PublicTest_50206070.jpg,d6ba88d7625a95012a4692a0ee0bc7ce8a8f19e611d3f754d3ea555168cd7044
PublicTest_50259008.jpg,42561f35d6d2b7e6b97cd686563266e53c94fdeed326f2e41f7f58fa9dc32424
PublicTest_50274770.jpg,76183623cfb21f53b66625b50cd5dee647e35cfc3e0c28ddfea683f5a611d05f
PublicTest_50361848.jpg,d63d049125a9d4411745a96a2f2845fe592b451017b117b45d879dbe15e08acd
PublicTest_50378206.jpg,9be11bd1021d49d6c7bb3703e3d558729de09f79a5999c4a901db146d00e470c
PublicTest_50385779.jpg,88599ba332e9307ce4af26a4a955f28560a65e5b0e3ff548876d302d69de3d06
PublicTest_50392408.jpg,0e8dd738322431e0e6bb3877057f0312b4f4d9413efc1ef85c43c9521154c985
PublicTest_50429957.jpg,fdfb216b52b354f8cc4943c7026fa8d82ce1fb1cac4f724db3ec6b277ec99418
PublicTest_5044962.jpg,3e2bd43450ebe0c334a44b16e7262704cf5aadf8f3550973d7dbd392e02a1061
PublicTest_50511069.jpg,8fa0cc69e73287aa8d31826b2d8b51c00d8655f2c158e7367e5d5c04944390e5
PublicTest_50573359.jpg,4a2a651e63ec3807f472c04c6cddd3e565202bb384a0353399dd9590922c58f3
PublicTest_50611385.jpg,39aba9d13d6e5be1f4e9658d27237f10afb9a3b9ee03be563a9064ae3f92a6be
PublicTest_50642041.jpg,260b40f9d7f2cee50f8eea74371b7da1bf6eb5d135194c74a851cb587ee7bff0
PublicTest_50664677.jpg,7b3270449ef115e9be08058cb65cfeeaef78f291f3bccad267c0ac8c4e35186a
PublicTest_50685895.jpg,cb9f7a9119f363d29cf04453016cb35ecce8674bfe9fdc9b5ee8e196ffa4feda
PublicTest_50697101.jpg,490f6df58158c3503d66e90ab6beb10c66af44ed9a5105be753ef11f2a25aa61
PublicTest_50782200.jpg,58477c36ec847060ba70e1d5b329c8eab7c2c875ad43c02c8ee2cf4fe8e0327d
PublicTest_50787769.jpg,5baae96c50dc651669b945aef843069ef838689aed94ea8140de0c9d2d955de8
PublicTest_5080928.jpg,396033d72b0ffc50f5bd1425610a9541646150e5c2ce6d3091d69bb030f83c3e
PublicTest_50829889.jpg,413a756fcbca83ca721bd6f6012cd83fc37b0970297b9757bcecf1a20f4fb96e
PublicTest_5084106.jpg,0847132cc8ddc92ecc74b91ac60a384ac740c65a37cf7ad662223c697b055c3b
PublicTest_50859184.jpg,edf70435194f0274a5c5a67f87358cd79810b5bd2314b2380c95825f0373e5d3
PublicTest_50867484.jpg,6a9ed82f9021960031d2747a7dd98c6dfdc57fde3b31ae7822b9e6373423eb71
PublicTest_50905235.jpg,58fb062c76290647c1f6bbc4de2c72e070b6ccd42d562339e8a876cf08c2ad64
PublicTest_50918771.jpg,1c2ec49d641cff1a7ec626ee924c0e508d6990cb9613b595d0a2a0c5c403732e
PublicTest_50921146.jpg,96bcc8b5222454947adf7803ac9baf2bba82cdbc2fd371e9c33d9e23f3c535a2
PublicTest_50922918.jpg,5304ca7242ae656292746e6cfb211a20dfc0601575a260eb59b6a720aaf10b51
PublicTest_50927771.jpg,ee03b899da1d52996a6989fa4ff9a373b23f070eb05cd483549886c9ace65c7e
PublicTest_50929410.jpg,caf5d0973501ba82e5f9eaf35955f7795875474bd0e802acbd1815a125e5ea4a
PublicTest_5093398.jpg,b1c89d78416591cf82dec2e2dd1e76a53ee46b4d70f576173600485024854c5e
PublicTest_50942295.jpg,21fc66156778409b697ee5b6412966c9c7a8f436156e6e325e072b185b5eb787
PublicTest_50942982.jpg,8d13dc74a2f2f04830d0aa6bb6be8eab59175e55b6788f0f4600754762cf91af
PublicTest_50982536.jpg,c68d7d162671d72c3c2ce5fd02abfc894e7e6662783bc5767c687774fced884b
PublicTest_50984559.jpg,4418215951b869d043ec179c9f6dfb3eeed795474c105d0b8320c993f5298a64
PublicTest_51044199.jpg,d2d4fe6822901fb69a3d0ae9d97c67348c846b0729ff7aa169cb1f48274066fc
PublicTest_51072428.jpg,df7b8bda7808f5b7f95451989537f03a53389d901dea82e5a403357d643a74db
PublicTest_51080774.jpg,36122c503e22e2cdd40f29510ac6830f42a6779373cef0eae3df646a81a32628
PublicTest_51099854.jpg,4e48940c7464ebd3029ea2636efbd20099951e923b83699babdd060e6065f291
PublicTest_51122084.jpg,51419226e876c813020f11cdd32ea47e76f75e068da89e4335241ce2cb5675a5
PublicTest_51140422.jpg,679d67fc3732766f28701ee28c408fbb7e18b48251b84dd2a337025400a5e87d
PublicTest_5114163.jpg,f03f7b800d8433baf8efd173c7ce0837fc9b6f6bc45fb11ccf0ef5623e7fd37a
PublicTest_51144645.jpg,e6082edbcf381cc56d50d782214777baa06967fcafbbf976cefd1f69ca4f4fa8
PublicTest_51165729.jpg,3938b96ab19d52375808954e5f547818fb19940745dedaa8fb1540a88a011a9f
PublicTest_51178509.jpg,3d84f6e171b5d2cdbdf68bca0ac503822472a8bfb721ee538306f6896c07c216
PublicTest_51214990.jpg,0174d178cac343b8baf21fdb2f358c7d18f0ef6419c32f988acff4fd42876748
PublicTest_5122477.jpg,4d9aafbd6a8305d8faef0067d7682424760c480c7e23db78e3d3bd86e3c04a8b
PublicTest_51257619.jpg,332e695cd18221993b216ca69bc668971dde3357bff42a3aa1ec1db02c0a330f
PublicTest_51339548.jpg,32f4657e0f6f4c0456489cca53f6cf8016d7c8a74089c7010e06e96dc7bf7e74
PublicTest_51366800.jpg,4265e5c9babb59473f550a4efe2dad36552817e6c0097b75673bea872c1a97db
PublicTest_51379102.jpg,74d078e7c73c1aaa0d5a07694b07e6a477dea8790aa4482bc3b2c2770ae01f55
PublicTest_51382282.jpg,2874e9c247dc4a457bd89fe70c66ea67cf54a3e63dff9a7561b69b57fc8d5c39
PublicTest_51391114.jpg,999da786b04b4980e5460e8a131fa8e1b8bb86a5cf22a9e5b16da25dca0f52cf
PublicTest_51392628.jpg,6d2de27bf88c1d10386d25911b1c6ab8c631f7fc779672b654c369733782960b
PublicTest_51402520.jpg,519309eb66a146fd5bd6fc32bad77a1cee2d34d1b0d0d106de7014ef4ff34723
PublicTest_51418951.jpg,1725afd01ff3566c158eac11fedcd1e4d0c63f4215dc1d3eb25844ceded9d84e
PublicTest_51439.jpg,7b478f5c1c0dab8f278756747573a37faad1c14ee12dae21ce547f25bb77df9e
PublicTest_51441832.jpg,a8581114297bea169aaa0b90002c661b8419e65cb002f757a189b64b7b89a8d5
PublicTest_51456832.jpg,10821bdd38bb8d9253435197c84fa08d2a5a7ff60e2a4540d3c0faeea6267a3e
PublicTest_51458119.jpg,37be32bc258e074d33a9fcdac7156a4327e9686099008c10c61905837befa8f7
PublicTest_51464297.jpg,d9c96ca744993c751b2ef008b6cd0950b6489c6bbc04fcd39841f41161fcf416
PublicTest_51555877.jpg,0bbf96597b10a435db81d8f9fc6ca05f8956ee0b978189de682060d30ee3decf
PublicTest_51587555.jpg,f93b5c28a855239b47e5543be51e946290ac891512cb3d892c7e50ca0d926246
PublicTest_51597356.jpg,1110a2470c64aa1cf62d41c6d874feedc7c132b93c673e29f6df235cf1bf0cb6
PublicTest_51623246.jpg,6ee263ce3e7c775eb8b1313955a658937bbdcad563524e6976294c87618db870
PublicTest_51659203.jpg,9ce87877182b1c838c9305355f32a5ccba85902046199cc1cb45c8e08cf0642b
PublicTest_51670009.jpg,7cbf6835f8aba96149d6390f586bd59a73cfb519685b73e2b7669c53b8fd2b82
PublicTest_5167971.jpg,7ce88d79cf1092bd4eb80308d4b7b56e1348db5575482613c43cffc1da9a9105
PublicTest_51707422.jpg,fcfe40cd1ab15833440440f28b74dc2531131dec32f78e4d39788dc96ad8baf8
PublicTest_51722533.jpg,2e28685e755850f61950c7a80d4601f3d5d61acf3eb4b824cffd3c472bab9b6b
PublicTest_51742224.jpg,91c239f86fa7261764b6958110f54e091e2b30bc02c396a89e9d317cc20fcf3b
PublicTest_51756327.jpg,fe24361e7f329744d9cf6de0e3fa711b1b170432dfb7a09021ff29a36093516a
PublicTest_5177911.jpg,a4853d32500302ae5d1e72980c68b30ab3c491067486d4dcdf41acb3fd595566
PublicTest_51806686.jpg,43f407468e39618aadc5f4989e3c551db6ca45715b6c3426ec71b3b3e06cd53f
PublicTest_51813787.jpg,453bb200a7a0f0bb612b2df33f4b28dddd45d74c47ff90c3530b0f870afb68f6
PublicTest_51861198.jpg,44c62130f34827443ebc160033c8cb24984b22552834f2f51fb264974d03aa2d
PublicTest_51862731.jpg,906f671a524dc8ca7bd3ea3155b09a0b2adc530155f23cb95aac5489d8445b47
PublicTest_51894055.jpg,f3de52c0cc7faaa55e4c537d62f8463e9686cf7117af8ca52e15495b127a720e
PublicTest_51894157.jpg,5eedbff897a84f814a5f33cf3b515edf4048f50abf0fe5cfab6ac54597c7432b
PublicTest_51989266.jpg,9e26f50c41fd1c46e5b54f090a2477b75b3163e6145725fc28693f834d8150d8
PublicTest_52052256.jpg,1010c811ef89e263853ecbb18f5436b0d9e33c4e017052bf5b06370f8cacf22d
PublicTest_52070065.jpg,380063705c7d88fe5d0f6c501baa484d57636266f0bd011dc8651ca8950602d1
PublicTest_52110673.jpg,612975ebd3d6da111d75d0d263a5b2f6aa86aab730a23506c3e50156d51a94f1
PublicTest_5212595.jpg,f5a6309369bd276b6b823e528c1f66ab0709fc37c49adf8d21da86c70d5fc8d3
PublicTest_52156191.jpg,26b5c776d864fb925e0245b58af2fe18d9bf54dadd7794121ebc6985f130c663
PublicTest_52218367.jpg,25a9e6a27dc21351290024a5e2f7e0e5f12f283031b595320bfdfceae74696c2
PublicTest_52256375.jpg,c4150fe2f8b3fb26e7a176dbffe9d1a10f249c393f9b29f23d599b9a186e1273
PublicTest_52307515.jpg,6d44cd07f0cbc0622013a128b17fddd934b2481c4469235f42603606cc87d96a
PublicTest_52321655.jpg,0b3bfae24af613220b5d3d6609f98b9fa1bc1f839e7c4c8ac40f9bd70fcdcd13
PublicTest_52333186.jpg,5a34c9b9443b851a6fd0d52fbad6b7bc26e02edbbabe131a90c85dac44c92cf4
PublicTest_52359086.jpg,c4de5887c5f921e5ada268b3d27f94ade9a799dd4c42d955d15754ba1e9e7579
PublicTest_52400353.jpg,00f57c9abcb8f2c639da35ee35a70fd2eb4142a1f709fa6206fc3e3192b1818b
PublicTest_52415675.jpg,2a50615150d5e983d3b9da545fdbf30ec680fca0eedca9b6bf4212fb810088ec
PublicTest_52417696.jpg,9d7bd3ee415ff51d08d5ce8e6abb5d2b9dfe1a707ef58cbd04566c4230fae85f
PublicTest_52430874.jpg,96df62afdcf2616ebce5ed3223f058c5af3bad0e9c1378dc9a0640b27a40bcbd
PublicTest_52432135.jpg,e10ba2d4003520099ee729ea2b20328981451d9d2e1061220558e060f44c713f
PublicTest_52439734.jpg,54a3adb7d1ddc90a49f2d6e462768e4d8dd60bfc19a9ef4ab11674930cc41731
PublicTest_52451195.jpg,c580d7ec938297f201195d5a10c4974db63314960d6218522271f79a4c2f7829
PublicTest_52473093.jpg,2ee97592f463d911715176dc22d9c4c62717bfb0d769e5865ee388c2a72467af
PublicTest_52474338.jpg,a955be6e98eeb54e25e2b81da7bf3d62b658ea8649b3fce88ffb21865ff1b53a
PublicTest_52510808.jpg,6659b00a8a241b6af39cdb2c34fad803b2bee26e0cfa2d8487ce688b88e34cb0
PublicTest_5251552.jpg,cc2a109d073988d951921dc134802afa21cfa774fc45df0535e5617a18720671
PublicTest_52543058.jpg,7e21496b7c3bb856ed49ca6de9bfa9f15d785713c90b22124f145eb0696e3ba8
PublicTest_52603425.jpg,ef527786c03c130301abd459e4cfe749fe45eee4fb3d96ac4a388e43f2ebbcc3
PublicTest_52633253.jpg,926b5dee0effd3872420f7856a6de04a5bf4c7e48d4236bbed73be839717516d
PublicTest_52634620.jpg,40c05aca56e12ee70810966053132916f6a929954919654960131c2042902409
PublicTest_52662964.jpg,02d1f486b3b424f86e77c96517b18b9b3a87db5e05ab785a05111d339018d25c
PublicTest_52674764.jpg,a65ac0a683479554d2d13f963240547ab3fa1eeac213e42bec16c870bc000aeb
PublicTest_52681031.jpg,ebd2c107838bda2db136ce7a7cad09bdf5a5a1883fd157d7d2405915d3aa403a
PublicTest_52706232.jpg,e0000621be3c41facc73a79f5165d4db10054a11707def0dc2615f8a10c045ad
PublicTest_52731318.jpg,9984227dfa700fa582fa9ab37fd7a2aa18d7160ba44c099056acd25dff544cd4
PublicTest_52734398.jpg,069a2e8bc2d437b8ba3ddaec4ab1dcee696b53a61359e0d6009bc7cbbcb27a77
PublicTest_52739184.jpg,150159a7fc9e95bf8f69bb14d9c300fe279cb6ab2ac1abe4e1d5f52b31350d04
PublicTest_52803288.jpg,f6ec00b2f86490255bb2c6beb6ca58bd4f73d88ba1e869f29cdb601538a61a6e
PublicTest_52813921.jpg,a78910b9ced8b08bb1c5c70117bbbea9a7e8552d2272601e022171c10e0749f9
PublicTest_5287444.jpg,e828170db251e00dffc355e276b57398cbec9e87a3afa52a926924c14e86484f
PublicTest_52922636.jpg,cc69f4a500cd1b6582399f1190c55811336e7d689f202e4b93a748c36228f123
PublicTest_53004638.jpg,93256f922c9449e0372a780be0d50eee2d0582f359a5300d66918e41ec562b78
PublicTest_53102731.jpg,3840f1357ef74e74ee48a53222a7e1940b792d6ccdc080cf344f64b79097b868
PublicTest_53132554.jpg,a2220566223be1e2613bd9899487e5be51084d1823ce7ba0d97ddbafa202535b
PublicTest_53203543.jpg,dd259b730f857e4c9517e027fa4d668d2da71ed8cd7879dd57eab03a0df76110
PublicTest_53234028.jpg,7e782d867793eca6a8712e3d93d61781cd061f44c5170d179dfc246bcddd7d76
PublicTest_5323878.jpg,9b823dd4dfb8473beec7d7019ef0afe2cb1a7e96f26375aac1c1d2e9fa1a3ff2
PublicTest_53277691.jpg,a414c35c2d633582e4a58ee11d41057263ed7d2f4f691865532bc78210c99907
PublicTest_53280535.jpg,2533591f6a9d794f1f72e60d897643c173c0f5a9cf2164f45ecbf13c34f5d123
PublicTest_53292967.jpg,4714ed7f9c90f71bf17b3d7190c272adf8c7415d794594234f284ed2273eb742
PublicTest_53296753.jpg,f8247c32f078aed46f09a45c0cea0cbee6815dd835387d14b54cc5dff4beba00
PublicTest_53323555.jpg,4a4f5132aed0f41b109c28b80c21f2bc8c10b3105ce00c5db56e1741f7247645
PublicTest_53324760.jpg,281a0da488ab384f62d4dfb682509622cbf71dda2cd9deb521b64a01f54e6a83
PublicTest_53331541.jpg,6f51b45e7e1a0297785b66220842431d1c559c366968c6bcec8ebaca7d30d5ec
PublicTest_53341812.jpg,cae4a2f6222b5eb4e09a304420f3055f30b08494720f04f996d2a5febdebbb5d
PublicTest_53363028.jpg,6ddcca203466dc96c83204f167d262e3d23a8f6a8a903c0532448c0e88ebbd7c
PublicTest_53367661.jpg,66891289e145fa300992638b9c5d0e9b6d429950e48a50996681061f28ae8554
PublicTest_53469582.jpg,e918d03522dd5a4e2349b389e8e05e6065bde4d7c769b47f5f888064ad265d2f
PublicTest_53480653.jpg,d3dc7d677c3cef9d4d64c9c8beb7feb1f2e08602137e4055a3425f6247fdbd30
PublicTest_5351857.jpg,370be1df11d7a9475a3dd99b2c653bfe69a3b520cceee8326953ceeed07f9895
PublicTest_53519543.jpg,621902a4669eb7a75191781693f680825066361b7069a2f49d2a4388b028a0b2
PublicTest_53542593.jpg,dbd435c2110235bae8f33bcc99d074262abd1bf128da9c99b07fdea91701a5b2
PublicTest_53549215.jpg,7ac6304ecc9ffe8885f04db9ab5435ff6f647bbda947447dc6539b9587214a87
PublicTest_53567370.jpg,f5201be81bb2c41a649c22ef4bed9ff99c7a4dac16db780831e8e7d98f97fd93
PublicTest_53593603.jpg,56447d08efeff07a114f04afae74883b6bc436fd4cf0ac41b7ee00acfd3a0c1a
PublicTest_53602715.jpg,8f1109c82a7a6f59e5894c93ffe75dcce1aaaaefcbd5fef5ae3a7ce1e83caf6d
PublicTest_53617644.jpg,1c60258dd272d17f8f16afac90dcab86883e85c3ced8976c7886f61827b08c3c
PublicTest_53649908.jpg,2478231d7147135106f6cee08c90f9a8b34804586dd1ddf0b366ac8d187f7a44
PublicTest_53655471.jpg,914276c8d53e731b4a73737e5ac34b4737705f99521874fa3760aef70aadbfc7
PublicTest_53662896.jpg,d77723e032cbd5f7e0230edd02720c03f9a915f601c449ec6835f49162467dcc
PublicTest_53666068.jpg,a3e909919eb1e83bf9603442864483b4144b1d98a88148abb6ec296395515d7a
PublicTest_53667303.jpg,135f2a9e371bf778cee7eded8f2f223c855ec272d6e90708433c821f195a34b7
PublicTest_53681781.jpg,bd06138c26a16b3541387ddb53d809ffdcaabc5865505753bc15023e9f1d50db
PublicTest_53705746.jpg,37b801b180ac17be833a32bfccc833bc961cf676c8bed7014b876645a708622e
PublicTest_53743637.jpg,bb700bc22d17c58b6c4a9468885c6d3d378c8add1acf9c4f4815d71e98cf24f7
PublicTest_53746155.jpg,eb5ae5528955b99c2e1bd4f16263209f5c9244988bd3101196c7504e5cf4c488
PublicTest_53756182.jpg,9c1aa4b0ef83ca4bfbd3482913bea373a5f2e54833f9f2cc2fa8b690b12a4d9c
PublicTest_53795000.jpg,236b57b0390854f2078b99215a31f6b12054357869c2dbd27f1a916f61e3bce8
PublicTest_53799315.jpg,38cb045a7cf6b158bdb9119700f12efbc3684e34556eeca831ee3f61deb43c30
PublicTest_53807292.jpg,8c3264f9e24f893becde659e5eb1978ac891b0d49fe2fab7be130c436d1420f3
PublicTest_53839113.jpg,d1d606d4aae4a2e38de6f6fa46445aebe2e5a4a15d21a7b657063e33a10806fc
PublicTest_53839202.jpg,40026b16156ed6fb5ef08f68fd874e59640b07d59854f48ee2fde45b1b2c1e44
PublicTest_53850550.jpg,a90e7effa73477404599935e6a775045699c5b65991d92ee6ccc2d20bca65d67
PublicTest_53861404.jpg,0a69ae27ef4c01a47bccbc0fbe7e3ab14d2d7dd0fe2729810608d029c63f53a3
PublicTest_53864730.jpg,ad26c78a5b28394ac2e7079e67940945f0b55f7498ce2c4cf3f695a6f958ca39
PublicTest_53885711.jpg,e03adcc79fc21beeddb2e9410de8f05d7f27bf08d63f3138a68f2e250038746b
PublicTest_53908496.jpg,1c0b457ab151bcf81c771b663efa88a7f7bf1e44efebd025390cfd36fb7ffb46
PublicTest_53992987.jpg,260a2c2614df36dbdf4f8afbde8bd5035d07736ea3766b6a643ad3dec6193793
PublicTest_54005456.jpg,034cd89286ba7563b1a45fd4920d4be6ac8b24d8a298e8672b414ea8fae465b4
PublicTest_54035618.jpg,aeb67d78a5e98365e4ddbfb6484a9d2c3c99407ad43f3d36970aefa627f6948c
PublicTest_54050404.jpg,38a7495e6d827284ee7b59a686e3aacf35b677e2b5a56441f762386954976517
PublicTest_54093298.jpg,c88ecaa8620ed700a23586f6c30e4db0b553a386516743e6e2a07f37dd8cbc7d
PublicTest_54116817.jpg,a401c6280b13c60c1fedae2b928aa27f3b479a474fed059d92a7c84a3e8e1edc
PublicTest_54130548.jpg,b42b1a133d6655e22a31ad8868510e1b342b4ce25506601ce425360725522309
PublicTest_54133282.jpg,f1be62dc5500564a1e3ee11ce547313610a4151618685ebd218c30dc03b51902
PublicTest_54137688.jpg,6d7b25507899d3c8cb56433167d97068e190ad602e7620b769d6efe1df3659a8
PublicTest_54144300.jpg,e80144a2af066511a4feb5e6218af966dfcc92ee6899387d36d26c8de9828e97
PublicTest_54146920.jpg,8bc995a17f8363edc6ff7a61f9028c404f954aa68f9848e70e634be5c6c38bf2
PublicTest_54175608.jpg,3537b8c6befb8c790af8cba01569f7d51fcd0d95583516b41806e5c09b92f072
PublicTest_54232205.jpg,de0bec08afc4bcae803b32ae5555061180efd04493cbc53889311fd4bb02080b
PublicTest_54283680.jpg,ba8e1d1e3237eaa87525a6aa27d25fb40a2c6407e3f67d7e2a3dce69102bb083
PublicTest_54291759.jpg,543816d19815d0375ae6c926ece541471acadadbf0683f85ecdeb1296a4484d4
PublicTest_54301394.jpg,995bcd7c8c588ead7b180b6d937d781c7c0f02f48986dfa59c90634bff31e700
PublicTest_54325763.jpg,c936bbbb8d367be28efb68002184aeaa45b553ad0b647ea800b5181766326991
PublicTest_54462619.jpg,707d3849561e003862bafb543b68ad40effe5dc68e94c1e073aaf24441355aea
PublicTest_54464589.jpg,19ebcf040c109285d53e54c45d012e1d8d48729463979344be1f3c1a0422c9df
PublicTest_5452396.jpg,8c67df6fecb178b3d5d88e28fca12178304528414281bfa64aa3403db8c1a9fc
PublicTest_5460494.jpg,d0f4d3575ba2bca30b841b9cec1e5009225db4d5305c108a6eb7016973d0ef5a
PublicTest_54608315.jpg,38fed1c63e46644cc0f994859915cb77744d40743883ea69cb067c182dd51493
PublicTest_54623349.jpg,bde8ff457888986233860e5ad2aeee21f31e78e334c73708af7ab08129dd81ef
PublicTest_54630431.jpg,af42f4fbdc48626744da01c1f27efec93f25d9e64c68c167b7fb4f87271dcf8d
PublicTest_54656943.jpg,d1e1cf138cfb4de945a4e20d41ec629109316b0ecdd544f4a47cc0be584a6a75
PublicTest_54671937.jpg,144d4bd7c7b557ca76114cd3e70a552b220b556e11b1e45407ea5d3efe256e8a
PublicTest_54714677.jpg,c2c7d6a78aefbfb1349b97093835605faf468b821c4ef792c01020f5f40da978
PublicTest_54738171.jpg,3c48dfecac3e702b8f681a55044ce22a96366c1f842022af591329c164c36b4f
PublicTest_54785893.jpg,0aa99ec35c8549ac1201ab31524a0f66aaa31bbf9f2cfdde8d206003391b9b69
PublicTest_54801370.jpg,1a3f0c2bc1722f75edeae37c9f05d3d99367649b9f6d8e767d74c4d8a9aeaafc
PublicTest_54848341.jpg,3f6d5f02a440c4392100768a8cae2bf5c6d7b39fdeafbf77c192df3c5707892b
PublicTest_54940641.jpg,fe97615a3ae47a3c616bb1eaab29ad5b76fb1f8ded788581a1639ac321ceaccb
PublicTest_5500184.jpg,00c6122db521cdb6724518f281824e0fdfe56c7d1a830d4ac4fca38583d2ce0e
PublicTest_55002211.jpg,e6e72fe6304e8fdc617ccf35db66270f6be968b67a6e500fd3f7d687add24d53
PublicTest_55005596.jpg,fcc8d1b2aca3c46c6422bfea9af78137e5c2112159f9d4cd71c97190c76856c7
PublicTest_55023104.jpg,934d857e81dfa341d8437a78c8015aa2f10728cd7cea3b2927491c0929cb58a3
PublicTest_55041624.jpg,a99dba006ab2a53fbb569122c3744d2de2294e60874063a905d00e5f449880f8
PublicTest_5507504.jpg,281263a8c710f665ba8b8e8ffde4af7d85878a71fe3e2e3c8f52520857ce019b
PublicTest_55075980.jpg,29dd6021e5e62d9652f10a77c5e520abf1ed0649a3d307eb26179b4dc7f00bca
PublicTest_55079248.jpg,c0f1d4418ac03c5850c8f6a2d86eadbf0b9bf730976b74ac291e9e007dfe4c89
PublicTest_55088612.jpg,3d084aaf21a7620560caf5f67699955aab62cb7d6c83fcff4a6c3db10090a26c
PublicTest_55106444.jpg,ba253df50de9f6df85df26c5d74f1dfcefa62f5f44fe284e1397a26d8e963a92
PublicTest_55124186.jpg,3a2dc8689d197c2003b065c9acb5f90938b3b2c6e70b8ee09708a68804c6e469
PublicTest_55137844.jpg,a3c37f116a58854b4aa04ae3d6f9ac683b140fd7201aa9b44ecc145f6170ad9a
PublicTest_55147999.jpg,02bcfad0db929253f4b9d556bd05e81449863634278d7810bb3391ded7862702
PublicTest_55161728.jpg,8d3627cde840292d84d0971c3881eb6bd851fb4975d8ca7f7b45141271c456db
PublicTest_55177909.jpg,64449a29d2b6264fca3d4b9dfa25b2270ea80ad670aedd16e9cae106eaf136ae
PublicTest_55178437.jpg,f2531e5b35ae29b13e4ea1fe8b14d8d086698e877619e46961462fa491f55a0a
PublicTest_55239463.jpg,25d51dd0a08f5e57f9fb2b98e0f78fa95bdd2411ab8e8843dba198ce440b379e
PublicTest_55261472.jpg,bd7c59c2b1da2dc4effbf285c35bdf1214846cd8440895ce4b3854dbe25f5cb7
PublicTest_55281637.jpg,065543112d5edff17dd7bf19585863beb596e5cef9d3d85ce38fd3b35245d438
PublicTest_5528555.jpg,030a63e938054d45c973bc22fc5863ef21238919fc87e0e61ddd416fa53b73fb
PublicTest_55302959.jpg,5bf3dbfe2ca0f3ec10b376882ab15efa40d8c793d69facc6ffc08aa0717728c3
PublicTest_55321818.jpg,a308e1d5ef196c7780797770f75c182ccd79dbfcb0c3bb33821fdb95b031cfbc
PublicTest_55333410.jpg,36b78dd539ddb7a7e32b745e6e0830d01f1a5e8f8eab62163e61f4482256ee2f
PublicTest_55349529.jpg,7e9b892af5768149e5e2a7e219c0f9a1bf291046b5af49fb3f488c4af47f968a
PublicTest_55350348.jpg,694fdddf565820e2679900061a93fa101babe46257ff57aee815e397795745c6
PublicTest_55396594.jpg,a6673d8d3a280df6a61bdb29d96dcdb10a949ef45d50daa11e590e0ea09d5285
PublicTest_5539787.jpg,fba706363b80444c8f7668780584876d00f12014e8e9d82859a6107a60548154
PublicTest_55404404.jpg,0e2f7c77ef16c3e4d12c8a4ebdabbd028e3dae59b50f41598b2b18b96b53080c
PublicTest_55429736.jpg,1514403e1e8859c07bf6a6dbdedf73180557283dc5db986a1091830812630fc8
PublicTest_5543497.jpg,f724fea881609d53f5408f8854a495375f55a7deabaa9ca93cdb274405a098d3
PublicTest_55476858.jpg,6648cada00a39905b04a1fa33b1bb4dbe442e60dd46cbc6f7cc3a823cd411378
PublicTest_55521436.jpg,e948717f53fa5511daa67b035a2ebee607929462160fea58e8932a9ac61cc83d
PublicTest_5553117.jpg,642d638ba1774052ef6926a0d1f800c33c25056c4af2f1b319e0d21bc5f41158
PublicTest_55596965.jpg,5a60acb5594b003d1aabc6ed470c88d8e4f17dbd3e8b4daede2e959873e11399
PublicTest_55659919.jpg,048a24ddd11288687237bafdb028bc6c52cfc4196639e4dd69421840505725bf
PublicTest_55677946.jpg,4d2538f2e5d76a11e08286a9971c052506a6a57d90faa955b1c442f20b0ee73f
PublicTest_55742864.jpg,61efc8555e4cad6bc0af9ccbe61ddf59f034a09a07f4b014ed8d151c7d91ef95
PublicTest_55756691.jpg,d0d6202bd6e78ffa89be9c5595d1065f5fe8955ae44162d85ef22235bff85a4b
PublicTest_55826660.jpg,3df783d7950645f0137f6f255d3be94988083d0e14d79838037e4cb4447705ff
PublicTest_55830513.jpg,d632cdb15c10bdbf807317df247b5ba370233e8bb826233e7c6eb03e7ccebaa2
PublicTest_55865085.jpg,d285f57cd2b7e0d81d9720d97ed498da1c1d96b9599daa8331d0ad2d4612d590
PublicTest_55880738.jpg,682e95404eff04a106bf47d475583cb4be7b2b808fcfb7f7f97415c15610e1b1
PublicTest_55887974.jpg,9f951bff3a4a41d089bb9277fe347573189f3f212baaf372f4aa5fe019700823
PublicTest_55888619.jpg,1a2f4c0fc28554b6eb8f0c2e017f0d3853193d29b6792b128aaa294b7838334a
PublicTest_55967224.jpg,f8b37e4d0897807abece68466bc0d1ec275567662c8d965fc76e98f0ef1771f5
PublicTest_55984717.jpg,7bf740e9d8a81af0921faf4477e19ec491a3150cd95aa3280c950e8dc284f388
PublicTest_55992288.jpg,572c0ecf1355c4c5bc35074bf6e4e707a642a5fd3f1b9331347a14f173923817
PublicTest_55999637.jpg,9d7c5f942fbc21a2fd4182e95249c49d64f4dd16b64c83928391d3c0a22f5d09
PublicTest_56071206.jpg,b8bd690805b48fef64a3cf654fadcea777aa3e89a9f1a8558123342fc260f94a
PublicTest_56072208.jpg,48406027c2e866130359fa8e81edb90ec397fd43ada01a62209ebe4f7f3c5802
PublicTest_56093808.jpg,4671aeb8d7205f84a4c53734cc0400817500d52beb6bd1d5263f39b95a8fa533
PublicTest_56109958.jpg,2516a1746bebfa79fe64afc12a11244d9e16e3da43346c9c3bf7fde6c96cfd85
PublicTest_56195310.jpg,7e9a97cb3a87dc36d3c084ed83311ea2b8e3e7a12ad1b7870d0415b1833c6b1e
PublicTest_56278216.jpg,cd603961f32657b4eff3c97338904a23394b0f5938f8a573bc51e62155152260
PublicTest_56321010.jpg,ab8b97fdb9e08955ef2b1b32114cf9551d8109d7647555a1296064bd4167cfbe
PublicTest_56326100.jpg,56f95710363a54bac3157df804a2f95717bdf35988058584cd2d86c456e1a515
PublicTest_56353228.jpg,d738469a1c78e80bbe6756b85f058690bc8a6bf8542b826b570248fdfd0bc4b4
PublicTest_56379288.jpg,3d3e433cb73d7ef8240f18fd9513d97b3db2e90c89c1232e1d73a08ae3f281bd
PublicTest_56395100.jpg,939df1450b8389bfc819058c69f0a5caa9c25bedb4956fa6748342a8e57c0641
PublicTest_56398671.jpg,2c1dc7f8972bbcd557e5bc9756db9787b5e99b5319f7abb3e870e0dfc4f3ca96
PublicTest_56421136.jpg,d1a71164ed3987ea77fa55b1e0461ae34e1de26997078c56dc9ee373755e3eba
PublicTest_5643728.jpg,65e4b387db7effb7f88d9871821a4c1f6332d677ac1fcdcbd59458228129e81f
PublicTest_56459096.jpg,721f81792881121c9aee2d3d0a1a18a11d70ec833db89b8f8d4134f617444490
PublicTest_5648996.jpg,ccf354df7d99d8ad33e74187a1aae4ac8e043ece03e7e72db282bc51c699da29
PublicTest_56507759.jpg,95f33e4f926814f15c010ea50e2fe70df91720a78ead0cfcb295f2ced71f738a
PublicTest_56572858.jpg,4a3ddaa52cffdadbe1ccc34bc75287bd85ec4a282ea72a348f3884b8acfa0c62
PublicTest_56592933.jpg,17fb2ccf1fb4eed5f9888f642a863aa533ec5b139674ea7db791e3aa1a010fff
PublicTest_56624502.jpg,18ede198d32648c40dc61269002f60ce7a0b3bc1f1416abaaff5fcfefc54fac8
PublicTest_56646498.jpg,f881ddaa7513ed55fb3b65db83f71890d00853181d5deb6333fcea843829dca4
PublicTest_56692159.jpg,8160bfd9016132ac30477439b4e207fc663cbe20868e6fbca7d4ee3381014fc3
PublicTest_56724970.jpg,10fb25e6f448c6409eda6b41d0858ac58bee6ee92467ea93e0ef0d1699080f8c
PublicTest_56793753.jpg,17416ae214d4e87bd809c3ce9d561274d0a1fd283242c555effe320a3a0cc62b
PublicTest_56797865.jpg,a065fc3ae3ff147eaa9eed13e857fd971157ae9edb68d993d1fd2455572119d0
PublicTest_56874737.jpg,ff122e855bacac53354fcbe33557fbcf47cbf5b6bb2890416f95faef46fba6b9
PublicTest_56887879.jpg,50d3978c3741f508ebe90a62cb7d91e288f7558e85c35e969da3c869108eb41a
PublicTest_56889959.jpg,4dbe36e2c7d430d3090cbc6a9dece3eba48cf801a25d07edb7694b08a1ed41dc
PublicTest_5691968.jpg,dd621694c1c571443bf1f6f5ef03fa645786b93eaa7e9dd383e8a4b23ffe80fb
PublicTest_56920575.jpg,24da57a72995ac79e3d19246b8a8bba531608d049a2d2f3bd460b8e3675d1afb
PublicTest_56948344.jpg,00a6abef16fe6bf255100400ee620a9697f80b36d40e4a431902120cd1581b36
PublicTest_56951379.jpg,94dda6449705a04ff9cab2f2784317da0fc1adc8c5ee6b570f587f99a3aeaf85
PublicTest_5697329.jpg,039da42000097768504fd239d77f690a06cd76e1f6556996385218cd0e8bb43f
PublicTest_56981414.jpg,35ec487f65c641baff468f6832c036582df46cab4977e458e0df166d7bddd6d8
PublicTest_57005696.jpg,39dc49542c95fdde40d671f5e2a7bd58a8a95cdba1f3b37d4033e03fd209a796
PublicTest_57043161.jpg,480e5282d3999e0f9ec6d96ee1d164313bc616c1c6129ca0884d1f1abd1064ac
PublicTest_57151026.jpg,96826b5421761888360790fc6623abd47eee0e815723f12348cf0a5e25d5d752
PublicTest_57154065.jpg,71635a1df2068154066a5754aee0d9816ece982793de58a08cdf2d396a8978fb
PublicTest_57157029.jpg,15f157398a5052bbdfba6097b39e16a310722f0faf18b5f5213dbec99468e763
PublicTest_57162802.jpg,1e11414440cc613f41491d22b65703c54a11c1f432deed2d1edaa6a9236222b4
PublicTest_57163272.jpg,63f26d659678c45f2e5d6be5831376d9b38ad96219a5059bd5cb2adf76816a13
PublicTest_57173908.jpg,9711d83d3dcc343d74395854c0b880407bfe1062ee04d7162acf2996da7f2a39
PublicTest_57199212.jpg,5afffe2d07b2b1188b1667a55cd29625f88fb8dac6c9930e97554cb0bb032a6d
PublicTest_57219937.jpg,2947e73a94c3156764173130c390e7c1062760b2a40a080605ae5c6773c73266
PublicTest_57272892.jpg,4bb2e12ff9c09536bb99883846e122a4e958fbbe0a38c0e6bb2c3853bb01fff7
PublicTest_57331986.jpg,d839e4fb9b8a267310eeb5e39afada09b714971df6c49d27b32ec77d4d853141
PublicTest_57341253.jpg,84fb21df8e6ee6466c47f43df6b030888cf75a376c02bbdd7977a1de4b564107
PublicTest_57391803.jpg,311f809270870d5fe21502d263f65486bb952f8a192f1f431e31618588597915
PublicTest_57427256.jpg,cc1c31aadf929d01dc52a15b4337a9a7911b8e95d9f5af41a3c9efa712a123a1
PublicTest_57438507.jpg,a771616a67cfbd5efca178a8ffeb8ead195ce041128b94bfc1bf37dbb9d6dec5
PublicTest_57465563.jpg,dcb73aa0c421a29c963204c92668aaf172e6dbb35eb852de0817249157ec82e6
PublicTest_57503225.jpg,4df1c64a123d9105570e1d1fbe6c52d29597af7cf5a2d17ce7e872395851dfb0
PublicTest_57526339.jpg,4f5aca2ca750a1f69cf6cab8d333e3d669071ba9170170dab82196c5c138decc
PublicTest_57534121.jpg,5730fb4d988c2bfb216cdd78103f05fb11a0adc8d940107315bc91afc7ce9ce7
PublicTest_57540446.jpg,2463ff11ebd6953e61a910e7ceb7c952b9bd01365df082cb5b5ca87169574411
PublicTest_57570036.jpg,31d888bd303ee47b9e3e94c7039f1d93137fc219be9fe0b2d4f45ee7b5806671
PublicTest_5757614.jpg,7f7fa8beee746952bff6820ffd0b306d425a71fca92f77d674429c4088bd8297
PublicTest_5757720.jpg,f583b4fdc656c9fbf3739e3f18b82031f90fb4f62ffbd820f7a49b273ff01a8f
PublicTest_57583021.jpg,03e25b1142af8b2b7e75a7d96dc1dbc44dceb1d949aa5bacf0afa42c9153e8ea
PublicTest_57583458.jpg,5c73b875a11a68a1c89119c959f581c853a85f98d949474f0ead20519b689971
PublicTest_57588626.jpg,bb44863631ba5dedb7de2d7c97cf0caaf3e04bcac5da853222ea21ef3253e74f
PublicTest_57613550.jpg,b900aae1673a576095c9ca233efaddd98ea93ac37b426e68e19f45e71b455e36
PublicTest_5767290.jpg,df12347fbc27da273391d6a9abe5034ab5fdb06679f9c64dd25b795fb114d745
PublicTest_57708094.jpg,9688fe4bb7726b287f6f5905d14accd66a602a8edc733981b2992d0897e9e996
PublicTest_57757862.jpg,1d6e43da6c604db27edce8e62501a98d361751067265d32d1fc30c7cc52e525d
PublicTest_57762304.jpg,1477497b3e6c7301003e60e2d83fca6978ef04fcdd6bd910b9003b5eaa4bb0fc
PublicTest_57808750.jpg,30c46af063b284a6a5f086f90d65141e600f0a006385f4af5bef9b54798bd5c6
PublicTest_57849780.jpg,a63c345a7df9160071f4736e308b70f229debdc04593592d5de4d645af7d7e4b
PublicTest_57856524.jpg,a7dbd840f06bbe0e88fc9f841ea47ca0e5600ea83adfade8b815115e2aa3623e
PublicTest_57865005.jpg,de8cec5452e6ab7738e9a501e81c5140b63355bae126f6deeaf6b276275c872f
PublicTest_57904634.jpg,9d23df1374ca1e0543f8a467a1a03872f601902a8b26ff2a30d705775a069cb3
PublicTest_57914938.jpg,27473dd6081abc31c83ba8cfd84a732108f5b8486663a4f42f284916197c0cf7
PublicTest_57918595.jpg,6421197dd76450d2708ebc833215a4f4ad567a652aa004416a49482164a31f43
PublicTest_57978510.jpg,aed1e546e69e13a5c24f80b7006d115cb20075b63f111403fa1a731b2e1afa1c
PublicTest_58002713.jpg,baa7a280da74ee3e107dfdccec55ee1eb463a81bf42ccfe798a4e0788895def5
PublicTest_58053260.jpg,694008f3bf48652f5fec6aa85cd30df57326daa9f3614233e7ddafbd96664a35
PublicTest_58068244.jpg,5f58137f1ffe6459a6b8513b13caa5560a4ec653616aad912403a1e55cedf644
PublicTest_58081975.jpg,45ed075951abd370d86c12c0bca36bc0de076581c019464572aee6d102fc6fab
PublicTest_58101919.jpg,7fff38e0c9e1d33bc86756827d3066dbb7016e567b8828e6a9b4f07ddddca396
PublicTest_58116323.jpg,638f6999b02fba66cc6af7e002de4e0662755bb720184e43c7b65df370428de9
PublicTest_58142779.jpg,08d1dd278e14c5ee15dca1191db117b5f2ea9982045bad09123e1e49e670f24b
PublicTest_58268614.jpg,6b908ade00559b0a3df4261b5cf30ae697594c626ae8b7bb2413bade806cb034
PublicTest_58306571.jpg,27778ac9f16d49fb9a30e8143d2454b584004138a3fe7ead501d0f3291282357
PublicTest_58330512.jpg,ba52e06375b29218cdb9a24995cb7f368f975ecc0d13a350efa52232447ffa37
PublicTest_58337832.jpg,98193021104a7ef7a05c29b57f46e50ceba5e46d6391d8316a342b14bd5f00ce
PublicTest_58354136.jpg,10e971bfd6c88716325227feffa48661ae46c590995f7da9f70809f81e8fdc8a
PublicTest_58396869.jpg,ba81aa9d48195e4c842053dc19747a63471fc7c306a18a7b9fcb2f8f736f5f79
PublicTest_58406901.jpg,796c75c30b27c4cf3a216b1140cc4e5a5f839780816304a6c93d7bf17763bb4f
PublicTest_5842616.jpg,1c98b8ebec2c797bf5ab0dedbefc887fb9ce82733a3434ef359aba545a445157
PublicTest_58440067.jpg,25838a35ebb154414467b1bc9afdf08c5993a7bc0641196c862077a2c5ce3433
PublicTest_58490297.jpg,788de9ab37a6a84670affbd8c713f0c1bf5fb912da401c77cfeb945b7449bfab
PublicTest_58503319.jpg,d38d3e26bb5ed71801960728244867ce80e13fe00d4d37642485f366858f35e4
PublicTest_58527899.jpg,df4e3eeb5c125346349496e8682b80ca73f0ecf6b3480b5bb0c0cc85afd31cc5
PublicTest_58554610.jpg,227618489528e20bff633e6b1c8dcf19b206235cbd6b25ff7690862b4f212552
PublicTest_5855566.jpg,11a3302b2b04932002d1b47143bb939be8f82c2d290d39357a4613297abfbc48
PublicTest_58597177.jpg,26925553dcc82d7cf4d608061183eb718660b15c61c3348f7e77cb6db3861866
PublicTest_58613885.jpg,d76c785cde37729c7a7e0bce14b6debc14c4ae04081d0c7a1d1a314f2c26f4e6
PublicTest_58656041.jpg,3b74ae98b7472f0be4fca1989ff9f89b1ee643d24d612c7aa9540facfbc481ba
PublicTest_58693274.jpg,c996e81f4c8d79daf1cb4067a28c4c8a601cbd5d49c3df7ad5cf6048f918601a
PublicTest_58707644.jpg,95c78b96f26b7945652586075b5e13fa38378fd41d9bd7b488d412e672d38d2b
PublicTest_58713171.jpg,2137a6defffa0f0080d9159ba00e044d11c97e1f7c4ef05edf226b88a2e52e08
PublicTest_58756471.jpg,97062d2bf5b366cf40ff127abf9e0b49f6e752593516cb20dc9b4dcae27e3036
PublicTest_5882653.jpg,46bdb698e6a50ccc21b6c0ec8d96e16b2d9743068dcb1c813201f64ef37e7c61
PublicTest_58828837.jpg,822c657bb125112e7ff00d1d8076160fa69b92d2d8a8c7b13f35c6390a035a4e
PublicTest_58832520.jpg,2dd0a099b25facfd40a288e7088cfa15f336515c38b0d546961ae2de0c89d368
PublicTest_58836396.jpg,1ba4ffa779c9ad16693b82d83d991b9243e3633b672b0abd19d9153447e7be7c
PublicTest_58836555.jpg,ef26b9e3af7149f16333b45dbbbf625e4380ed089b325c5e13c408df1bdf0b1c
PublicTest_58849515.jpg,9bea459c7216323a6d35975ed363cbdafd160bcaacfb7e35dd9380d7ca63d3a5
PublicTest_58870672.jpg,5387a76d0381a46c904e6cb93de456696ba44fbd8f2ec973068e50babba42db0
PublicTest_58891167.jpg,af2498fa7521643bcd590ddbf05b258523578da97d6dbf34bd44d28a61dc5b21
PublicTest_5889461.jpg,aab6f50b7d84c45e89858de06c0c300ab6fc5b9fb08b981aa8d2e4bce96dbecf
PublicTest_58895662.jpg,0a5fa7f8b50fc1d0d99ebe883adbbef67cabf085c2d8512c114c07a4b3b02157
PublicTest_58933255.jpg,0c789c2d605b69588a2ad1fa99ba629ec730028bc8467eb8058f61a6839f2c5a
PublicTest_58942546.jpg,dc5f8237376f844203efeff9da5501c4c814db2581eda47aeb6dee7899b2c970
PublicTest_58944156.jpg,4698a81f08dbc22c30517a98cfd58ea69ba4fd7e5b8e907235081608f925c4a0
PublicTest_58972839.jpg,0cc33dbe6eeb79a9dda037049f71e32273de289347fef388c85533622bd8de32
PublicTest_5897498.jpg,33df49eae5588dde63f51f5a2171c7ef5dc8a78f36bf40d8bf7cc8c2105eba0a
PublicTest_5899302.jpg,b3fda0a7d4e13b7a05b8d4e3670a0e2e3a3f047b9f2f361b06a5422a58459d8f
PublicTest_59027649.jpg,df005065c1c009308a9588473e30208fc45035640d51473c458ece7d7e698c97
PublicTest_5904336.jpg,82187dfbc9665ad119e3d3cda1bd3dba0f89ff1a2da6aa80a9c9c4bc0dd0e546
PublicTest_59100137.jpg,a8cfe16f2af3a3fb1c11c63593771560d791641acd99a5be2343aa717cc9b12a
PublicTest_59119992.jpg,07725223ec05fce05fbc46dcf91f54bbb64836351a5e18e13bf221ba01e13458
PublicTest_59128405.jpg,7e8782288c474495be1b3f74e50e82685191d5ddc1bfbee936f0172e351320f9
PublicTest_59161828.jpg,327399d3e5f09e8fcbfa2e6126357e89c7bd05e89dda95794b0cc8818b72d7c4
PublicTest_59191107.jpg,ac07474ea83708d7e26d5867eb80652b7219195e1aa52fc27f39e0a13b2ac797
PublicTest_59225702.jpg,29e6407174adf7c5e917102bddbc62dd957f1d4332fd7b995371ffe016d92f34
PublicTest_59278872.jpg,656545bb6f7fac85bc12c5c9643d6359c16e6a869608853362ec7d2f142747fe
PublicTest_59401293.jpg,449a0e34d3a369ae5b04b5ad92a40556abff4afa023f022e8d9c287d2aa5c7e1
PublicTest_59458907.jpg,98fbf329498ec219e07c67c89cbb0ba20bf283f695c4dda9f6769cbd497aac7f
PublicTest_59459424.jpg,b73e1a526a74209a62f0101c1c1e4b3a8c35c1424145de71a631bd44c82081fa
PublicTest_59509827.jpg,465b94f4560625ca1af45d6d98a0da01e18db6b0b136aaad737fbdf529fb0b12
PublicTest_5954279.jpg,1e0aeb5548ece9de3a9544ebe78f33b6b362fe5f7673e2d9509d1ab8084dd128
PublicTest_59544229.jpg,d77d911e9da489bbb7284c2664b00c04eadc09b45e89589b4dc9839cab969b95
PublicTest_59547782.jpg,1c69ad1fdf537ce9f191f4e35c4fe72790de5d897f2db0fb1c0f2bad5a94cef6
PublicTest_59561045.jpg,06cca61460612035bdd05626e1f8445f046d4069f154802e5a55522ccd78d449
PublicTest_59592636.jpg,10f28d434c0b80989c24ed886224d3231e6a1bd909f58db6a6d7a7e1b13411cc
PublicTest_59596378.jpg,af644d8d701ef73986a0015f08e64ba5fbf472481a2f9f02b9ca5f77bf4e6873
PublicTest_5964952.jpg,48138f759241dbefd7cabb813c01d512f51f0ef347da970706b283c52f88b9d9
PublicTest_59661554.jpg,d881669365da6ae3baa7007654e07d21b1d4b27158fa9a458ee7a5fd2cc34f9d
PublicTest_59731058.jpg,c20676de6914e18e2601fa1faa3e18b6de475a047ad0d5a1b8b404ae174cba23
PublicTest_59740213.jpg,31de2800e8ef12350720b53370c873bf90f1c4a1fd6c0dcd6ca19ab74be59d9b
PublicTest_59751984.jpg,915ffdf5b1d918b9e63c5bac72fba34ff2ef8f7c18873126fc18bb727ea56c6e
PublicTest_59811856.jpg,1d114de625481178946687391c3f2d253110bb9f408631028c7bf74ddc4dc645
PublicTest_59813906.jpg,87314d2c9f38ec6961945e0f8735136f72d4699b3b71293127c3363136a452cd
PublicTest_59816405.jpg,04e20f16dde136bd66e0741e0370bf372dfec72343f026b4a7eb0ec1de521f0e
PublicTest_59816922.jpg,5557908f5b8533ed65c945a4648ed9d74a355a661911af4ff50b2e6f79cd885b
PublicTest_59837541.jpg,6d3e967733ccd9a3236cb392d1c37e039c8dc58fd13ebff21e71a03de608bf54
PublicTest_59870219.jpg,c13b02c40ec48a8c981b4a0dd832daa6404d631e892e968fa9a08dfbee2c1231
PublicTest_59912520.jpg,b1bbe99be1a76b29d439d9e7e30be6ade991472af42c886d27fa5bc93b69134f
PublicTest_59955381.jpg,0fa5dd08ce1a5d476c4a2efe22c4fe967724b8784eca2942443f5c207f84fefa
PublicTest_60031524.jpg,faa215c0395f01e7a88536cde52c65dc89058bd84b4f4f66af7156fab4436f2e
PublicTest_60061352.jpg,126a8270f99e03be80be067a569e79a6e2278d9a3bdbfe56b460ac7306eff4ee
PublicTest_6008295.jpg,222cc0af57909aa4042f72c9a824fa990b862314860ae030d7699bea2c60b53a
PublicTest_6010264.jpg,8a1bc3f8b356e6bc65983ac61b6e58afe4ade4bc7f44aea50c5d743d2b964774
PublicTest_60105774.jpg,bef4fbb34075f61e455edb1fa79ff6ffc0a37cad29250378d1365c6c8562643e
PublicTest_60116868.jpg,d802232ece654ce51f5095c30814a79385a50548e632c427843b5d6ccd1d0443
PublicTest_60150278.jpg,9afea8a57236933a2bfb70ee4360ca933ce009af2f4758a504057f48934a5800
PublicTest_60180640.jpg,a037d41d02528b94c0fcad457b9209ab16eaa27d9be8eef958392fc42388108f
PublicTest_60181461.jpg,148e47f793e3b625779b23ba89cdd4e64f9e1ad1965425c04373992963ade92e
PublicTest_60198319.jpg,01272197c0ac8bb18a009b3433790269475325cf36b63e115ad04cbf55224876
PublicTest_60245179.jpg,647cd137b08a7e04475ee5af1b038f5712e8a9c520023462a3ab1da9c54472ea
PublicTest_60260657.jpg,a22c50efd490e2ecd657b9dcd53af898c590a80e58277ee246771bcc927dd1d5
PublicTest_60279263.jpg,c03f4af719d9980e72e2fadeb48fd0b06770422523b14f332e6eea9bed50b047
PublicTest_60324042.jpg,ed7ba47c44d75ad941b7dfb51e267ceea27f0e98e8ce9b4afa6e201ae3033786
PublicTest_60377876.jpg,6a74727c6c27739edeabfe7b0091c29eeff560fee3d6abc5fb406628bada4700
PublicTest_60383922.jpg,e929cc52a013c520d628f17ca47d4225d59f9473fb67d82d5e93c4217dec8968
PublicTest_60393961.jpg,12835a654710780bee488316be18a808abe49dd249f0c851893e7281f0913e1f
PublicTest_60414831.jpg,e2931cf7b2b7a81fa0bb399bbe1fe050c8a47756711d29e993140da676fb9355
PublicTest_60435499.jpg,4a2519cdcd5697ec5938b6e903241b87b9cd700e84a8a4d072b55cf5f23036fa
PublicTest_60435558.jpg,6cdcebf3792abd604e27742448a0804d2e2b185a3cd83879252646fc0750bb37
PublicTest_60450589.jpg,ff803cb6f2b5ad457c724f64984c7539c35d0d3820bba50dde92c9196452ba46
PublicTest_60499098.jpg,6e69a6c7a985f9a82e561899cb2d1775ff5a4e0adce71f7cfc53d07a55f2c5de
PublicTest_60510521.jpg,a3b2fd99cde97bfaff7a4b7c35497de320b185da3cfd1a0d3f310c645d944cd2
PublicTest_605316.jpg,f7b253a8006bbd99563daa8fef39c4791cdd97d450a29a2150224f6bb3bcc0d3
PublicTest_60573222.jpg,07a63c40f22937152d7be3df5d632f7571f05f861c21d3af942013fbb78fc5c6
PublicTest_60589560.jpg,1f09d5ddfaf75fba12df1c97d0f6c3a103f3a2eb2c9a9c4d76979a2fdea4ddbf
PublicTest_60659593.jpg,515fd8697aaba9b53daf278567e8817967b20b9ad3d0b16fc259e5a90aa8b64f
PublicTest_60696854.jpg,686b26f1677cebd2b5d1335d72188c5ea19d1c1c7a3b82171331e55ae2795431
PublicTest_60697499.jpg,0d8fce43b7be1f2e0c5fb3992028f3d18935634bcc9f34d8302976bbe4eb1fbf
PublicTest_60718510.jpg,d18e6a05f09daca810f8d6e15ff792a64e7fd1c008b65f1d8e08df37b4915668
PublicTest_60745458.jpg,355ca51fda8f89b88054efefc54758e6576dd98452ad9bfc5418ce83d9cd4907
PublicTest_60781650.jpg,1965fe51b2d0a8448889dfa2214445885e0bde83c073cbda45a290aba157c4ae
PublicTest_60783446.jpg,729b535cbe039971ed500e4753f7557a78b7f74b5dfc6a7de0a803514b061b43
PublicTest_60827120.jpg,a7c423ed901d2d87de2668f7769d2df29c6069f5745b76823313cfa1abf90ddc
PublicTest_60835739.jpg,663df733c2c9c090bc4b12b68fce7322024c7c775bc746d04ec9f372e1174ed3
PublicTest_60838687.jpg,a31a123018730ef4d1b9a65265071cbed554454f598962ba4dadeba861cca047
PublicTest_60884527.jpg,f8789e7de52d967af6669dc78d9480fd218a43ff5599047c0a8a672d6472271a
PublicTest_60919933.jpg,6865e71120246ac5691b7e8b7d81c72f5f84b26778e6c812f9fc85c5ce777434
PublicTest_6092134.jpg,43adf081d2a4002c3aecea971a01128e07565fdecfe3cc18381aef20d8edf8a9
PublicTest_60947451.jpg,f4b064115125a0ccb04082d6ebeaae664e01dea40c9c09c32cadaea2c079f63e
PublicTest_60948590.jpg,83b2653498405393d5bc5b90008273ed94d86fcf72b9c836678183c53f9f2591
PublicTest_60996780.jpg,2a919992d0663647325fbdbec2321ad0a70ba42d84109ca3fbe89339430919eb
PublicTest_61045546.jpg,e620fa062dec07e4ff3bf033a72330aa755c3d870de60fd7478962d866cafc3e
PublicTest_61057825.jpg,0ff9626117a5bf493d70f163e0f91a36092918e9bcbea2b881d0058ab03cc573
PublicTest_61066077.jpg,6705e1a81e55ea52aecaa90408a29d65bbe87d611216afdbd3b38bda1e0f827f
PublicTest_61141696.jpg,cabbe5d5dda0d156c28affd691e1b7b638a5d92f7715f1f53a1217f353b2ac59
PublicTest_61158536.jpg,2e506aad90eb18a994924627c1de5c05e3375f8a0227a72b1e0449b72282354b
PublicTest_61195059.jpg,9c8f58e029992703d546e617070c24e5ec44552c616c56af713a21ffb7a92765
PublicTest_61207963.jpg,46e729febc1f0db8ce44ab95ab630da96049e1cbc3d07fae515a719083c0a9b9
PublicTest_61223675.jpg,0a6e4e742bfe8702ba5b9045243638c0a5108e1e398fae3009e6ed96a87980ad
PublicTest_61256129.jpg,eae91bc795ca775a2c24f2cedc58ca5b9663e8ea9f6a8593d8fae570314f05f5
PublicTest_61260500.jpg,44d5ef7c76033a5f3beb75a0bedaf1260233f67a285f7b61baa30f4b7c254585
PublicTest_61282469.jpg,7c23cb9da5615e453213bc2ae65cbafd420a191c1219bcfba90e5262304a0861
PublicTest_612835.jpg,c3d62bc204da68c6385d3be0986b77f505a9d1be53d18706b6db24dac7cd0b68
PublicTest_61295836.jpg,d37a4311c419818db5483e31098ff62b58282199b4231944ac64e39ce0bf49cc
PublicTest_61297727.jpg,1a1eca3d7f9097cd3fe5536eeefda12385fa56986eb426836fbaa3d684c538b9
PublicTest_61313241.jpg,f1ee32ef34944ecde11b10d02f05aee79d88619fd65b1fda710a606d01d99d42
PublicTest_61315405.jpg,3de38f3c531befbe8bf1695d3756e714db26b4857d7f427f25e7145e1438b953
PublicTest_61324346.jpg,6c2fb6d59feeaa5b6256dd00413fb92386524b8dd450794ccdb181dc2d2a040f
PublicTest_61328272.jpg,da244a43777657144abebe7a130d4ab8c4afc3448023c7f0177fc84e6b50abb1
PublicTest_6137385.jpg,fdc84b4755572614b57354faf1a891d79a0f23e46c762e01201fe6e44a727a17
PublicTest_61379075.jpg,a4b7d4e74cc01ba4a78b1d15a47688d4d2ebb81e0626ee7a2ffdcab50966db64
PublicTest_61433379.jpg,d16ea866adae6e8ae802f66980b4622682bb856ed8b6659503523b9bd7734124
PublicTest_61434389.jpg,7c9d6a7bc8a8441861284b7f3d5474893ce969282cab838d344467ea5356feb8
PublicTest_61453734.jpg,942df032c4ff57115d2e66c7a1d18396067060936086ddcd668599a0ecc4aa83
PublicTest_61463449.jpg,a9dc2763136f92b325d1e2c88dadf3b777fbb38d80eb9a5c9ebd060e16a95ead
PublicTest_61467201.jpg,162234491c83f182ce646a7187219495dd01e832110b5cea4cfa6b3f62a1611b
PublicTest_61495817.jpg,e7f518d493509d64359254df34768c5ba2bc73be7e58d092b4d432597db7c905
PublicTest_61505344.jpg,00786de5384bc7feb8f816e677207f9f17e9e2eaf2a95a75653dda1f90db8843
PublicTest_61582364.jpg,f93fe2f9df055709cd93b748edd67c105a7512ff7fc928ec3ed3fa41dde4256c
PublicTest_61593327.jpg,4540ccbb07e9f91033602809865b9e7815bb0e02fb33360a235a285c9badb865
PublicTest_61597434.jpg,066b468ffb131a3003506ad9ce825830d01b80a6cf8346bdc73cd69daafca6d4
PublicTest_61619813.jpg,d1dfdfab9961331ebe095cf9af52b90a7cb67203be47c863b96dcbfc56db8caf
PublicTest_61645809.jpg,bc2531418ff8d4beee4629c7e11d4b4084282edf99c71f1a7108493df98edbca
PublicTest_61713521.jpg,e32da2012572f14f97d278f7ff90aacbb10fe7037c2eb5b0d4380598e4170c9e
PublicTest_61733697.jpg,80932dd54b2305d947ce056a61bc3fedc47072d66a70a5cfbaf06210007603f4
PublicTest_61776443.jpg,b239b93ad936f1051fd30a90b27188f42837b2b44893ba48027b63b84e6e7458
PublicTest_61779535.jpg,c77a66abc2f414f3eb85cfdea37dc722d262bdd7cf0145c96120f33b08a2506e
PublicTest_61780409.jpg,82d14d5abaa878f230483ded06da414d528f30f3f7ba9c7a440aefa7dac7e0c6
PublicTest_61791922.jpg,dca91cfcad860c46bf58337e6991266bf66a357368da8abceb6bed4bb2503bf7
PublicTest_6180816.jpg,63d5c0dd4f0f77a656a8ffe423ffaa8d11278627003fdc481326dc24ce2f5f1e
PublicTest_61861662.jpg,9cc66db71f33c85fc6890ba73606e768f8d959cbd36a9b3be562d3be629f7df0
PublicTest_61865676.jpg,d3ca2900d314ede8526882f8ad6863a9edf029967ed5d7b376bd7a9583923060
PublicTest_61886772.jpg,22d1e0899905b1bfa2c67f2130a231117463a5feab21f5b242d18317d8dd5bde
PublicTest_61908134.jpg,de9575ed82e45e1a47b835f6e956ca3162be2cd934400fc9093c4c87d8a953f7
PublicTest_61944854.jpg,4778f2cf222fbc0104b66b10bf7661b7990f02d83caab56f00e8552177c71431
PublicTest_61948626.jpg,f5fb4451231fa95bd626e6c76de5b0c81132096c1cee28ae9432589ceca91a05
PublicTest_61990960.jpg,898421db52b37b2b3d9c1776acdba3b885f77cb0c4f6ba27af9714bd420e7772
PublicTest_62019015.jpg,e150de2ca53bd5f29c65c0562061d060a96ee7a991c9f0df9cb8279a6de36acf
PublicTest_62055903.jpg,997b391848024bc04f2a6db0da23125bb42beebe104bd2ebf8f62bb2fd4a2b43
PublicTest_62056614.jpg,a1bd5b43c0dc334d4a778cb4e4da7c6bfc480632bbbb39fb1d32717b3fd804e3
PublicTest_62072018.jpg,0c38f7f39f09b9bcb6b47f9f8c82ebd092c6e3611148151ae1aebbd934ce862d
PublicTest_62090392.jpg,5305239b9a76502f09d7563285b2c95e235ca60cf025064328e109bc3d1b3678
PublicTest_62098967.jpg,14a932fd6d7bfe26c24a671caafa3720378acf4846bacfb16e1fed1d94ddbe1b
PublicTest_62110858.jpg,45e63035f795bf26f0cf5952d7a0823b3f4daf8862b34edc2f05e74ebdab6293
PublicTest_62130282.jpg,81be8a0d8f2214c2c20479fb9600b45719c66ccec9082b2a5360d0573483e7a9
PublicTest_62145473.jpg,f10ce657c1dbbd1de2fe8eb8548a0b74b4c6a12f0fa007188737fe47c38b0492
PublicTest_62157531.jpg,a967caaaf680a2fb89ded2b637f38f2b79c99de89faffc3f7568b2858eab5261
PublicTest_62174534.jpg,d2a3dbadcd07d460987ef21a7a554f7db6578c32acfaff2cf01fe12684daa2ba
PublicTest_62214865.jpg,75ec0f1bfbb222bba0b1cd277546ebeac8101c60f1c078de9355ff08c99807fa
PublicTest_62222978.jpg,443f2962f399635a4f9096846fac6c19dc5033b3dc329f21cdba62767059a066
PublicTest_62236593.jpg,a2714688d65daaaa169ca790242bb73d5d69ecea91903ed7ca3d3e035c56be9b
PublicTest_62261424.jpg,ce4bda89d28078b003aa118812fffb576bcd0f2e76cc0d47b01468dcb13caa83
PublicTest_62276045.jpg,12460fed829ede890e17a1dc66607cd710ea3177fd818df1d6435480755333ce
PublicTest_62277373.jpg,5b980d9dd14d9ac10e409a097fbec2aacb90894352864c721ca62f371e344e38
PublicTest_623530.jpg,b9a309e6be418c83798629eb19bd4b70ab1bd890d7fac62da5897480a12be152
PublicTest_62369620.jpg,198b5bf71cb1f8d7910c39177ef98dd9b000097f93a118eb3eef9f92a1d6bd7d
PublicTest_62398284.jpg,b6cecf7cf6e2983a9a61712b82a6b3dd35596457a7275e3716451a669dae9262
PublicTest_62426646.jpg,1e1dccd20d337fc60c3236215cf48ee90ca25925c5adb0efa5bc320e30ce5f68
PublicTest_62445662.jpg,32dece358e477365eb938b11a25cf5f5f8320873d9b983adf6bd17fceb3b5351
PublicTest_62455644.jpg,bb1e89fb78c927e0104614fe9db60f6d22de38e4ea5b346dad89d03112ca87cd
PublicTest_62517424.jpg,3f32de6728f4e7974282cf2aa2acadd5308f300b6e6c89524bcf6f75d2f3e615
PublicTest_62603749.jpg,e89d01347ca90900a59b7eb9de83d2d1f7b877639284f2e4109a74ee0d5f1722
PublicTest_62618483.jpg,d9679e5c9098daaaaadbcba865e29ed44a0f1bd0b44b1e362d7c9fb7ce245d18
PublicTest_62690337.jpg,5be3918b101261597ee50853cd70a0a4d9752755c3fa721b768b3fbe692a549a
PublicTest_62729304.jpg,071335cb75fb626ab22e6f4f0f606257d908488604f73501db581ec662258d89
PublicTest_62757931.jpg,500ccb46d40bc055fb40fa8e658db748ba67b101b5ee8dafef7aeeb01d6cb21b
PublicTest_62765556.jpg,5f99aa3f73550c7aeb4afdf51a1098fcb8c02a8d4d80945e80281e79a22bec4d
PublicTest_62838727.jpg,025806df393d824ba36f3f31a54d8f130a28afb6d0d943a7ff8a0f766832d156
PublicTest_62957329.jpg,f7950a85bae60557e92cd6be6ad11eea87546d76a3184099990c28810d2b0a9d
PublicTest_62963706.jpg,6ff2852cc6c472b2bc26173165265e1d93e4c74e0dd042ccf7085403d16fd2c9
PublicTest_63017102.jpg,a700d05f99cda43e2fc81f9544f190ab40545a276149d2b2e14fc0eab123d600
PublicTest_63069551.jpg,6d1160615c606ccc5a0c33daf5be928257358dbf3d07e815bd872272c33f2dca
PublicTest_63070151.jpg,305673ce3659fc5ed02b8f5717316ff417553ebd2fd444c69a584626892dab96
PublicTest_63105509.jpg,5337f76dd1c1a04a6f6b1c97521cdb3b8966f7bbb57220ae5845c5be27898568
PublicTest_63119077.jpg,c9bf27aa0de34d84da35971e8a159c13d580a24f5955913af59c44cdd580e17f
PublicTest_63159695.jpg,df0004a741485111007dd2f04a53fd48d1c0ff1a209a0296ff59f748c48863fe
PublicTest_63175217.jpg,6542b2344331c00752100f5a319af98f07c018765672ddab9534e6eaf53c7d76
PublicTest_63260440.jpg,5824afd7fbfdd3aa88893a599224333a5d63cce0a85c92f2fa6d3a262dc4c3f7
PublicTest_63290241.jpg,20c1eb6e3d277f295647debda958c2762e5671229cf06bdc7ffec989f7df5962
PublicTest_63291719.jpg,6e92c5615891ad76cb1ec917d5d8fa24c9e76688b3145dc3a3b323a32fec080c
PublicTest_63310337.jpg,17ff329dd260c4288d00500e49713b4aaeefb2fe433a03ce776784d3f1dbaed7
PublicTest_63326304.jpg,d7f22253ddc55bbdcbf4aa959eb528c5d1ccaa50ffae2448a55309f81ea37b9c
PublicTest_63375987.jpg,212b2f449ce3a0cf67693fb3bf4ff568415eede350ed83983bb6ff570f4ebfe3
PublicTest_63397672.jpg,2d6f39c26a0022bf7387260d993f26b81242c3ae5d65905ee7f4e78272946be5
PublicTest_63413374.jpg,c4c16bb3ac11de3f4d7ed7d69453dc622553426e3b2cddca77b5286f69d0227e
PublicTest_63454133.jpg,35e77b716fd831ef9ad1ddf19f8037b2e9ef7e9bacf5011b4ae59b90bd8f3fa8
PublicTest_63467129.jpg,0ee03c02a06612c0b6630bb98ea7191df696906686c88a7d49da9baadfae4eab
PublicTest_63512926.jpg,b2bbde5dcacab84d91c439f8f77b8223f37fe2e796dafccdbe1e8e8c04703968
PublicTest_63607791.jpg,c401239c42478fe858c77fe7ebda405b3a260b87b1cf53121399f71e4feec90a
PublicTest_63614172.jpg,0b1109bb5caccf51b7bf02b520b9d14a0616c1c189d7abb4f59c3cff3b8deffd
PublicTest_63640849.jpg,f7a7a85cb365f4fbc905d145fc7fbf44de2b0472d4f4796115db6bcd901bf02a
PublicTest_63705954.jpg,29454d84ed493004246271185b27f95aa2e8d3cdeba6e1990b461efe759b95c9
PublicTest_63723339.jpg,b86fb0f10a8292920cde0a8aa9965c912853a8545c7ece7f8f3bf7b0cea4e684
PublicTest_63745648.jpg,04fed0632051aa2d3678b454dd106160bc82a05c4712f2ee250279a336229304
PublicTest_63745951.jpg,0266b647e05d630887473dfd61b38df8a59a17d0faf44cacdb1b57617790cc3b
PublicTest_6385751.jpg,346c0d48e520a22852d2fd9ddc629f21f169e8f9ec0e6cd9dcbda24000ae98c6
PublicTest_63906265.jpg,eacf46ec5d8ef761e506172978506765b1435af95b71e28602b27587f4c17e4f
PublicTest_63944896.jpg,06cfe5fd2dc0d1edd511a04c381b9c8f316e1da7af81295156ee8225050b5dc9
PublicTest_63946411.jpg,ad6880d2a8e15481cd8aaf983c633af3639c3466e724daa839c4629510f8c404
PublicTest_63973159.jpg,f1998c46b581d121bae2bbcadc730ebb28aee7506d69f56ad13f3987a4dad79f
PublicTest_63997638.jpg,bf04c0dc15fa62274bab1f4da01cc0559262f3675ce5633f9f107119b216525d
PublicTest_64004024.jpg,36efe5a30c972aaf4a54f805981c02289605ed082e16aaab1fa46bca6c62cbc4
PublicTest_64029710.jpg,4810bbee3e8d2499163c0987d84bb3cb858fe8a0b4e001afb8e440b7884c72a5
PublicTest_64033113.jpg,9ed27823f944fc350c28ca83ddda168f38e66d9bb7ebf37202130b83301c90c6
PublicTest_64084550.jpg,e47d390f41a630b3c4f4ec604b3163d3d67d10e6ffe0e94e194d801431ab379e
PublicTest_64107181.jpg,fe5508b5dfd581cae5e398d5962ae3890a7b6a3d92e7060f6703332efbc41117
PublicTest_64135505.jpg,c01f34859b27b9ac1e4ba7db0057c08f9d53a06db042d30fdacd8d973193edb7
PublicTest_64261256.jpg,f57a299ca928a845db5a558d03bdcb526833a31e33c8ede7b4b8fe66592c5cf8
PublicTest_64268372.jpg,6bc3b4d565d0c5fddca21979c85f5c4d05a79787845490a03ab73cb093243d5b
PublicTest_64293527.jpg,34983a65ea7d9670e3d2bb274364bf387cd58698663cfeab913fc3bfb9409b0c
PublicTest_64352058.jpg,36a49520c789905daef81e655db0a9c7a9db7c3deb531c54ee232a953be21038
PublicTest_64414749.jpg,be11328d2b571cfe10bdd9e14d92879bb5219e96a37e89ade23cc614c26e082a
PublicTest_64425707.jpg,ee54c5abfed90e87098586139e65a920ca19a5ae6b0e8ace44321835d9caf2da
PublicTest_64448661.jpg,3aac2b4da049a907c7c233d65708cdcc7f934f88d6dda6661e38e2153a385cca
PublicTest_64474053.jpg,f9c32e249c591e257dc21cab33344533b713948938bcd59a71271889f7b46420
PublicTest_64479147.jpg,5e34edd471a29f60eddee15afea0af309b8f836eb76a5101b133d98990e517ce
PublicTest_64496362.jpg,3dfdb86510aad47af0c030f31e49c200b831de9ac732a271c1c43fb96fc0e283
PublicTest_64532931.jpg,4f211608b5ee4ce50819e9b62dce55b7efaec2d770ea95dd3579b3a59218749e
PublicTest_64598105.jpg,d4e891cc01331411c99cc9c0a6e2e869fbc114f6645c9c31c78c559078d05198
PublicTest_64608623.jpg,222559109c3326ca97f80301fa729753e89e5eb7e60c90ee42c67409a8e6d375
PublicTest_64610783.jpg,f05af986f5af1615713e2c42a1414c9836cff7e30249a13dd7d8bf0c12a7510b
PublicTest_64619420.jpg,d1d5c1d56c9e64b27bf5fbb48efa6f876786cf5f0976e9a2f6885108ca45bb96
PublicTest_64657369.jpg,0f620ef198b5506a3abc8052fd27715c7138b81bd2aada2c110af8ad94387f8a
PublicTest_64665821.jpg,7e074c4a2dbc11db77a6bffea4044550e54d9e9388d6751267cde9a5e96f8434
PublicTest_64680248.jpg,9795885fe92f3567aba99209480879d21d000222e53ae77ddce2b7cea0c16388
PublicTest_64688698.jpg,8a65bc8e31f8f56129bfccfc02730f75b0c145adabfb6d16e7662abb5ba6b838
PublicTest_64717014.jpg,8a93bc04984e5b78285c1761a5528c9cf33e58c699605a43c6d3f73399d7572e
PublicTest_64740817.jpg,1c6dae4036d3b37b74e0ade5ec7935cd55fbd0b3a7c32793a5394462fd8692f5
PublicTest_64746852.jpg,c213f9bf7492a20621bc5b2e1e34f99df2b4a0037dd90ab98d4802720eb99adb
PublicTest_64803509.jpg,6a6f2474000c4fff00d8f4f71fcbc54a5aa0496cc668011a7b85cfe12e74bd0d
PublicTest_64827479.jpg,c1880d3d47dc0d981b7965d76c110300904ef64bf34db3ac00a8ea9e312c23c7
PublicTest_64847708.jpg,659387bc3c898040c6399b612d64c9a13afbabfefab0cb4e3ba1f16eadda5a8c
PublicTest_64856942.jpg,8d1b5e726e899534c7621522bba46105e94691f6094a9e3f75c529b43cf21d2e
PublicTest_64928275.jpg,e3a29f05ea70de2fb3d67e4addb8d7e5f0f22a28ffb9a5106aa4af193cb38b8a
PublicTest_64932365.jpg,03a3603c9858a8764f95994aff68147806d85bf5dbd5c8c690bb79dd08f6f3a4
PublicTest_64945856.jpg,200731ad2555d94942dd2aa1c31715b0d5d09fcfb75fa5217533a43931c09f9d
PublicTest_64953069.jpg,a6ed007ebfdc6ebb17b15b98f4f908abf53293271ca43a3fe6811851c23f8305
PublicTest_65017594.jpg,7d3ba87b0b2da740ed6fb317950f47c04f5c19a5c0a2688738a5c15f50f2bd9b
PublicTest_65020419.jpg,d5a826a00b53d51c84fc9aabe3316e99a75bd88f49341c2bb2cf8609c2d00e00
PublicTest_65021363.jpg,280d0d4344c0596f6ed028288cb35810eef91a90df5169a9f4483948c0ca90b0
PublicTest_6510637.jpg,9bbdc3748a24ba1b807bf77bccced9029ee07e090f2befe2238b942e0c5c9384
PublicTest_65112748.jpg,3b554cbd27c6e7a70fc1b4544bdb496ef8f07b6df98162c8e7e77401755529c5
PublicTest_65145260.jpg,81b0fae0615cef845cce11c45bc2d0d02a59345255d27e4d64ef806d0f4ab2fc
PublicTest_65197175.jpg,e8a95092f08ee57a54a5e150bc8815676e0b6834a420b7f455224dc8fa4a48fe
PublicTest_65209346.jpg,311e6a80148b81d356265c6e45e409160d04ed4f7e7cfef2ae97e3e653c8b147
PublicTest_65218414.jpg,dc14b15d927e07b50a81d48199818ff73f16fb3ad032f1a5bb747c358da609e3
PublicTest_65239729.jpg,3044d8da88364585f04d38c18779cc9ce60de600923231603ab5b4cd9615f67e
PublicTest_65248638.jpg,3b77beac9213e9b9c7bb4a3173b9ec1594a52e34d06d8f046a44ad769cfb547f
PublicTest_65256004.jpg,2024827991e127abaa64898efe9fb8e36016e09e0ed5cc3b33a45f7aaa10d577
PublicTest_65281658.jpg,388cd4fc6862a86b655096a503cb9c94292a2e1819e3a51ee0a8b2f7febde89d
PublicTest_65282549.jpg,50c2caa2ec362c3992557d3e25ad35b8ee0e7c19058a0ebf8c8cb4dd653653ed
PublicTest_65309766.jpg,77e1f82ebc0a1774eb88bb7db37258bec3323339c403f3e0ba31fa58d407bfc9
PublicTest_65439988.jpg,1de3ba880989b8b6623254cb16bde6e31630f29e32ca57786b3011f04aaa8cbe
PublicTest_65455995.jpg,0fe9c3e81d23173e42dbb7f75f673eb05bba094eb1dceaa1c6938ed756c76c57
PublicTest_65465298.jpg,cf823827a08c283b84144ee3479b2cb7c346aade8f89fe1c04b4f25cb10f5801
PublicTest_65467730.jpg,a0fdd711d21166f71223c497410398994fb63691f2966e29c30a3af97ce24060
PublicTest_65538215.jpg,65656c7114873499911ee488e04a2b0865d5c0c17e473d36dc9b473ce48e8934
PublicTest_65592818.jpg,b119287180e93c5e2a734f3d95a0904eceb5bd79a05962d79d42117f2e28f9bb
PublicTest_65603591.jpg,ef48b6dfe3568742ac8ada04ab4a83be438607db716d718a0829dc6fa1477fa1
PublicTest_65608841.jpg,99e97d25fe6b99a5fed27ac8c542ce9cdf011d72f38490797f317aa43c96a904
PublicTest_65612985.jpg,3c82f31eb047597260de0742e45c337a977fee83f1e74aa376f94a5948611dd9
PublicTest_65629669.jpg,f2c49a6783983bcd81a562f34d84659dd698300bc84315ae9af6719425b0ba25
PublicTest_65640293.jpg,a5c3f3aaeb37af76287d0e7ec397becdf13972429faae3ff71e317e8fd30623a
PublicTest_65653301.jpg,c56ff7adfeeb6c105dce4a4df3ced05e5b095963dd2e158afc44ec3c3bef9bc2
PublicTest_65657538.jpg,ad7f15938c1047985db7c730d84e082eb69f3b2fa7b89272921da22c519bf6e6
PublicTest_65689063.jpg,af929b9cc4c1cddc8e6535f1030082369056269a454b70155e9156d1814e422a
PublicTest_65696296.jpg,57c3ede98b1ab25a3fd08f93d651a2d4dcc57424be0c35b553843b7ff5a69b02
PublicTest_65705281.jpg,cec5ba9ca13a6a9f770b2e4f4bacdb33f86044830aab0e51acd34cee78c92339
PublicTest_65717627.jpg,3c990755d893e39a3176f8503f547827cb2afb5a777fe2eaf4b090a33b347500
PublicTest_65722213.jpg,3198920f64e8dee26770b74ee0771bf3ad80963d2e1175b4d440857147ccc7f1
PublicTest_65732845.jpg,01a0e8a3b82cbbf5b0a0a34b5284ad4aa638119932fbe9acdc3ed8a0c32a58a9
PublicTest_65784448.jpg,86e952dc42839429a2c4cdc48e7c7a15659b68f119352ddb44c9cc6ac4adc414
PublicTest_65803714.jpg,61ee38a9d0541d4af038979b4bc6450dae8b3c925910d119ef00a3c0e9603fc8
PublicTest_65820617.jpg,9f938405a8cb4fcf6777bdfc6c34cbded28c4accc91d88c3c31131ec32c3672f
PublicTest_65825726.jpg,a1271caecd298640aecef9f4be12cd93416dea725ba5c297cb98b5cfc7d47cc6
PublicTest_65942726.jpg,ad562fc216e36d49c2a67241e61c38b60e88d16fa041ab189a55c359c98d7026
PublicTest_65949833.jpg,74600637b7af42626674857dd1bc6758d93802acfadfce3616b9738d9d8e1ed9
PublicTest_65970977.jpg,d10793e78d12781e68fec3aa7dd2eca0b3f27fc006a036dec9681340114ce197
PublicTest_65996903.jpg,2942b8623682417a519b8d1cf496c9a114066646140209bda60034c2e10e0c34
PublicTest_66000374.jpg,b9f1183537b8dcd4cd4af8c5d1dc71eee15d1c680fe3d82a3cc10c2d9df897da
PublicTest_66012598.jpg,7c5e7752cf3aeccbcc306ea03fbfa19d164d0c6a8fb52c625c77bcd53a44fb0a
PublicTest_66065964.jpg,8742759c752f5449bde173a0240ca63dca57a6694b7b040235f01d78f6cbb6a7
PublicTest_66091352.jpg,965b9a434bb45810b23f729d7e9d2f664e08c998b8da9d83651355f159a5288e
PublicTest_66095589.jpg,5a399c95fd9f96e5da524b9fcaff9552643b613c21760507751b088d74ad9b99
PublicTest_6609653.jpg,0eae137f4ca2321c48cf0c9c026994fb55e214fd6767cf10b361ff8a56ecc82d
PublicTest_66101683.jpg,723ec21b7972cd6376822600aa9a65068565f099a66be403aa90a045ef198f91
PublicTest_66116810.jpg,ac2f913086c61f6ec0cd022f9053f74b2ffee7305a98aaf3b49df6898ab6f409
PublicTest_66149019.jpg,7d93742cc27d7f69bc49b957b317abfaa4c3a94e8d172bd9e4f43f0c7c43c064
PublicTest_66168751.jpg,03ae9e66b7d67b79c9ebb191572c36dc13ba2da3b35b130d347a7e96f70741de
PublicTest_66233719.jpg,68b85f03c8bf46288743da6a42f36018d5c6dc68d178f4a59e5a215242a2e188
PublicTest_66286339.jpg,ecd9cf7fce30337c310208e1ec14474ab221fdeafe9dc35306d45bc2244da920
PublicTest_66312779.jpg,42e003f1259b49f6ce2214027335bda6108f922fb7e0dbcd042f808bd0bd0b77
PublicTest_66326152.jpg,828f79f1368409ad5f9624871d0590933cb9e2ee91798c175459ba172e4c4162
PublicTest_66344219.jpg,b8ca321f5815b4f025af76de2a1ac3f264f3a27c463e28f89228500f43a0c6b5
PublicTest_66344275.jpg,9b2fa65d5f60d9d05548970c7b50934ea635c8c139542a5cb662083f01c7e967
PublicTest_66424456.jpg,c93ddfda6cde212b1971f59372889cad32502923a4bd6e0e898150066342b867
PublicTest_66439360.jpg,de29f1b2d0ff6af1c63d3aa89c577417abada36db2db9a276381125b7a510ffa
PublicTest_66548039.jpg,ec620641d892e88a66bc9d0f198b5ea1973d6c02cd0127192bb627124a841007
PublicTest_66651438.jpg,4a130f1b5eddc6f843b4dd0f712db1c516610789c5e36a6c8d889a6854676f9b
PublicTest_66678442.jpg,7583ec9dc69f6df73ed0db43625744d166d07ebd63d2fdf0395804d80016d2f9
PublicTest_66678662.jpg,f4455eaf0cebce5d8df4e45aac91875772d926658eaaf4241aeb033e11d6f684
PublicTest_66691033.jpg,c209b62b56a0e9fdb2f58b8929bf2fc0f24597d9f744cec3b85436a0b57495c1
PublicTest_66693020.jpg,55b861b553de35d480a84e5c1e2691f70dde159c7f5e7b05ee93d834101efb53
PublicTest_6674118.jpg,a640a1ac82a313d159d4a6ee163dc36e96abd71ba0b94429954e54ae7a45bc9b
PublicTest_66742943.jpg,3a7919143b62a2d2a78cf03fa20718098241bb8359e6d32555d91bf0292c3fe2
PublicTest_66786769.jpg,eac4ff2f3c693256c2e84a44d126195c8ad32012ccd111665e27f81135ecb584
PublicTest_66823417.jpg,b1050382be81e47490f81dadfe71ff64d2b88c3ba76c49b1df283d92ad4b4bf6
PublicTest_66863695.jpg,2e5337a1c6ba3e55f4fff89ce3a5f71a6188de48b9f3ddb1f6768b85fd9342e9
PublicTest_66874367.jpg,7b06086a6a1473b55dd5c09b507eba540ffa2709b848abcc4e6f743dedc87a7a
PublicTest_66896111.jpg,1845476a82e4a96cad243d4e26ecb2f5cb2c5d1271e1e664df1572d49297ea72
PublicTest_66897941.jpg,64e8e0d8b9d57c3e5be9a41ca8e208f95b5806a02b4af0e4b76117164bac8eef
PublicTest_66901645.jpg,9a5175d1defa8f0411fb81a9ce518bfe662abe4beba31123f71697d317dff37b
PublicTest_66950868.jpg,6e45132aad10b5953fde8c67bd98523d85dbe7207bb383a0c081a63bc203ce28
PublicTest_66951145.jpg,7d57a252431c7afc5f878b63d4a48ebc265475ff66d932324cf3b00f9c651f10
PublicTest_66956737.jpg,7c40ae480873d324b2fc0de38408abc3fc6f3e1ea5891a70324094e75c7d9b2d
PublicTest_66968155.jpg,f8c5ad219393956bde034f9120812667bae2c3d21c59e7d02cbcc459f6710d2e
PublicTest_67013660.jpg,10f3a9959b37de33209d19434d0934c878117450c9d49065ba78f31814e55c44
PublicTest_67014114.jpg,c9d0882e2253fe6bc396471fec941610e6a7fdaeba7afce76af4da98fd1fe2e2
PublicTest_67037873.jpg,3f36e6a673575134dcb3f172d45733fef33bc2c8f51690e0a572089dd97e859e
PublicTest_67039159.jpg,137e01671a3c51fbf05e2299cfdd4a3b4867254405b3a1c714316e668612fcdb
PublicTest_67087752.jpg,88f0429294f3e9a5088210dccc0cea37a4624776480f58fe8b609edb4273452e
PublicTest_67094310.jpg,b4f2455a809f30068a855f3f6a78a06d4d34f9984fa52f3629fe6f10df75bd9c
PublicTest_67146017.jpg,16bfa509540b7e10841733c3a1c9b4fa673cd8d81d12f97c1c31537ad3a1a03d
PublicTest_6716675.jpg,39a0bc1025818c0936cc274ae4359f8868f24fb7e6e445e20fefac246ff3e9bc
PublicTest_67194596.jpg,cfdb9b9f2b16dd0c559f3faf964cbe1acfb0fbf99005ed2fb677244a9e6ab754
PublicTest_67220819.jpg,7efe603c25abf60e0aaf1f28e0d8a546e91d70e5a74af84a6c04b6d8fb7b441a
PublicTest_67261410.jpg,8b6c55269d3f052ae96691cbd8e4f85d3fc5ee3839d0976ce78519db85ec79f7
PublicTest_67290585.jpg,0867573abf34f23727e537c5acd6930fb22ebad6f330de07325ed7183960889e
PublicTest_67327289.jpg,ef9d1a2dbdd560953b3ba82cb5fd22ace4b196a50cb12d3dc78cc9291710d349
PublicTest_67331274.jpg,9a35ab71b41d751a34477b654337eeffd7e01e1ee3f7ea3b7d1e404eae9153de
PublicTest_67376184.jpg,49cd8dc9f03b1527d545003da37e03b68916ea4fa384144a83f492125aaf701d
PublicTest_67411006.jpg,0b5d9b20b7495b09d6d0375f343e04f2edf694761bf25b9c45b4d02757dc5982
PublicTest_67413951.jpg,67231fd304ebfc8d760806b303a846ac3604f6b109de5e2b422e920cc5316af1
PublicTest_67417043.jpg,01aa5ffc7b6c297fd62e70f6b8f374ffea30166d9a3cfaabce4d6302b7c3744c
PublicTest_67431170.jpg,11e0cc66ff83d071a59310ee54ee5f2622447109b302152c684adf8067faab70
PublicTest_67544144.jpg,4dc09c2899dbd8c98ae03c3998fd06c897578132416f8522d3a3cf04bd4acd91
PublicTest_67559665.jpg,95f53bd53977b6c375d5c306a347b61f7e656ba676ba4d9e3f82f1f964d9bdad
PublicTest_67564551.jpg,8789ed07b1357d8251989f9e570c35c2ea7590c71bd28be7d407a1ab7645dd91
PublicTest_67565857.jpg,cb20de3f8645e3a67520f19ab11cb252138b9814362f7610965a736a7a279b49
PublicTest_67579465.jpg,22e80169a72b37948e0189098047dc102a872476a0601554a34cd8f2f7f16a6e
PublicTest_67695369.jpg,a1d70545f499c4369924fedddf419d225795d20a03e295bdc32df80189f8ac1a
PublicTest_67735286.jpg,77ad774463ef9c3fb558906b636da006d232deeaab1d2164b7136bd24d4f4766
PublicTest_67747988.jpg,1039cbe6f4c47f8bfd7695b84cef869051a13dd9a9ac53ac33c8206a6696964d
PublicTest_67751726.jpg,baf143c7d34dd9b05eafc8e8c4f1285f49d0fd01798e970d0c22105785308bf6
PublicTest_67808581.jpg,95e7bce6d8d4fe9c846f72c453dca18243e8ddec85fc72118c5d062828b8bf41
PublicTest_67828734.jpg,7bc47d9bbc8475adcdf5cd23c13b18bad1ca1584cb971d8f784e1f7076dd8121
PublicTest_67987207.jpg,4a519272d76d84bb9effc51132f5918b3b91deea0328a8c5a9446d5415491106
PublicTest_68003302.jpg,468b94493abadc172e61dea56b73ae7aef801680ba897e1ee50ba6a7ee4d0799
PublicTest_68051083.jpg,5d609b90099bd43a12c5ee05500dd1e15e9e247698cb834e6984b4213306414b
PublicTest_6806257.jpg,5a1f8ca2ebde5720c9ae6c6db7fd7118264d67ab989f1576dc0dbb66ec507b95
PublicTest_68071658.jpg,928ad65040ff16c4800d4a7a32fe9533dbb7bc846758ae856dd3300e0e015b33
PublicTest_68085838.jpg,5901bab322959e35af80c8149ac0b80cb816d7c50310815d0779d202ef78ad71
PublicTest_68097202.jpg,f10e6cf29df084ec1c8a5e503dd7c12694d9066f97a85506f7b9a0b4cf24804c
PublicTest_68102403.jpg,0796c3f4374dfb49809ddf1bb46de9c3c62cc135cdc5872496be160e09e44eeb
PublicTest_68104078.jpg,aea2e3ebee74e97022e2b134ba59402f0155ab228dc224bed9915b5dbd758489
PublicTest_68126601.jpg,24399039718523f11e54cffe3511c79e6017d23e6958c9770b5caa9c40ef9e62
PublicTest_68155166.jpg,faf3d2bba65a0371c4e46b3985e86c7993631d4d764d12ffb59ed91958e7e30a
PublicTest_68166619.jpg,7976f448fe2020b85ca34efad935720deff2cb02393f77c704ebcaa312030418
PublicTest_681901.jpg,77191ea1f730ac93364340baf65c8cdb5909eab5862e588b2cada338edbd899d
PublicTest_68205299.jpg,59a524410095a91db719704e2a5c66a536d3774d9a76b73d56b1c73a9138609f
PublicTest_68217650.jpg,b91109a1997a9b2af2f9f7ab3525029daf172fe7e56feb4b42350810d625e860
PublicTest_68219184.jpg,6de453787bb76da9280872befa067842185cc56255cf1060166e2273a4b67ab8
PublicTest_68274080.jpg,54f94b5ad668f76961e7274cbce84f99041c14025864673cf0af1ecd5afca195
PublicTest_68342513.jpg,d082a660abddcb649bdc3030dc771fa10dbebf753e58b95f8282285c545411a7
PublicTest_68359885.jpg,f195063cb2857e4416e7adb663ec508a805910ca71dfcd730431125155a6170c
PublicTest_68395386.jpg,d9a72d35f63488df56b1089b5969ba3f2f52f8da7615e96baa0a641264d4b819
PublicTest_68423633.jpg,dac105ce5bd32237abbdde141468ad2c0b4644873c5038394c7d45ebe12c0797
PublicTest_68478226.jpg,0ce97adcaff217c31b19c16e6caaaa396876645c348281a81fe8c11fc49188db
PublicTest_68508040.jpg,557137f157e4c0a7d3f48821392acf83d8589947ed73db36f0ec46f7f975776d
PublicTest_68573017.jpg,0a3ab91319f422c9b3869ab4ff3d03d0db4b8248358e151fa1df468898f745fa
PublicTest_68623235.jpg,04f19b5e0c6ebd92603f2f2296fd5ae94b65216a28b4c638210847767a1231db
PublicTest_68635331.jpg,bae739fea9d0e3933384e105a44eb6038350f43fcce05c2824acbf42cb12ffc4
PublicTest_68643745.jpg,9b10d5353cd13b761f9fb9ecae23d3d5be253d7b102c70f0301dfb01e5aeac21
PublicTest_68682113.jpg,07d58876b9b63af94762b2df703eacbfdf7b128c331b3e6fb1046777158c986a
PublicTest_68723852.jpg,039f9c2fc028ea2aaaeb49b5755f90eba3c003f747ecb9f791bbb2c4b565b8cd
PublicTest_68726009.jpg,826d2667ba645e55da820b48e33772fb2a993e66ecc5c01be0130c10ea962411
PublicTest_68735258.jpg,cc11336c8d2a5379561a4d8e3e4e9fb44a546cd634d4fb3aec37a9afd752d3a6
PublicTest_68799766.jpg,b6049ca39699c7d9cb98d76ab5e60d32ff55d833d2e2c328736908a6dbd71a87
PublicTest_68851454.jpg,4d2403e8ca7f3db6e57c5b6a14681530a3443e01f519eebfce7225a61962f88e
PublicTest_68853210.jpg,6f0b7b1f573b4382d89c829ff54bc040ce465335cd7b3435283d5681cd12b945
PublicTest_69095122.jpg,ffb38b0c595b1a6e4d7df66ec20ab8981cb7856a18a94796e65876ec7c9442f8
PublicTest_69096583.jpg,7030bd6d24356acf0d90d908614c172412e54a330f3d8725f9ec4092f9243861
PublicTest_69107577.jpg,efe40c69183ad2c2215fefab1683372914c406cac5520f907e165216535d08ac
PublicTest_69118674.jpg,4d468177c09b8a65dd5a1d72c653b5584a724cec62f65d09359d73dfa20a70f8
PublicTest_69123222.jpg,f390415028a03e4583c30000b05587bf393771eaa2fedbf86cd208859d910652
PublicTest_69137863.jpg,9cdd142eaa19125b225bc3ee3960ffff515f5a0e252127cf7b0bfb98ec4b641e
PublicTest_69166196.jpg,61d4c5dd1a4659581c10fb8b743f95b51613fa2b86efee50c3339f667b312b58
PublicTest_69166455.jpg,ae423809c9bdb275e670aeedb60c65d28690cb414f3a5765c2d4fdf31c4c4bfa
PublicTest_69194031.jpg,a2fe45c8635ea946e4c64afd2b102a612ca02d3ab2199a1155e6337c73b77797
PublicTest_69204976.jpg,e2fc0a95129a37ac25ef80c77de8c83f4b4d8c71e69afe35145ad3d54b0c594f
PublicTest_69207826.jpg,cd6981581791aa4e5699c340707ecea2c25c62d865a478956cb0b47a202bbc03
PublicTest_69213552.jpg,68d8ac040bc2161235baa534eef28ff5ae175ed3369a4df478cd4c3181de93af
PublicTest_69266622.jpg,be7cd0f802dc3cea2d501447325267b22c5febd0b58095707f51cfbe4ea254aa
PublicTest_69342366.jpg,34f83f3bbbd7ce655b97055454eb79c1982f007c82de9f4c64af93352ee8072c
PublicTest_69351314.jpg,c4666174c2e10b99f6092cbf6dbd7fd47364f15400202923843dad507512d579
PublicTest_69378300.jpg,3e2ffdd96889c5d6eb31f7eddd2f61c15d8fca3a1ab59eb5c0b701833f6b5b02
PublicTest_69383833.jpg,131d7d06fcba17a037043eaeb763e6db7d4be32a7ef88e3e8229ce2a283a7cd3
PublicTest_6939854.jpg,24e1a0fbe747f6c44a6370c2615a20aa25604cf612ffddc6aa85b6f83ea62e83
PublicTest_69399676.jpg,f3b3bd134e3e286ceda2d454b2abc5747cecae150a268c6826d92ebf416d8606
PublicTest_69405051.jpg,4b9c024a06afc4fa75910efb6b6b18d0dca79c28e1fffa4df5ac999f16f98162
PublicTest_69428968.jpg,d5e23883aad99493ccee7e41f25d6020fe28d3c5b7bce497250a6521ea012298
PublicTest_69431221.jpg,e3bb29cf97ab384c1d36d54af521c367c53f2e1c82cdbdaf6a15cf6fd3314dd2
PublicTest_69442455.jpg,c66cac6edef431759b0f949f4fbc38f57b54a61141597d2243cc0f41ae96ca48
PublicTest_69457341.jpg,d395b1c41389709fbac1b1f190db3da7bc4c08c7cbacf70c7bf38483b437fc21
PublicTest_6945961.jpg,0a7eb41f9540c526aa9df28a555b969c3a5d1e29a17e44a22ca68f96c24f5b06
PublicTest_6949642.jpg,fe163dcc6640b26d2c64bcdad11fbdba7ca5485a6913a641e647db98be20444f
PublicTest_69508371.jpg,3e7726ea8dbd09ffaf0be77af195b36523f60026e8b184f2db512d05d5831931
PublicTest_69543442.jpg,0361cc24bcdfd8228a6baf973b07de60be2e0507a0035141ec9ceefc264d73dd
PublicTest_69545620.jpg,e3f10fa18794845fb7394794a94ea185aa922eb72b88a27a7cbc4fab6ad009b4
PublicTest_69587246.jpg,b1e4b40d50003d4ae1d08615233aaee5880fb5156e6029b4783768d8029968e4
PublicTest_69589440.jpg,0e3d12285aed40aba013710a94301b2a97afd6456c3b38b36c3dd4b651e5a604
PublicTest_69592237.jpg,599159362298898a9675ce1cf2999db800925bdcbe88d674161e0825c25b8b76
PublicTest_6959498.jpg,deda87f0f3c4cc1085e541435f35593510d6d6d7c55a1ddd98489a6de5627abe
PublicTest_69600712.jpg,4add622bf1a3eeeb28fa4807d5b51f6f82dfcbd962ebc3ac23ea81af445b41b6
PublicTest_69631140.jpg,99cc24882c87a389c1a4228fd8bf7c1b0c7871ccde197c34a89b862e14736f95
PublicTest_69709353.jpg,925bb38bd32f753ab7408a3436cf569a8c0bf9c236fc0de8c4dd4e694c0f586b
PublicTest_69840372.jpg,ad02bd3e456931aac951af149c76365eb3e8609ee2452ae2ee09a64138d3cef1
PublicTest_69843457.jpg,5513190f03543457b7592759e7cfde01939fc6800b3f49460c6e80560bc4870a
PublicTest_69913046.jpg,9f04db33fa5c66ee4940bf9438914ef5766ccc8d240749e444ef5dce6a10fb87
PublicTest_69922592.jpg,172f633dda7ea868ef231759fe0a205d8c4a49c6edf708c16ed73315c697f934
PublicTest_6995663.jpg,ce2883694efe1b25588dd3ec39e785495cc4e2b5838305a593da00f48f78f35d
PublicTest_6998820.jpg,1049d54c7633bddc3a488cd40245e70b65e5dc5a4b1d829b2aec47c70a53d693
PublicTest_69997208.jpg,d0af3de1255d1db2b0b6a51c9a9d348d917fe4da6ade2cb59c94f4530accca2a
PublicTest_7003175.jpg,1ccfc28b2474d70b7036bd0652e389eff82d4727134dc4458d57dba856532c60
PublicTest_70049237.jpg,e2ecadeb19b7cc5315436a45eb6e214d9b835b7c23053f8e9b77872cee5171e5
PublicTest_70050084.jpg,ad9840ba0e138e54f26c78e7b6e204ead21c4d30544285dc643880ff45dd9de2
PublicTest_70054677.jpg,3be6f8f73e3554dccdadc29d6d30400681ef02d343ac3ce0bc1e6dcd2ea41f42
PublicTest_70071887.jpg,7093aada0c3ccb3451231fb595b877db431b428b6228de2d0a2463c0501ff9e3
PublicTest_70080254.jpg,23437ec3f3e5b9c0fb0cfd973e0eff330bb94d1748d69d4c43f807753b68b26e
PublicTest_70106735.jpg,20ab178b63df7260c10ad26937662088e5b2828591905d882e71b43b3e97c358
PublicTest_7011194.jpg,019220636fedb7c32bdf95e526cf9bfecceb17df90cbf648a14b4adb6aba0983
PublicTest_70126767.jpg,95fc41c97ca1b05bfb9c5e995c3de4dd407ebb214f2df0e739637540104b4139
PublicTest_7016616.jpg,bee1d694bd874036564e299d4d193f1fa09acaa7b8c73aa386bb09ceb6282e10
PublicTest_70171879.jpg,623181f4a6cbe45c4ce7bc3839561bbce6a634963d72ba9e02edc9acff50db2c
PublicTest_70184109.jpg,096ceb04f4757c4225a5b21137f7aaeb4b180c227302de2286bb18660819c288
PublicTest_70184304.jpg,f17ca9ed90b1ebb3755673f215c955d765f3083ac8fb164201a84c06aa6e8e70
PublicTest_7027162.jpg,fcb5ca6d9d8923c2b36b4217134d522a0d346d155988c28572d46045235a4dec
PublicTest_70273384.jpg,8d1da8301cb9683e88a8b75b471fc8018db1a0792106cbc1ed68404dd813a457
PublicTest_70289097.jpg,da0fdc91480d2eac2fc6bdcf85a5d13f69694e628a329cf5fd3c6eee980e9467
PublicTest_70324919.jpg,f49859bddc86629ce11ae42c05a2d8dc7ffd84469d20cbddb927b96e4fa94d98
PublicTest_70347145.jpg,eac22ac1f3e8a245484b59a52fd259f181edaf7e33a99f98d0235edc0a5df784
PublicTest_70348234.jpg,92d95d3f0d661c9df11e85e8e303c4a844656bb8d396c74e545774dc8b016487
PublicTest_70398362.jpg,f2ba97a0ad3db128fb359b2a674c02e9c132814231a2259ff33f8f19a0e4d3c1
PublicTest_70410925.jpg,3f3a5eae5103b7a8ed5644d7a0ce71bf430ab2f04e09f40917e727bd4c806682
PublicTest_70428748.jpg,56ef0cea0155e93274897f5caee4240069d9caf2eb6e8beb18434e0c5702db54
PublicTest_70446845.jpg,9191b1a8150eaaf2eceadc80e3fa8e82319d522420fa9e405f8dd0a2a6c55ac0
PublicTest_70470561.jpg,08588b36f81550db1132bd6e057bba6579732965d1a653620ec66003f9565f26
PublicTest_70500941.jpg,0e5f62cd43fba5f59ecd6ffe0661cb6e64fa055d3384b93e7e7515250ba12bd2
PublicTest_70542158.jpg,6552561809d9fc71ab8695fc03b8e7258b5b8c9850861cdf98c8539e66e7c2a1
PublicTest_70551961.jpg,1eb9b89d0b2665023e957acac0d1668c2c083b076197be31fa35f95204614c2a
PublicTest_7058239.jpg,d8e9ae8b371ea6b598364e8919d7071b96cd7253bb5ce1ae84b110d7c8c89d55
PublicTest_7059610.jpg,6183e701a86cf8e3398508b06eb68050dd95a7b8656cb0c23e8b0fc4b6c0a92f
PublicTest_70604594.jpg,53877a8789744fa7cdd15d03d2a1562422c0df366adfe8e27d8c2e888e805918
PublicTest_70605143.jpg,ecc1d02dcad71564eb9e2f46b36e74815a78bc485fd01c059f637a86ba7f92d2
PublicTest_70684673.jpg,9f560dbb2c0c934757820da372aaf9f73a39d1e91a3fe2392ed2bcff005042ba
PublicTest_70696031.jpg,936943e425e2e4c1ebaeb77047a44c2b940bd553893311820cc162f3e6289f65
PublicTest_70698912.jpg,5a19289537dece0e637b26bf37b7804b6ff41756d7a1aa1d2fb22c39c67e37ee
PublicTest_7070524.jpg,85961ecce4c5571df4a2df0dfcf24ff0d9a0955135f58551a0e7900758ffcebb
PublicTest_70732901.jpg,5b9634585cb4f551f719c1f1a055c7b312c6498e9d35b0c9bf9e9d37aa3387ea
PublicTest_70782868.jpg,7063452455451607de36088723c64424a83c701164fe11de5cb35519ad5ee4bb
PublicTest_70815438.jpg,968249b783a49a217cade650080d63391a1a998ebfa89037ede438be26b1a923
PublicTest_70825824.jpg,0265a85ece55a6d606042ac91afa7d25b7c9d6cffaeca42657d14ff41c26a773
PublicTest_70868923.jpg,b767772b68eb7446089d839156a3c76a9e4ddd69553650dabb5b76f3819c2393
PublicTest_7087310.jpg,2e3678ee69934063096f73c2916fd0e653eada65bd1d710a726f2632294407ff
PublicTest_70884558.jpg,6860f529e5736c9f5ec586f15809279f3af9fcee46cfc8f34982e0c8d2b6511a
PublicTest_70884590.jpg,0322904b113e172eb51fabcc15a5777a84b9d03d8351a2684ab9d1f1596eb6e2
PublicTest_70904962.jpg,2a6de976c8207d146a583d8b0536dd7b49daf3a19567a503eb5d19b1a0155d19
PublicTest_71123225.jpg,2d4e3df7e383bb86243f5ab0b1c5d0827abf3b780113bfd792fd4619ee300a12
PublicTest_71124930.jpg,896021169d8946b118594d06d6d6908ff6f9884d9122315058cd31729874b270
PublicTest_71209115.jpg,9967b9c3a6fb43d2bb2ad4ac4656b8f978815c0230b7a46d3de23ec15e51da1f
PublicTest_71211063.jpg,d84bba0e907830e3c53dd37343da352a5b63279f5ff268b89044ce43347f19ac
PublicTest_7122302.jpg,41d648018eccd875bfacb9cfca42479b20a6f4a7cc5dcad6f17bd016cb9dc097
PublicTest_71260578.jpg,6a268b14ffbf56b2677e07e9017ca77d679efc7f0eed0a978a639da175076440
PublicTest_71265996.jpg,17f2e9b5eefb2ecdd8f9e9cddcee6d4eae46c7b40e0b4247079e39044c94e215
PublicTest_71358939.jpg,1f5013b897aff140dea1d910ce30b376252bf00e00b46bd3ae92169622fd391b
PublicTest_71371671.jpg,c3d8c008e5f0c08fa5cb5e76d45f7b97ad06b6cb71089dbd747d2a1e35cd0016
PublicTest_71379924.jpg,defe263299fcdd1ddf15a9fa7e811fc70e17c5c4492c401f7c741e7abb032d7f
PublicTest_71394422.jpg,bec54b1d3cb5435f8a17109a6309335d7cb6acc22ce6704a294d30b2fdb6ad7a
PublicTest_71399337.jpg,6f6a0a172284c3205fa29982ad6688e053adb35213f93b827bd58403d1540819
PublicTest_71399421.jpg,939a62ea096e70916973ff4b99e7a42a9518fc17ed623b12c092e9536a5e880c
PublicTest_71400238.jpg,3b6002cf11c574977e94bb493c5a8befee6915d32ec92bc9adb7e452b6fb4c69
PublicTest_71457188.jpg,4b6be46ebd42dfe96b67efc2fb6fd84e1e3dcd66825e7f0a407da1d81be83889
PublicTest_71472857.jpg,6c503babaab3da2fff498012efb25aaece450c71384a61feae7b409e808aa728
PublicTest_71479198.jpg,1317e7f310f569fde4bb595cf5a095458b12915ad6f4fe640a0dfdb92b341742
PublicTest_71485256.jpg,0a3c3022e57d87886cc8cd97cf29f5eeb8a88b34c7ec0cdaae16c91826d7c687
PublicTest_71507439.jpg,5e3c41c01282256d2f4ad79f8693f053893238a0f5177c68332969bfe5b87f09
PublicTest_7154955.jpg,70d8bb0faf43020a9023d9cd56294240406677f071c2c7b4482f93c2e636346b
PublicTest_715636.jpg,4eccfb245d00cf8e720525b31382d217f2c96b32938eb3fba839dc6a10929e92
PublicTest_71571526.jpg,b835cdc7baba4ecbc69e304495f7b8f9e849a9145edd263e59ea4ca0b59e6317
PublicTest_71579768.jpg,1c87d3dc3879d0ca15ec1f0fc373ccd5800ce1e72221688cc9bfc76d42018c26
PublicTest_71593709.jpg,ecbf3a55b31a3a6fd504a735d89fe680da1d2d9a01e82227db8ec22cbe0a0cef
PublicTest_71616306.jpg,7da7b559ecb77f0b378453f8eacf1b6527d11707b14287cf5d2f52a2371b4c9b
PublicTest_71618622.jpg,1997e80058ab8e802752630127224b4e80d0129cbc42056aaeb5282453d69c8d
PublicTest_71671654.jpg,469f5d5a1d8afbb92083b3ef0579cfd7a6b4f0ed303047bb245fbb53d5e1600c
PublicTest_71685219.jpg,fd0635d571c13d5c7358274545097ea0b0dc2ad094feb76f1e0b38c28e3585e4
PublicTest_71693971.jpg,82dfcae53d64e2a1c510b1065c3af8e4e49ef8db6320a6032e0a871b195c7c20
PublicTest_71706318.jpg,bdbf18d0dc191963cb5ea5cebaa3ae5c2b4a9dc764c6a43a1316a8c5b9a085a5
PublicTest_71733747.jpg,e799d221b9568156f6868eb8b1cb1740c30516c4f5b5ec0c2e3c20bff4399950
PublicTest_7173587.jpg,8c873503b54c163f246b1453620983b229ca98111db9a0cdc4b665d40f75e3f3
PublicTest_71762673.jpg,8914906092061aadb1c9ab72d54cefe964800c375b387c2ecf962b57ae1d3fc9
PublicTest_71769170.jpg,ee2de01f980a47c617db243f2f0511a9a2347fb29fd9d2260541ceb251c0d6d3
PublicTest_71813736.jpg,6f854eff47a56f2c69298a0ef4e6f73e34d9f129b5f2d59fc8a65cbcc2fe9b96
PublicTest_71872296.jpg,4b4e26801b4781a0fdb3ea1b1ce56bb63cfc7571a63e954ab3e7b29827928f42
PublicTest_71943432.jpg,58b873b4096a569d12cf9b2bc1e9a9d94acf124e1b4c58cb7d685c4668d95fbb
PublicTest_72026283.jpg,3b6f2abe02cfb0cbd7cbc100a14527f87346f07f8579fe613eae186255516f42
PublicTest_72046176.jpg,4299cd03216237a8928d437ef84418434bb44dd0545ff21d87d8b47005ba4f7d
PublicTest_72145841.jpg,adfb8ebe2ec01629ce4a666649af62e130102602180c077e03b5f92e5c0b03ab
PublicTest_7216315.jpg,8e98cac3dec848df88bc131e448fab46e270b77d8894f84c1fb7a47d8a1844ed
PublicTest_72206434.jpg,048a24ddd11288687237bafdb028bc6c52cfc4196639e4dd69421840505725bf
PublicTest_72207843.jpg,49543c4740bdd16e55857e52faafce97738ba080b487f176152df088ce894b03
PublicTest_7226402.jpg,8a2ca923231dda6612bae268ba750d81a4d50e311928c3790270527032d1d6f2
PublicTest_72269762.jpg,8b741a0789693dd515a40550d426fb7783e37b448217dacb80b9273b4a7b3dda
PublicTest_72388456.jpg,1b82fdb0899eace3c6bf219099e9ec4e4961fdbb980e2a38922bf1e20e49e2da
PublicTest_72420658.jpg,838fb5f257715fa2f2ce6b601d1f4d1bcdffb6015b0686be7838d2870a9044bb
PublicTest_72433846.jpg,f3650a65abfcaa2a355cc11386aa8ba1b38b3bd3ca499861e4d3c6c240935e99
PublicTest_72481044.jpg,4f84e1e7367c6322350f7aa43b85d4034af81072a95eadb1c71d046b6c79da35
PublicTest_72576934.jpg,ae0b8ac2b25f178714de6f957ee5a5e12530aa8fd0b8ccbf23b0f1df6de9935e
PublicTest_72671781.jpg,c0712538f84df53324e4ffd88a52ca5ee1ab775fe9798d6ce2a8175a55250030
PublicTest_72725289.jpg,450bedc7e017993941d3da2e031d4bd9549593c9851ff48a37ac76f7112b7bd2
PublicTest_72748939.jpg,b5b6bec0c1da288012c22aa6655d26cf9930e2e502c22dabf1c571d2dd8a2c18
PublicTest_7279458.jpg,cb380a6fd337144b951b98ec264c9670ed80c359ae7aac4cc7bf94373457d7fc
PublicTest_72816882.jpg,0a708050f27ceccabbad7eac9353c84104a6e86e34da4f83823f2ad4a1bfc27d
PublicTest_72869424.jpg,86053cd3d83b64391dccdb47754e4544dc925ce720cd1cbedafaf6d28bac691e
PublicTest_72906876.jpg,4ee44e8304d0fca16e5e379b2154936da6c5d61eb43a0cd1aaee87b29459884e
PublicTest_7291428.jpg,4f20ca4189f82bcbd5bbf5592b290568db33fc40aa1c20a5d9940b0d7bcaff51
PublicTest_72926889.jpg,554e732c2bc02be749931e2e92f858964a547be0442e91d6a279eafaea79a1cf
PublicTest_72939097.jpg,25c1a4d190fb7c122b83b90e84ca90d75f1c2cb968c59b5c099882b55d4641e4
PublicTest_72964768.jpg,d1e3c5380193f6659c0ae232c051dec4966f6624da38ee5fd677c0f4e11de6ec
PublicTest_72972722.jpg,8f93a2acf14736b81b42748b7df5602bef2eec6402f43b2bf245e5da54575b92
PublicTest_72989993.jpg,61b1183dc212eae35f1669642ac689ab848ac284302a1fec144e35b29ae5f5e6
PublicTest_72994915.jpg,4f4d83fec07f105e8fed70e784dde6c86f1d3c029b3e28fea1da0e10e545a95d
PublicTest_73001107.jpg,7bad13a8a4d1e0681d670b4532363bc6d0eb26bd645286f95a16ba4f79b7bf0e
PublicTest_73176666.jpg,7a437692dba513d538e3708464d96e42e7e2fb200fec3d5525370143ae6c9628
PublicTest_73189561.jpg,a9feeafaf9b4500f08b59f047dabc5ae846c93752b15d15c446d04c8a9c380ee
PublicTest_73221398.jpg,1637d57009b047a13f98802e60fb2ae74f011814c1bd486eb7a4389f75c62cce
PublicTest_73263992.jpg,0235265261c8e9fce289d6296f239040e7d5f315765d08969a96e7b53202c2d5
PublicTest_73276308.jpg,5d6011bf54abb6b9cfe25246d0447a552d744f31929b68d1b07c795880ce5d5a
PublicTest_73301522.jpg,9b225bc6c5500e248c6b5060817be4e7008a812ffdb71ff8b2659c58cbae582f
PublicTest_73354593.jpg,44a807eb4e36afc78b9b0529d71efb205ff88f708e5e43a72f77c57b49da9e6a
PublicTest_73368258.jpg,994beda8eb65248376b1243b718f00a304a9c589ada4bf9a9ec7d805ba7c46ae
PublicTest_73390964.jpg,069fa47e5dfb01529932887adfe4748d001c9e4087e07c716d4fca8bc8276569
PublicTest_7340890.jpg,5ee970b7affb9cc535ccde3c3a74a53acfaf1f310be6a62cfab22f6f5c4ccafb
PublicTest_73434044.jpg,a52b5c00b3bc3f3a9a0541c5013c33437d1fcd01986f6c4ec19b0866c8849470
PublicTest_73443038.jpg,f9d143bd04da54cf30748ff64ed4261cb187279db3bf9a84b6d6fca5bc29ad37
PublicTest_73451807.jpg,fbbb1875df2941933e8f8dff960c1d04ef7e9d75e99282046cb96098a15ac0d9
PublicTest_73462902.jpg,df96f6716921e0a03066e9145313a8b2ef647743f09b1d002d3220e4b9ae62a7
PublicTest_73539778.jpg,4f8b18ab18b1bef37b49a282308f253611e522d12b25c52a933955ce2ac4e6f8
PublicTest_73543530.jpg,d2598c840d1186b22ad4acd290b17b3e4ba2a563dbcb66dc968572e2bb152aab
PublicTest_73571135.jpg,468a44818a038d903e9ca4bd9fd1d27448b5ddafb5ea71aee429d131a8da222c
PublicTest_73584259.jpg,64ff92139362f4e1eebd463adf33e2b61a681e1c663b2e643134df09eec9dfa7
PublicTest_73588122.jpg,edc2921e6335f389da3b8694cce57f4e70acd2beebed7e0a1a0efe096b1c6404
PublicTest_73603157.jpg,44376b447884f3ddecdd03196efa69114f72959ee754dacbf3238e778e448829
PublicTest_73609973.jpg,9c33e109c11da15252c0c7e1ba7263fbcb42e30777e952bbaec6aa332ca85e97
PublicTest_73664955.jpg,a9d7b644cd57c49e11e1b857632cc6f270aa1fc732e8b65f4a9bc5740f83e352
PublicTest_73676066.jpg,ae230a2c0a99d8774da1a3802bf77d5b9c4919c5d64e237c6e7b8f2494b15a45
PublicTest_73677078.jpg,a9357c01f8d330a985f4557158f26e70f7e20fdde72a7b3df8b8be34cc8a1f54
PublicTest_73693458.jpg,9dade629e3915d9b71a1a59cbde5acd38e5e1520a7e133a7f451660e0a17c270
PublicTest_7370719.jpg,c166174cd77a06a3d1782be681387230b57d54a9922ec4cb697a1be03f387aea
PublicTest_73757922.jpg,eb9f5e583419af4cee40692fe76b383f281c58414e3d38270520165c5b7273b8
PublicTest_73760997.jpg,64388b4990f66d30003c9ed59160b7ea740b497f76597515ed87b892edaa147c
PublicTest_73792151.jpg,4d9f3fe5d880139c9be79b00767dcd39a38c86afc8c757415ae851810fe7eab1
PublicTest_7380383.jpg,746e9eb1f7043232f1d6dadf6b00743b708c0be1e753c5e941aaab223889675e
PublicTest_73864122.jpg,8566b1a6050e81afb988f4b7a4cb191b05452b8a577bfd2e66dca6560a9ae8fa
PublicTest_73869541.jpg,c9916f58a2a311e2dbc95c484eb00727d232ffd14a94712e2f108ab32894a44f
PublicTest_7387516.jpg,ed7e918055372129660c3b0a7e5771753851d48b1e34f9f737c35f8c552f26ff
PublicTest_73890577.jpg,5b2c00e3eb3664b9ad6ca46fe247c43b8c5e2dfa22fafaaaed156c9d62df0137
PublicTest_73925620.jpg,5a657d44be9464a5ec374cb1996972ecb6819f02e9bf1b55ce29796153766182
PublicTest_73956240.jpg,e3b1072a276b7e6c6e16f6b6538ac2973339b324d35654d9ba2199fe312cc6b5
PublicTest_73964302.jpg,f65ad06bba3ba6cf455401307cb25e9011cf494e9cc023deb02791e6f656a6ec
PublicTest_73985173.jpg,6f4b3715b85928fba8b9b248f4bc55d7164e7b8867782637e493820471e48281
PublicTest_74006209.jpg,7797a1c36add11a6c96a71f6dbd01cb5ce71c1208f1ac399b9dae64c9326ed56
PublicTest_74012583.jpg,61f1136c04d5e484e9289c45a35d30d47fcc19d51fa12f0a2b06c3c369df1ad1
PublicTest_74024215.jpg,0d6123380c62594d8f90f1e0bc1710b38be08e4f11fc21befb7d862ee199b779
PublicTest_74133311.jpg,c37bd5a3e7bdf9a5a16f385cc673f6347389233780aa40f7fe2f2893f16ee426
PublicTest_74169704.jpg,6bf1653bda615af7d3d3dcd748b1159531075bec5d4f46cbec2d20225575a923
PublicTest_74185009.jpg,ace003d9db19eec65c21174e4e3456ac302470b83b9e69af31eb406f60b25bde
PublicTest_74209270.jpg,6c573b85fe37f969627dd2a3cccb75b1bbe47da6ebb7ee3ce293fc44c189115c
PublicTest_742095.jpg,39ec93e30170e9424a72f897edfa7b8dd53436ead6143a59e83592fce1e93b83
PublicTest_74227592.jpg,5d0f316bc069b5c59c7d6513fa882719d4a83c0f6390c22d146279aebd589b46
PublicTest_74238112.jpg,b1e961e33b83b80eeb532ab08982194dbc9940202c795b25c68eab2d05cd6588
PublicTest_74274614.jpg,6298d7c50f741e95bf4638208f8ae45026d824034d62fe439764e03c801e6ea0
PublicTest_74292053.jpg,101bcb3ec965784b4d6482939acad5dad75e62b6d18934c9cea9baaac0e50bc7
PublicTest_7431241.jpg,08f5f35501753110a1fb2ac2a6cb5fc4a95a8623f9765c533e5166743ef7812d
PublicTest_7431524.jpg,38ffc05008edc3fc4902bc0bd48b658fe2f4907cc9bc29d5ddd9550c73aba303
PublicTest_74346734.jpg,9591b2dda9344ba104d6d51359175b915dd156ea7cb2b855baba97d048cb0ace
PublicTest_74372912.jpg,85a946a8d49de72cedd8a13e3c9541f6cbceda8562d48d0ded86d220673b08b2
PublicTest_74406905.jpg,0a04ee061332245c4a1f8290a815b794deb47a86d6a75773af3bfe541074a866
PublicTest_74446133.jpg,b89bf0059e88e1f35e466a320819670bcc5480ff9bb4fc7b25fac2b460bb2aff
PublicTest_74458895.jpg,01a3208f655d8e04384be1ee5eff0bf65794a452357b9f40ccca3b0b34652ae8
PublicTest_74470272.jpg,1e38b25e18dcbb696c7e0a6446a964a88d41dfafed82b45a674d99255ac651ab
PublicTest_74487623.jpg,069a39f659410e393ac0fba52c0f0451f8c5b89f402e473585e7bf4a2ab95145
PublicTest_74490810.jpg,c6141f7f3f04fe2a5b40eee9589fdf2e3862b1b570a0e4153cbd9ccb31be8d1d
PublicTest_74556324.jpg,fd1d6b8ab88ed21d1c032e858478edc31b4c350f891eb380ed339501779364b1
PublicTest_74596575.jpg,759faf9c6a9433fb85c41a859fed6593e9256b9c4b6406578c789f381d920dc9
PublicTest_74656440.jpg,9eb80a462b238b057cce477160f28f0642561c01cfb69638c4549e6e7162d7e1
PublicTest_74656877.jpg,a82825eba7da708c7c7ee2e4b163e1735dc5a21d69c441b90fa3f110920c15b3
PublicTest_74704260.jpg,c6c447e4fb837c56b1c9b9fbb983b06d67b84d98e47b4b600ad00edfa615aa3d
PublicTest_74706022.jpg,84e631a464f6fa005cc0760e1daeeadf3665e61752347b28e19c57d439696f44
PublicTest_74706037.jpg,502be1a51ab54d97ebcf3fd6376ff4455f2db287082120855bcab028536ba956
PublicTest_74743310.jpg,6d4e2ca185e28d1bd446bc5e250b2b533934067d1416cd6ae701f910b7b8ba9d
PublicTest_74759378.jpg,b8eca1911e0d2779e0216b9845d8bd0034e4b37948521c71d7b8c2eaefecff99
PublicTest_74825222.jpg,c702a86e58e5a4f17a4b58be1c529b5e19ea43c50ceb2bc3345402c72f74fd11
PublicTest_74837119.jpg,a4af12dd50719b3f59a63c137001b7d608e50137dbd9f3465f67b5e4beebb0de
PublicTest_74852131.jpg,27b21cf23f0c65b2bdff1a743bfa472da06234e513439e2a3ee9342e4e9a82d5
PublicTest_74866970.jpg,293ff847050688b8a50ce3b67c377c655d6df55c72084e29c52949f8b373a63c
PublicTest_74893406.jpg,020a0bb63d22c4ee969b29fafd34dbef3724e43e6f1801a7bf73c9975e67b733
PublicTest_74907719.jpg,89784fb1140fc34f5986dbc3a00c0fc860dbe0228ba1ac1821313a2d63986e73
PublicTest_74959699.jpg,59b9dcb4bd9a4036a46c71417c2deb18bb64f6a861a39232c5d638ff68d5a489
PublicTest_74968210.jpg,305887c60494c82e7f7aa649f25af295be697c30836ab0965333440c974ad7ac
PublicTest_75015949.jpg,8e98b6a664fe7db9ad577b4d412df28fde58d3ffbd362704d645ea49022c128b
PublicTest_7503003.jpg,fd1525a76e0facab5eeef6473d6063de82a052d996fef14b871874859304e9ab
PublicTest_75052431.jpg,1549efa1b4f0744945e7dfceb8dd78fc9e28d99ba1e08364cc91b1b72f390241
PublicTest_75062.jpg,41231dca10f2fd2bda750f3b784fa88e6496f861eda806b3132b02c76ceb7b47
PublicTest_75075294.jpg,e70f58e2d019eb29e04e762598a8ed451c91acc8ebdf4c8e565208c4f660614f
PublicTest_75078346.jpg,b48be6f4dcbfc649d6dbd331fae854868444a0925a114f28307fcfbe300ddb22
PublicTest_75137991.jpg,93d16c6e9d59089c7a361e66a33131c909bd772633e17df330848703ca7f05ce
PublicTest_75147266.jpg,b3f34b9856417140fb214043463c90dfa6e05e5334a58ee045648da90934926e
PublicTest_75168713.jpg,fe5d6755613cd2930fa8b8a70d24da2216f599abbdc893d4e5a58bda14d1e28c
PublicTest_75170399.jpg,c40da33d362e019572a7210febbfff7d66b6071c8748718e7d7d7bcb6b5da8c5
PublicTest_75188569.jpg,7f3551771f926cc6a69c1b9c33608162196e67dc8b541d0a77f95df034155d8d
PublicTest_75223347.jpg,a7404230b9076dfd1f69cc2bc32b2989aa89acd17aa67547e63cd47da7afba9c
PublicTest_75242098.jpg,e78f4d2a4873a5f83bf79eb231492613edc078f614ef008f6254e65f32d94fd0
PublicTest_75294662.jpg,9f6e7b892cb67f36a7f443cbfa1d796cfd604f7b75a3e969a3c0314c30e94441
PublicTest_75309971.jpg,89483e8d31500de29a79e097a6f26702782fce68d3b0a20e58d2fdd0017bfc10
PublicTest_75376918.jpg,3ecc2b1fc9e0dad4b5fc7f3f09e1301b81e93b51d77daa48b79383b8a0416139
PublicTest_75437950.jpg,c1b4afd93ee95f87ba6c23bdac7ee7cc2ae7d559c1ea4317883a2e8f9431c3be
PublicTest_75454944.jpg,7eca741e75f50dda07d9316949fd0fc763599c8eafed21b7fec7bc8ae69a9120
PublicTest_75474602.jpg,c61dbfc2d6d44161a7b3ade48d2bf6d42a1d38383791ccc65ae7b6c3169d3f70
PublicTest_75489812.jpg,83d7b2007c519d1f0f7196265877468018440ad0cceca24974fb5b3eaf495335
PublicTest_75514810.jpg,41fbceb7948b431fdeb7283d75bfae2e91a09d08d472a8d1d6ac65abd528224f
PublicTest_75517835.jpg,f1bd62e07300d904658e54bce66157c6e0fdb46b01a06391c0ac16dd56831085
PublicTest_75536077.jpg,6af1465118f13b6f9820d7bbc2e7629c6e5f5a08232a069ad236926c35d04622
PublicTest_75542889.jpg,b83480225d8a270ec210817ccb0042f610b25fb42ebb9d097ba5b4dc04d92e0e
PublicTest_7556977.jpg,55061169b6bef4b0be1cb88dc1972b04b7d68d0d82bfa020b29315cbd731447d
PublicTest_75576721.jpg,b1969412329189219f204d3149a5678570be2592f721da64411a7e5be84ac5a2
PublicTest_75590746.jpg,85c7e576c12048462cff6fa386d49ec7b72fccafe97c276ce360033e55b84abc
PublicTest_75602005.jpg,578f1eaac6ebfe421ca952d90bb1b1ca6a4d9f93235632aa6d49867f4e522210
PublicTest_75615517.jpg,49b557009a720f764c8ba10faa5204d5e86ba6177b35df48bb4e58eeec68ed13
PublicTest_75648174.jpg,ef8d358174248722bba4eda00d6622a3e6a5dcddd4aa7237ffd86245adfdd3fe
PublicTest_75651978.jpg,4334eb452c5aaf228996fdff496f77c246eef9a14377a1e6ff558a7773d3da6e
PublicTest_75671769.jpg,4cc32a5e2cac6a839f6ab56cfca15f016cb4ae5a5c10a49da97320de88288fdc
PublicTest_7569276.jpg,f543679d86abd50fafe5e868a67bd7ea53f03579d060d913cb0ed683d085a04e
PublicTest_75736012.jpg,f0fcdd01fc6a08e0db98f7cbe6ed450a758c7b2b2489c649356071c532e94f49
PublicTest_75752209.jpg,59253e738dbaa49ee73c054b585287f332b243f3ec146b48067d5d3a7eff1083
PublicTest_75760032.jpg,5914c13f4bd5dcb2d271bc55fdbec9270959a0c23627e254f971616978286481
PublicTest_75763309.jpg,2efbca2f34845be5f915e54d1cd3a43ebc9492ab19e1dd625eddcefa5e667a9a
PublicTest_75764670.jpg,3746a8143f73452a3aa3646a86b7a42b9e50b548a334ca2e298a04651adc830f
PublicTest_75765828.jpg,387fde4d5961de94317a31d45025817c645b592c8f2cbbb82df3fa95364b5ae4
PublicTest_75779.jpg,1f548648914c50345c5aaf7f9edca104b556663579179d0248807621bed500b0
PublicTest_75786377.jpg,5f6fb529238acccd77991970a5c4c0f844b0eaa0a227b1f983d674bb99b89b41
PublicTest_75793409.jpg,d497053f3b9de68a47ced0e0c40bdbc3d313c3a7117fe0d826404573dc7a1229
PublicTest_75795367.jpg,99d696326a20cadc7e8818717e66af6bd09c147b572f443bf8928b9af7e2e3d3
PublicTest_75801211.jpg,a7c955420b6a9977212c974ad8e1e54f2cc76bd1a0c5a8bcf6b2db21ba63031a
PublicTest_75875276.jpg,cfdc546e02728ca3ea6b7f5c8ac0f8cb183d7cc929dfecc83ab5083d80161419
PublicTest_7588518.jpg,02aa3f6d2b7d8f32ab37b501e6f1fb6133420fdb84448c76322d966b050865bc
PublicTest_75909699.jpg,caab50b828e9555ae190de1e8635c6df60cdd15e63e02186bfa284aac68cf7fc
PublicTest_75922715.jpg,160290d0015760dc2e353f6ca5d41b04d7840f9fd1ca38b853b399fc790267f8
PublicTest_75935933.jpg,f65befa0ac205edbc325b804ef936c18935ae2a2d50f97ab4702337dfd2211ec
PublicTest_75954112.jpg,503f3d6f183c0c3da9c9b51c02f96231092219af5d06894eee451e2daec42506
PublicTest_76008995.jpg,293082a4f257a6bff7f9a9dc67626f66f6676da7c3d4428e7ccb3adaa5337513
PublicTest_76014780.jpg,ecd0be896a88f15f85cb42c660d1770f91d0d518d298ef9f64df477bc1f4ce43
PublicTest_76109223.jpg,559d3633d3fe4ce97d2251ef468f9244c0fbc9944d1d7a488c969bddd83b9106
PublicTest_76132669.jpg,64e08afac857c5048990c2cd050a62489ec25e81b4da965e9dc3bcb58f9ce5ab
PublicTest_76152057.jpg,469fc12f24e0da3fe8531a64c8aa82d8c34eede4b07d592215bb70e728b4fcf5
PublicTest_76161999.jpg,18d920c25ceb70db864f2fb494a82f1b197b142bdb3d4b6f3ffde9196c1e071e
PublicTest_76178651.jpg,69e9272507e1f2fac3e3f5f7a95847a2f6f39db55c836be5c66437c5e713ae7e
PublicTest_76234399.jpg,7eb49f58c680cf1f33e344aabdd9f9c95fd9c0e7fec912800934ad78c2df06c1
PublicTest_7632633.jpg,57c49de0af95a2c66fa1b74b39a42da063a75612e12d06a436dfe381fc3e3598
PublicTest_76349096.jpg,9a33ebe403d8c96ffb90fda006ee51e0414b742b4dfa2f5195ac54589cfe788f
PublicTest_76439875.jpg,5bd3f1fecc1ef9f3cc82a48da549b32c14f895084dcea9cc0b6181df187d3e32
PublicTest_76482833.jpg,3af1f59174ff415c88830f43f9027a487038e529dd1c39274b2dd9c8566a74b7
PublicTest_76492533.jpg,ce802e1bed71c5cfacdca78bd0a995f117ab23d721ebfa6458f774bf895875fb
PublicTest_76577305.jpg,9e4a590872cd34d27d88f2b1ef3d8afe909ca67b95f98a90c2fc665731a70174
PublicTest_76661542.jpg,098d4f670595342f91f5dd79bb3d2169441aeb8af46f33df3328da7adcda6f8f
PublicTest_7668919.jpg,793fcba1624ce623055139521b9831baaf896451b5c4b2961f2949f36303627a
PublicTest_76755224.jpg,1aef65ffd362e44de50992c6b960a03ff6f29442204213675bf19a750795949e
PublicTest_76826286.jpg,0d15364d9b51dc312d4f60022669029d345daeab0882a876387b548d77aff215
PublicTest_76841432.jpg,f7a77bb4c7b540907c1e20d26125370dcf01df1a7a27c4345be499f5f11d9a9a
PublicTest_76871463.jpg,24b965194d01a6f1eb32abb8ab39cdaa434b8574ca2e8516513e828ccd9c611d
PublicTest_76875834.jpg,3b1cb506b4949d6d0f54433bb24b7a3aa0b901cbb920628562e97e3256b4777e
PublicTest_76909587.jpg,924f3e24ddb49fc9519ebd1ac1101761589fb9b6a8c366c2636953f0ecfd796e
PublicTest_76955007.jpg,a884f0120f513ac8754da5e15fa5ca6494273ca18484ad74fa141d4470506d8b
PublicTest_76966880.jpg,ce317f2774673faaff287faee417ed26a51a7b8cf48c57ee25cdce716572d2a3
PublicTest_76990999.jpg,06b2225f7b320e82e35ae6c46b0ae67b6854fb7a88789581d95083439042c7ab
PublicTest_76999798.jpg,fc3196b36f33c482af6a40af39e32d7a453c5873bd503b8acd13dd52d903528e
PublicTest_77017947.jpg,ef16e0392551cc0fb4292cd860621f61b1469a9afbec8d4ec7b24ee3f2c3257b
PublicTest_77023100.jpg,adbd34478b0a7628a29a0eef4a39bd732d195713c0d0668976f9d018eeece81c
PublicTest_77035165.jpg,2537ba89d4d10274491116e95c3fd10b3f1b4000ca48e0307ca40bd266270c5a
PublicTest_77038537.jpg,c8b93a759d38283e73f2cbe8b055d0ebb313839cb7c4575a046e18152d2f770a
PublicTest_77041736.jpg,30d09b716055b64dc5307f55494d89f5bd7b1f83a52da7acf2689fe727fd1f22
PublicTest_77050193.jpg,80a849a0dc18c29e4dd6039b09bb9f5419240e06ab3bab96f521b0f0086d24e4
PublicTest_77089775.jpg,bdd6148275f7ba2514b9095fdb1b404df6fc22129d1260b437ccd9ea47496dd2
PublicTest_77128723.jpg,c3c1201bc2ce14d503026086bdba4d6629e1dbbaaecd119e3f891ad7f4ea4f26
PublicTest_77136259.jpg,3e8bf690dbf5d8b8534e636a51c3c5736134dfbc5f334d3bde2c191d6c72322b
PublicTest_77142981.jpg,382360aba743239e0758aa0ac0d648c0840005e8dc801061a4cf8908faafec44
PublicTest_77172367.jpg,796b3fbd18331a39f69b52be333e0ce53326d2da04f2e25a25f0630fb4683608
PublicTest_77181904.jpg,c4116a58cacca50ab42d7c9bfc4b1f645846e4f263ea0605aed94fffbc2b2701
PublicTest_77228617.jpg,5857b3eee06726e777da7299fd253973b12ef27ae02a9f577adbcb8b09ff5e7b
PublicTest_77271061.jpg,56c1314578c6eea5a15d0e604736fe517e82488b7f609bd7904ecc591b1d0e34
PublicTest_77274972.jpg,c7c9aadfcef74e87bf2f19647257fe5ad9b543a8eda207ad0135fef6ad2b87a3
PublicTest_77291754.jpg,84a913ba9af10a3e845ab1578409a93aeced32a20a39d824611e4a778cdd5b89
PublicTest_77327770.jpg,f11627cc912ab83c87ca52bc741be7d28562643ce10b2d5d626e84469e5e0261
PublicTest_77365224.jpg,4c3489d670ff2c39dcff58b7ffd329ff454670222cff95b624db03ea240f419f
PublicTest_77372831.jpg,8fba6a656df4384253ef017608c328e82c11cd3e79b1fe08711bfcaf1fee0b9e
PublicTest_77409138.jpg,ffda2d75688c72f27a958e84acc5ef3acb9fcf6577d3f2b0fcd0f83ce005eeb2
PublicTest_77414793.jpg,377662cfca87b3a09dcabd6fc8a373ae895891738aca60a1dc428dfa8ea043e5
PublicTest_7744107.jpg,12e2c12c3028b50ca473b285943ebe2537880024d5630c1372aa24f1d287ae73
PublicTest_77496236.jpg,167b8a4eaab23eb538fc5cff1ac77bf49924d7f4d54506991f2de90b2c80daec
PublicTest_77506815.jpg,5706432ea49571acb91c5d229d9b27d1b55ea184f34ba052e968dc5b6f620b5d
PublicTest_77507848.jpg,3e51708051e09d13f089f7da8d27ef83a93e71631c2a4b24ec6cea5152285b7e
PublicTest_77511580.jpg,800d501617b2d71da7386b782f956fa2d839bdb02b414e5d0c1d95a92a59e80d
PublicTest_77511718.jpg,eee57638121e3c505d10e99716970d40c6d757b08d47b00a733ddb079c94996d
PublicTest_77519151.jpg,9759ec308679f0fefd7b13c376a0acb0d5b825cef0d297655b399fe778703cb7
PublicTest_7755294.jpg,ed306e283ccec1b4bc353632b570ed9e8097e3eb87846373224db3f90c796e4d
PublicTest_77579523.jpg,c349be27c7b4005ddc60bcdb84b382124820f8b632156fe081f429ea1a02880b
PublicTest_77601313.jpg,be69864d3a5a6da0b6a2cd7a7adc209d9657f61bb2ec63c99851ea3db49558ec
PublicTest_77667388.jpg,635a766676f2180976870abbd57fa277050e9fa2f91839a3f313b26d347e2c6e
PublicTest_77705753.jpg,1d5a2d4e0b658a74459c5704cbd774f4f9fb5ebde235425cec81af9617e2e3db
PublicTest_77706282.jpg,bf028f26afebc35c7593695144945d9c029aa0b9e1ac5da8c4797ac48f930c3d
PublicTest_77715773.jpg,a04582d5d3e9257133fe915cecad9cfbf2fa2764d434ab424d1cff2633771089
PublicTest_77723397.jpg,36371579acf4b68aa1d2bd9d84e7fc149b4dc55981d2ed1963e9ad368fdad2cf
PublicTest_77783263.jpg,dc9561cc0056617e46ba672964f6b3128ab59e259fb600fda4991436e949acc9
PublicTest_7780799.jpg,ba5dc7a6f063ac59858ba282368f6cf30586cdf2282f1bb1646685e00a6f5650
PublicTest_77857288.jpg,9f441f8ad0786f09c6195839abaab51c8a9100e12587c1d66dcb80e518dc7114
PublicTest_77880610.jpg,1c3c0cee052688172a7dc936b02d6e9df22518259e9ae51cc7e05c800b35fdc8
PublicTest_77915100.jpg,5fe2c19eb8e9498942aef4d211c6d89bb64bca13ccd79902417f16e81b1718e7
PublicTest_77938889.jpg,d34507e446e2d53a28dfdc45e95554c577885e32c3b76d090ad6bc8ec55006b0
PublicTest_77939200.jpg,30774e6b89dcdf75186609d95b2a0f5c3727729c14753857c646d0869dc1a7d6
PublicTest_77947604.jpg,d18b50d63e5ac05b4c4a093f7ecff10f620b4ea348bff4021e82b1ae14c90011
PublicTest_77953887.jpg,4e5544bad85cebc385f77107cde90ebf3248b5d89b2114c1e3206f503287ee4a
PublicTest_77964955.jpg,d56eeaf022fa67c496ae2ad849797afa6057ef80658753c832a4318dfd1313a5
PublicTest_77968706.jpg,ae97d2773cdc05c9c1fd24f54c45442bf95762a9d91417f7841d0cab3d5ee11c
PublicTest_7797976.jpg,3092400e8efcf475ee0ea78ce555d4d668dc9ec0d976870fd327cf0a0c022f51
PublicTest_78017321.jpg,6dc333e68a7ff70991eab1a5f1d8c8a822eb6bd6bcc199ea8eb69fbf81748380
PublicTest_78036016.jpg,b11b84b620bb3e55e66602617cdad010a7615e0e61e6bce94796eb451cdc048b
PublicTest_78041636.jpg,e5754bd7b114161798d9900c88c24b17fca25f647f6dbdd1eb191ee1d3391516
PublicTest_78074054.jpg,ee8c55ceca39b94fab1630b95b65a736743b4f57dcbd420f49807aae8806a932
PublicTest_78105192.jpg,61c8ee53999b677ab7d689612e4a0f17067deaa0b6f5a5d051297c7769bd2a83
PublicTest_78110412.jpg,420ca3bc6697bc9c4e3acb7aff187fb108e68de538e67b8939034a4728e8ddd3
PublicTest_78125500.jpg,3a7926dbc1f3eb08526aaec8c7f8583508c2d2767ad269a210f012f78cc6b187
PublicTest_78180569.jpg,1a8e42f1013605b50b49bd73e53e7a021ebbea3151a5a1f2b3970c99f4a98442
PublicTest_78208355.jpg,522ef9d51de048febd028ea5ee57f74c9c388a5cb7b4bf8f16934a855075d783
PublicTest_78209331.jpg,96c6cf0aee245a57f65e40980315c39fcbc51b4df164215101c9b9fd245df3ab
PublicTest_78248169.jpg,18d6a3430eee3d4e6d1f71fb6c2405dd0d81b9ff6df02d95db6dbef36ec985f8
PublicTest_78276062.jpg,1b0229498fb93d29fe14362dbaf565b79415dcada67b284e7bc19f9f9e36da8d
PublicTest_78408507.jpg,48376651088c389668cfc693c0d0db185562bf049462ff2a1b678a61152cf239
PublicTest_7841432.jpg,e32b897b45ae9456274cbd7c83cc82b303b28bc9824bd4fd7c8bcc7492627def
PublicTest_78445046.jpg,71e6cac33fb8d5bf0d88bb61b7a274bee5fecc4253c342c9e42c926f4371fda6
PublicTest_78461949.jpg,1339ffe125ff5cdd9b4e6b02d351daa823861171f244464b4138a448e638e13f
PublicTest_78493974.jpg,7a33075aeb3351dee5ac54101b689bf41c68056f5b96edce62ef91d62ec615e4
PublicTest_7850751.jpg,19f8e2a405440238a93f6f1a771e75ec55c9dfe50c60676caadd50f9a4922b04
PublicTest_78531221.jpg,2ee9c9597596e4d0d8baae4b51f9f17a61efc5170cf47ac00a8c2480cf582fb8
PublicTest_78533093.jpg,b1eee5f9022aaba3159c027539da8a8008298ab6d6c85432775d8dc14cdb08a2
PublicTest_7853521.jpg,3d23ff4eb6041590bf30188889cd19e1438e1296a8ddf76b6e10f83b72ed8b17
PublicTest_78539134.jpg,308f88e0f2eb0f5761de2ef7dd55874996ec40bf8cc931c2483353217d360607
PublicTest_78581325.jpg,185229cf4f2f6137af3e3d1d7bcd453b16ce26cd8a832dd3ddbf6a8269c323d8
PublicTest_78591767.jpg,f487b55b30485b5deb18c630a87ed5e6354e189af6b888203f1acfef5f88a91c
PublicTest_78623112.jpg,aa807b4bba43412bcf999d22bb03495eaf8c305108a6151b6245d93d191219ec
PublicTest_78686873.jpg,7ae8947bae2d1545032b80b745ffb9fb2ea861d37453b6372dff648c06744191
PublicTest_78751461.jpg,9d1a7a3a036fc01da0b0c57c9b883bcd1e984021c7150121471ce6de7715a332
PublicTest_78766606.jpg,4f7304626a956bf78464f5479770312d5413d47432b47c2b34cf9640c9ae5c82
PublicTest_78768094.jpg,efa13bb392677c3f5c0838d8407f1b12c57b8c0cbaf11cf569f45ace92ad728e
PublicTest_78809741.jpg,f20689edeb357ad6a3b56f36bcf67c4d936f63f0e82763aa4eb1f708bb334e07
PublicTest_78810808.jpg,4ad154b9f7e509cd76243c3ca6876412c2341f7f6cd9392b8a7a5c93cc9ec4ef
PublicTest_78811277.jpg,d65ab2c94f39da76f7232ee46474d17ff79e620cf522e0b05ce95c297911dfc7
PublicTest_78868711.jpg,5f20b5ebc8cd640ef3ec2c4ece7c19c55ba9ce8af043e7d9b137d4660ae8de99
PublicTest_78889305.jpg,e9581d40bd61b99174570294cf31bde4d1df22d74f79b39d2a3039c46e2838d9
PublicTest_78907529.jpg,7b2ae8ca9cef17c59463e0209afd21d66e97bdd9426d97c0cbf754a5baecc397
PublicTest_78990391.jpg,15396fc3bccdd3704d10b7e01e67065e1bffab454d961623c1e14d7b2f169269
PublicTest_7905606.jpg,0006c756bfed4946e47464d417bba3a022ed95a6957ac7a73b2149e470c136fc
PublicTest_79109976.jpg,0a32626075557560986e05d83bf681f6d43c4d07ffd6fd584d5272c00e946c0d
PublicTest_79133631.jpg,9cd8060b96aa4c9c267677346c1aaff7598d724057e8d0735e684b5016245e87
PublicTest_79151739.jpg,315c3178e30e9b5840e966d1f9ac622b21331f59851d46f3db5319ff95e864f0
PublicTest_79198999.jpg,2b8ac9d071f83b9d560e16b1fcaa6784ab93feb5e6fe91b76b480ed09b633b9b
PublicTest_79208590.jpg,2ee2d53fff4f8b08ecee2e513907fa9a4abd4a880208fac40d9a7b9575536498
PublicTest_79260979.jpg,3521fffe68b9821d8a5d7e8cd8fa15764e3a65237ebc5e9114e7536a2507e3ed
PublicTest_79342560.jpg,43604a4bfc8f34673a201317fc3a7304b9aad6e0f9be0cfd94f72ca9a0feb4b7
PublicTest_79434516.jpg,0266a026465d893b5c0cf68573ae157b7005dc765d721aac4c97a3d831d511c7
PublicTest_79434954.jpg,0660ba83937bea61eddda7e0179909b8c29ecca42970599c9491e414e3c9bf94
PublicTest_79438349.jpg,826065cfe2604a5ef3efd8ce261d3d86fe794f8fcfde7989f343c95aff61ad6c
PublicTest_79454602.jpg,fd7371e4e78a1e4333e0489f7e364547271cd33cb870f10ff927c5c3a1565a8e
PublicTest_79479245.jpg,9c5d1fb6ff3babeaeb7b0a41d48ca0465ce12cd7936530cc1e6fb180b1ff831f
PublicTest_79481503.jpg,788045f6c842ec5d6af055d0c00e5652d1a2c4bb3e04d3e4da9069f675fdeff9
PublicTest_79513692.jpg,e090e0257dd6cfbf76e1d947688aefb06d7993db5a9786e5be28b5eee1978ab4
PublicTest_79516066.jpg,59895d0555e533752666f8664a645409b195dfc8c7389bd77b4a25ab5c29d084
PublicTest_79534348.jpg,00e2d94ed4a667900e51ba69e5c72dd76294bbf8b853fb1725ad5ec868875125
PublicTest_79555329.jpg,4aded1bc810923c03c9d41edb6f6143cdaccf39ae12dc40d0ac25e8f2ad43c80
PublicTest_79575934.jpg,db4db4e8ac05655c61f0523e5065be070ddb7c7551299891bfe54e4fcb57e0b1
PublicTest_79601118.jpg,49ad8431398d794acb2546331df2d624be3cdd69be040e93864965fac0d19c39
PublicTest_79605878.jpg,78b24b4f0922dfe22a4cce178cf391dfe6d851e4d83476d3f9a677efb9a69c4f
PublicTest_79612333.jpg,55cfb0b37a0a7e82d4f4ea53b6dcb99429a8dd6eb5104ca644149be1c844ba43
PublicTest_79620437.jpg,9248c157d01392b2bec2d98a62a10e905bb9188e65b9d936cdef22408df4e6fe
PublicTest_79676384.jpg,748aed69128b683dadb339e06818ea509c1d7bfa8e7fd75a76e0190aa4d00152
PublicTest_79679960.jpg,1b61a90224b0083f544440e215660dfdc17302227f65dfd750b0e7511c528ec0
PublicTest_79742484.jpg,dd3990c60592e9e9389abac46bac7ec487648876dae021063c670f1040956e3a
PublicTest_79756832.jpg,f62f53279783381a86cbef876ff612bfa3b64fc4c438ecb0321caef09a23d83b
PublicTest_79766546.jpg,8891bb2a454c0eb0ee48296a796ce9ea4e9ef38ea8d853e8f81403602773aaf9
PublicTest_79773769.jpg,a5a7ec5aeea3baacd85d3a4ba6ba07a395932ab4ab668d0a52a47a01fe610e99
PublicTest_79793968.jpg,31286d372da5de3ffdc7cfe68f7a66916b4577306c5a61cb91561ee5b6848a6a
PublicTest_79803230.jpg,380df663aa71560ba9d30f2a9b7de61644491a73348a5074bb40e2bd6967f474
PublicTest_79808156.jpg,e46b5710eec018b84f82c36ce6e0bce4849438c05205e18756d89485b9c6b2c2
PublicTest_79811245.jpg,5b6ae538df307cee25b3635c0262560f93e114b06b9a8b1b2f61a47572600c6f
PublicTest_79820268.jpg,b59dac74105bf27e02ce8c108e2450536fea41bc8856f33f86af8f66a4152f71
PublicTest_79830173.jpg,d742283dd358682ab9c90859471c2c2db9f6f60b15e92119747151ea32d6258f
PublicTest_79833395.jpg,b45dcacf35830d2732f626ef74ada5438dba1e95011f30c3b62f73d2cf6ff66b
PublicTest_79854224.jpg,34def30d563c5b4b9311cf832c70d353ad0acb897983125598cf466244f17ee2
PublicTest_79887521.jpg,819fb413c0f4da2a0ea2882413d37b7336627c133fa1fc2217dc316c2d754b06
PublicTest_79892729.jpg,fb180a4e76ad6445ccc621e0a6390f4e266570209f06f8fce58352c4deec2714
PublicTest_79893432.jpg,00235ee0ef72996bd2d2447102dcc5e4e8a85175314a129e6a7afee78f7a3151
PublicTest_79955666.jpg,527656e763376cd44f86fd3de117ecc206a6abfc8aae7b336ce3953e131dbf71
PublicTest_79959175.jpg,cba6218bc49b6f774c95bb6883d3cb1f7f70bfef57e32d7fa0304437957064f6
PublicTest_79983459.jpg,31f52e1c3a4408296c1f061e77fe8a6ac26931c79575136ec946721723f2a825
PublicTest_80028662.jpg,914926a377a6fcffbce5a6a9902abe1d445af0c07087b8dab5674eb05c58bd1b
PublicTest_80029307.jpg,d88903900a6310e4052bbdc2c82d3ae3b402cc58c1bc880cd8244cc110f78e00
PublicTest_8012914.jpg,ae8570e2ec20c601229e99bb20759e36175b6e28f572014568a25ad1e0bb70b8
PublicTest_80135522.jpg,a2678b66d4d8498ce2ffd35096681a7b74f71e2e82da99ce0c3653c6222b0a96
PublicTest_8013756.jpg,5608f702ef347a5a61fc45379e8420385c34890f92ee37a7ee2dd57e9a1be7c5
PublicTest_8018896.jpg,6d1b61085e351b1961dcf3a6d00eef71d3eb1b5ed659c7c80da3e0cfddfb6902
PublicTest_80225878.jpg,e5d9926dd8d00b5183ddbf959f36f43b3a8fd1b0d1958002dd800b8e502e5085
PublicTest_80238560.jpg,7db51bfece0b0ed77fc40e075d0ac3fbd33e65d4cfc419354edb1f00eeb357f7
PublicTest_80241027.jpg,2f1109b34e0efe878866679bd1f359b526fcb1ab21a7cceac3ee12ca2699d6d3
PublicTest_80242801.jpg,5e7456971b323935e3de9500aacd0546bf4aa86a5b2882e0ce55cb2c2d4c4795
PublicTest_80253726.jpg,f18d99d902cbe9fb719a663105d5f73f9c1821f632b115155ef0d67878609ae0
PublicTest_80317721.jpg,aaaebad35fc549670a302ab194b7e5083f2d5e5440808347c43e5187c46ebef0
PublicTest_80352203.jpg,7e5bc5324b1ad29bff939d0743f3ca1b0de62c8db90279a8fac5ad673428068b
PublicTest_80355968.jpg,7d35279fa720d74dbe20e30020822d5d68d7352b0ff1c29ddb7350de31e41766
PublicTest_80404392.jpg,66bc4a76e4ea482e23ce7ae9302b0e15b5dcc522d2041e449bd00d5e286dec50
PublicTest_80419054.jpg,5bee61acd9379366c7f9ee46afb9f620fb43710110b759e36261cd8d77659ccf
PublicTest_80465609.jpg,6c469bdeb10497762509c7191ec8815f03a40e0f54b6401dcd1967101f334281
PublicTest_80554550.jpg,c1058d1c01a30baf406befeada26edf2d8a0aae59b8043d8fc12fdabbb364bfc
PublicTest_80584730.jpg,621ac882341900f6546c56e45f20967f54b38621a30c3923bd14d69b7f6ec6e3
PublicTest_80584959.jpg,62bee45e3a3fcfcdc854b8b0aec7e87358c6d473b2bb681f6b97b45596da118e
PublicTest_80585398.jpg,12c350046f76257265f1b9c28860cf13b2ab064bb287b7bf1d1fae3b25396bff
PublicTest_80591096.jpg,1f75fa4a68e11a5022eeeaa14c419af3a3bad00283b2718c7f39b55bf80416fc
PublicTest_80604057.jpg,282c99e20613ba98570addc12c0f568492a3c2f55271e2a644f56430fd756207
PublicTest_80609952.jpg,8f38007dacbb5b1d22e4485d0017e3ea630a96da4476758fcf37fee56e3c0acc
PublicTest_80685818.jpg,208d3b238304bc9a8d5929fb4c40de77558fdcf96c7b7d6aae9e655c9bf7079a
PublicTest_80701941.jpg,caab4dd5db00ea42a6973fbce9b770e0eb2600b5fddae794f198b18fab5e5d2f
PublicTest_80741744.jpg,c757e6559e5b3d736ea018b248802cab42b19aba51c999c9b1b030b13d76fb1a
PublicTest_80753326.jpg,7078ce74cdeec3e659cfc641f659d0682ac1e377abb7bc3192e9feee6e3686e6
PublicTest_80815678.jpg,7afa938eb407cd5a1473581e3f55346bdf8a9c374f589bf520538089c242d7cc
PublicTest_80831321.jpg,5e6d0dc3d8048979e7f942e59a4bf996f3ef3c508d6b29b4f0e5a5b2ca519c18
PublicTest_80832037.jpg,09d814a20fa2247ab1b05d11d8853c8e28b469a53e0ef7802db96756a82370bf
PublicTest_80861502.jpg,b7b2673df6433f6dbebb196c61723e11f41eb0b6e8489ef842e2f9c704b12213
PublicTest_80868449.jpg,fff3322db82e18b87f7c68d774bb9b5324e2e8b2f892fc845837b37f8db1e093
PublicTest_808777.jpg,ac845e34a3cd53211a8e58554bcde66bb71e11dfcc9ce224a831ac271eaf9347
PublicTest_80884345.jpg,cd30ad6793b44bc7c7bae21916acbc85b13c21de276267d79175d61fc7535b70
PublicTest_80906126.jpg,773c4b94ce38e7e57d64ebc7f5b19081d26d2f39a7ce9b220e7e682f02926a9c
PublicTest_80947140.jpg,cdac1d19cfc79030488a83ab231ad3b03349d4f4bf557af822db7c6701bd86b4
PublicTest_80962899.jpg,6a35d9a0790f027377278242e481ded5b3d1f6449de4536a609850d3237c730a
PublicTest_80974227.jpg,72cd49500d60444bfc66c04a636de7a5e05d5111197936e76cbfaadd01025b33
PublicTest_80992661.jpg,47c0a4a55ec4bc3d684a92e56c91004c55389e0ae953247934fbc48f521a1143
PublicTest_81006917.jpg,2fdc45b1daf115de6294e1fdabf88475d6b0909722cc902e5b5c456a9d102ce3
PublicTest_81022074.jpg,07492a81ba84379ce06390e22a7500b5a1cee1c7556072fb123822e1902e7769
PublicTest_81050616.jpg,e3a6a53c0f94f34bab57f36964288c16ffecb1ccda108d2f3041947ac4c1050c
PublicTest_81062943.jpg,d7db64c82d7a98badf7964ad20ead6dd68669893d3934c12a76b9a481e9af33c
PublicTest_81098275.jpg,00966757ea3876ec82ae43b2cf44fc351cab82ce69aea7c4e5da1b20d9c1d75d
PublicTest_81108212.jpg,f093c56d2de93e6c10094e7923c9ba0a0b3ad4391cde558de8278a577add5d55
PublicTest_81147127.jpg,55a49ba228a4ae3e51c7f4857c1c37db07c1f0136e8e7561de8367ae46aaa92f
PublicTest_81199.jpg,c59c890f43da32746a708ba237b4720a84744d48c8b76f14fbfdfd065b4e1312
PublicTest_8121981.jpg,d55df4f9dc55872c0c53900471e48b6c0f2d218d41ae6031df720d1d24743e03
PublicTest_81224281.jpg,bf08639f2c67a6f984436238362c038232380ccb565c2e0743908a8bee39b78a
PublicTest_81325093.jpg,57782b85cb221be44179c720be2b3f9c3d84894abf6ecc773b43a3d203d8c49b
PublicTest_81325541.jpg,984efec271e3c95a2113003aa106ba9435d26e28bee7771abc089bd504dfe4ef
PublicTest_81327668.jpg,cd2a28eefb26bbdcc70da8ebedeb034c632a5dc33b92da86d2f07e1c64c26045
PublicTest_81354018.jpg,868408c5eafb506cdb3f64f196cc2db181a8a66b6362e3fb3e314045fc139fd0
PublicTest_81362125.jpg,9426dee7952ce66385b376fe1b2e761f2af98c4f2cd371558e45e44c6ebeea3a
PublicTest_81420955.jpg,f2031f7707645c3156a3e7cc4d9d05077f42d448eef3816e94317dea7457fe58
PublicTest_81424820.jpg,00b72a7d059a8ebb3da6107104f389ad9cc3f7a7b4d961721fb56e0c8f4538d7
PublicTest_81489797.jpg,6b11fef49216a4bdda17e2eec1caf1d482f89aa3be5aa7f16c26c3f1247afa5b
PublicTest_8153825.jpg,ba03b3f271daadbbd3a9d92858de58bacee2cf7bf197b53e46ceb1b816500df7
PublicTest_81549573.jpg,cf806db819b5652bdbde0ed4d468a7a3d322b9b3b5638095b651d1380407d464
PublicTest_81566084.jpg,27b9ee524eae1d5b0a146c4f822dfb79f3cbbcb90a110560e85026c973563183
PublicTest_81570893.jpg,60aed6c92c2d3a5725c9bed1313474157adacc8552010eb3489badc113b16e01
PublicTest_81588344.jpg,261b52bf9cd1aa0770f1d27c9a0398e13c5eac9d826d3225edea956394ede084
PublicTest_81609364.jpg,f64ccaead79ed88eba03ce8f7a96715142fcd7be63c49b1c7b8cf584205f9eda
PublicTest_81626629.jpg,c003ca1baa051f84a2db15f1c8ab124e2bc53221ee3c05fa1ea48a1ad4f98f04
PublicTest_81632115.jpg,2aeb1075dfa5837578b8df87eb4ac9c656be8c048fcf2dcec72026c8431eca1b
PublicTest_81646674.jpg,bdf6522c6a7d4fce416aa652a46a88ddb17d52aefdee8af57cd657c0d5bcc122
PublicTest_81658576.jpg,ef70d7826965aa9ea76a4fe60c116f3f13c520c527b1b77d26e0326040f4e2f6
PublicTest_81677219.jpg,3b3b3551cb4be00649cadf05f24d426b0ba469cb481a9fcbaff3625796efa13a
PublicTest_81700311.jpg,0c37c85b4e4633588a7279ef4386cb8aada3a0ab271f0e7521e12d5194e14c64
PublicTest_81742978.jpg,39f2a8c4cd0e5fadee1063993a06faa58103bf32815ba0be2c960ee581fff78e
PublicTest_81745978.jpg,ffbcdb9f3c722fe4909e84a3583bae002938e449e80b3550560ac7dcf7100dfb
PublicTest_81760346.jpg,aec09e6bcbe2099294375fbfef6e59b7ce848bb47fa7ecbc7264442c28f33f78
PublicTest_81772748.jpg,e5ef60cb1301c717a0f88f7681d0f7e750095e939f4a770992e417e4543d0204
PublicTest_81836376.jpg,fe2c694d06f1b41b4db443a34210a7f1d722859b7af6b85b2125c2ea5aadb856
PublicTest_81843401.jpg,831ebb13b0af5f4a8dd366c685d4ee6484156fa588fa35c2bccd901b542594bd
PublicTest_81846677.jpg,a77fb9b14cc62f330a20194517eaa0bbb3aebaf5c771d97130e0834b910fa97d
PublicTest_81917786.jpg,fdb9a03edacff1c9c71bcf1cf4dbfd3438c5aa261cb6f84d8ab126d1e2c65203
PublicTest_81923456.jpg,b760c91dab186bb6b142ca32f16f54ec2c115cfb435884a4da4433f540901392
PublicTest_81953501.jpg,f21d0f140159b3d99419ade88b54388687d0a310eb898295bde55fed2f90702f
PublicTest_81973751.jpg,f1999c337588ee55aab625def304583e60aae705c42026404f910f888bdfd4d6
PublicTest_81975497.jpg,08b8ccd918b2ad922adcb258c94b785d5a765dbefe50c7407ad19b6168db4ec2
PublicTest_81977925.jpg,3e1ab283f0c49b2066b4f843548fc61b26480201ab8d15f2a945774d67489cc2
PublicTest_81978061.jpg,461b733a21f3d064b58d619e2ffa8241dedcb738186eb8936fe1c3a035d5b014
PublicTest_81985956.jpg,2b69fa5737d469c828c2bf21159fcc9d7df6c7265a877e2ea2bd9c20b9042bbb
PublicTest_81993157.jpg,42d4dd0e587269591f8e9203b90950aa3a2238b4b28f71595ccc2c889c4aba41
PublicTest_82002612.jpg,0ee81ff307422f2a9b2ebcfc1e8b007b24f2c453bd6d8703d6b9232887382b05
PublicTest_82051328.jpg,cbf85146744efd0d40365054dea8f5fc980f195a7277d13385af6da6e124c8c3
PublicTest_82104569.jpg,27377646c705d4e57acd0df9cdac68a878a7642c9c9a518c59952c24c6b30ad7
PublicTest_82116704.jpg,482a637cc64e764a7bd0bfd2a892093bacc187ab27237c48212649e0e66a493e
PublicTest_82117064.jpg,4697784dbe01f0165d40893b4137aa6aff1f517b71cbfdb33ed6ebefc5784e3e
PublicTest_82127741.jpg,23031b420419484f7457b1c7b4dfb7deae54e17c1a35df1ea1ea0dd6c5a5f47c
PublicTest_82140859.jpg,a66fc1ddf39514ac852305880a524295e2b1de64dec3a89fedba5e142e3ec988
PublicTest_8214715.jpg,b24fb0adbbb11be91ff8a2b2473c6a7cc3136ad536aecb15f5590df95fc189c5
PublicTest_82254087.jpg,adc202ca982fd571e4ab32e51d9b9867efb8d6d2cae2dd47d756f59a04e9c9ab
PublicTest_82257667.jpg,83682f9e15dcb806116182e171e608785ae9374354998f0eb9cfbc27ad55c8b6
PublicTest_82282745.jpg,088cc6491470b65b653250d4aee3bbc29dccec114be02fb4071823a8b74d5c3c
PublicTest_82319730.jpg,4515b97e7d369fff27168ca011e15f53753005df82b9621864a94e11fd108ddf
PublicTest_82333206.jpg,413dc99810c50a7f4eb7d5ba00ba41879ca71167498f191564bfe004a3b89553
PublicTest_82355488.jpg,474bf44ca2964ed9f8f43e27545f822b5eb3d99f578806e66d4edcd7249e5928
PublicTest_82378484.jpg,a8f96ec190d8cc9cd10f95d43b1cf611b7968d7f5b86de85c4ba1bbfb1eafef8
PublicTest_823879.jpg,ca4f7a1c69e8206f696abc733641525d958e46c1d2e3c893426b60507b7e4a89
PublicTest_82430512.jpg,bd885581f6e3d92b690eebed2c21fc262b4dc54f9d7c939eded5426d4c6f42df
PublicTest_82552414.jpg,ba8aa48771ce64b626806c66c17abf47d19d5be311e419364c1c0cf594a0190a
PublicTest_82553712.jpg,fa9ce54e96182bb64e0f2ef638307c71f9a843345ec22fd1bf4a39a50fd16dca
PublicTest_82567274.jpg,cea30f0a306d6b6c4b4d00f442dc9d3e45bf235beaa0da8f9bf9f5acf7281ca2
PublicTest_82601897.jpg,10fe3a1180858533b5d04d84a0b919f79013527c3dc0bac14473bed3e2e127b4
PublicTest_82604675.jpg,3293733ad3d8c44a6b1d6b031b4e26e4afcbaefcceadbee694e77ad7b50a4a8f
PublicTest_82624961.jpg,471181fc941c0ee380c09a3713718fe5ae74cf3b9ecf2561b97be40a1cef8107
PublicTest_82650885.jpg,5c2bbfd5eeb4de285795f6088e8e099f19f77c0334bc1585bcb8b92c576e1d0a
PublicTest_82685854.jpg,f8eec62accbd6579521d8b5cdd041e9097d8e58081366b962afde54a5213912b
PublicTest_82700651.jpg,893c0da4ba0b9a484c707a0daa33beec317ca7671271625fcc749124d2b1a060
PublicTest_82715334.jpg,7c9d0b7660a800c61a9ab51f7e3cd2d09764194e10f463bf285c8652d0d31eb2
PublicTest_82715678.jpg,cec68fe59e7c26d61c22f8aa79444e860b93dc1b912c7c435850c21b3d109fa8
PublicTest_82737911.jpg,bdf2be274320b25464c49bfe23ee8121aa64e0b4921de5b235752b9d5717b87c
PublicTest_82742487.jpg,4fe823fe1504f063fa2f4cdf20af601326f8dfcb1eebdbef074dea0e30aab12d
PublicTest_82778435.jpg,d5a6437dcc951c9980583d92d02f431d5d9f75397d24bd547b8b1d1c84c19f9b
PublicTest_82778847.jpg,75615f5a6a838f8a6f5bd7e3c7f6b604e5ed95a74010ab5e717727e1900c0376
PublicTest_8281675.jpg,871dfb18093f67c0f34afb6c15ef901fa1a489d5923e481ecb42379f7943b3f0
PublicTest_82840335.jpg,4dc1a1512cdde2e2f0a4d51ccdff38b43525685c8cd3902fec89a21c50bac8fc
PublicTest_82875599.jpg,5f9838afb068319e4adf082d7686c7aaa066ec29df84d1d41f382a94cc9a94b3
PublicTest_82925571.jpg,32bcad6fa88158097db90d90d850b76a05d0daf2c677506c7a77c1399dd24ab1
PublicTest_82930132.jpg,bb1f3a86229617b4644c8d2a5f9e0e1596daec03a7cc9a3492f8211361fb6751
PublicTest_82930379.jpg,3be526ed52f2ee3730aee2217a540de94e1c82651c64ea02df801dd857752fe6
PublicTest_82970188.jpg,066b468ffb131a3003506ad9ce825830d01b80a6cf8346bdc73cd69daafca6d4
PublicTest_82976900.jpg,06ad2719700bdde917a9ddbeaa83ae0f583370dba565065bf5f690ddf1329530
PublicTest_82982986.jpg,9f3f9156f342d34ecd80ded635ba0f5bc0a79cbee8d035b81d3f216eb80c37c8
PublicTest_82996944.jpg,3153985c0dfa0ca1e6d8401baf4dafdd8ef1d1f09388ea36c2d4b4e6646a12a5
PublicTest_83014731.jpg,bcf66c16f4210e6f8864d5a556b8f3b659f4e86881210fee3e4e4d289a14dee6
PublicTest_83023537.jpg,29cd416313cbe0ca6a3f05bba14cc89e631c9337489b2c4cdfdd973393d449b0
PublicTest_83042442.jpg,ee288e946acb23c1f71daa365263f1b8b4e20f74ffd952c05591f91b766c87a3
PublicTest_83048829.jpg,59ec2c66ec626fdfd4773618ce4e93caac8ed578778fd30e62f91c3fce14d009
PublicTest_83074957.jpg,10fa54d5d75b640c9eae8925c638e93af11761ed322fe270c85b7d1509cfecdd
PublicTest_83082043.jpg,1a71fe3cf98ab1f96b024ee0d2ae9a07e2a16d40def7c5a3b4ecad660296a8d1
PublicTest_83097075.jpg,6cef60447eba82b38b750d2d7bed1031489b3792517929d79ea66c8332847de9
PublicTest_83110821.jpg,30e720c11b8a804b5b4eeb61fdb714ec8a7a1648eea60e12738b8544570368dc
PublicTest_83155635.jpg,dabe045ff87aeba0e1e3288e4feeb2c9ed4df1204a09435bb62f6e9a7cbeb09c
PublicTest_83164532.jpg,9923db8014cf6d8a0b8ee871e207f8e9b92e7fcaa1834388f529d02f93ca6d1a
PublicTest_83217196.jpg,0e58afc317b7bc9ad80903b27f9931c866eb7b2033b492b35ce19be7b94337f2
PublicTest_83217470.jpg,fa2085ea8f4101df6f423dbecd0bd7e0d119886717db3c6f31a66298ee7b1996
PublicTest_83231837.jpg,484633689bfcd72b5a106207904f63c02bd13f524b8732581a6ef348ed0ea430
PublicTest_83372303.jpg,7261011e6e50c03a8b4ccb2ae13c36966d296a195942ea679e62f8ddcf906de8
PublicTest_83378856.jpg,4003c9ca8ae907ae63fbe327aae90d4c245e293a37b76a46f15d12a56a509e18
PublicTest_83394959.jpg,1f18c2b86ae3ad4e0f8f456626822efbb64ad64a708f8ea0fab51b52ce420add
PublicTest_83468044.jpg,10a10dd8f9409e500392ffb02aa62054dd558dea6b460fd488303a4c4244a085
PublicTest_83470129.jpg,d3b35e94770c797c877cccc7b9bda4eb6c0059bca01c28dcd02354ba4fa45dd3
PublicTest_83487267.jpg,e7ddefdbc4f5c93a2ca3ff8083c8169ef86be8cb52711ebd526638cf9b5c184d
PublicTest_83531309.jpg,0d6b950190c6758fdeeaca6b03e0a3c9e014dfad1c5a49daf85dfab3d043e726
PublicTest_83622232.jpg,cd4715b3003c1ba20987c0954bd8ae68d18fc2a4de61b38ecfb9d75f332835b6
PublicTest_83623488.jpg,6d84b0644e30e054a35662e5b35e1685babbfa72327ad7d69ba1ef82657723e2
PublicTest_83625115.jpg,95ee74d35b31e0dd0dd276bd3c9cc7e78e57a0efe8f4c96e64b5df02d0707461
PublicTest_83630896.jpg,16b5952bc4f420e9cc32a820883b949e3d8e258fad5054b9e1a8fb3bc72a764f
PublicTest_83646668.jpg,c4678b3c699401777894ba3901bf7f6306960935a270efbdce33eaa1989e2d82
PublicTest_8365577.jpg,33be87cfd42d623de199dc1aabe3885fa4d4253d328e33641120858f6a4dedba
PublicTest_83670653.jpg,923bee43a9e012315e31ef446b2cf7991c336235319b3d4f8028fe12b06e39c0
PublicTest_83674814.jpg,995ef81607c6d67048595dc2df7566835d9839858af071354aeb00d4917ee51a
PublicTest_83710885.jpg,1f9cae60afba50d001d6dc5a7aa7138ec9dfe1172e7d21bd76166442541d911a
PublicTest_83745997.jpg,eaf8e9dd3e82445bd38f63fec5ed6e640ded74beb221ee52bd3c8fbc35b02ad2
PublicTest_83758171.jpg,de0743fce4955a86af4c467ce05fdbce267eef17fbfb3d7b8dc94b5e4fde587d
PublicTest_83758530.jpg,63c496c6ce17de400d6bd48d742dd435c97c0d0d37af7427979b51744fbf6baa
PublicTest_83764498.jpg,c613f06cd33fa608a06261a13e854adf9344addb0abf54fd81080181f2ae77e6
PublicTest_83776498.jpg,8e9253f401015c42600015a8a8dae59a0d7f02b59618b823001e3f86be276058
PublicTest_83801080.jpg,61ba706870fdc9ea4375efc256ffa8fdd231f4b3f94752d2fe6cc253b319ae1a
PublicTest_83801776.jpg,c905a36577208fc1fb78d72e7450cd2bb2d529fa2d89b5e39e9a4b5e3f6d23cf
PublicTest_83833485.jpg,0408d5da285fa94a41b6bb65b851f7a1a7bc5b3c09bd957ee5229830df6e9d34
PublicTest_83841294.jpg,e3b2613677f0d123aa4c43814e32b73ae2ac703e43442b1ae49a9c44bb6fb4b0
PublicTest_83844004.jpg,fe2eb5e700d40c5205d4741b6678f48074415d8d52ea3efde14e0e4863b8f926
PublicTest_83849834.jpg,b83d664185d907f65fc6c72b69397ce473974a0fdcee5d4924fec23f7ac2d064
PublicTest_83859907.jpg,c324295a3566708da9781ea6647b5c7d6ee0bd9ace08a8cb6fe77d1bfe965e1b
PublicTest_83862042.jpg,44e58e8e115b31b877a2159d2b0d1febd36f6121fb4c86d0105e85e4c678a1d0
PublicTest_83872938.jpg,d202f3cc44efe9cb65f0f42b9d2c239cb4128432e5b1b3fe4e969ff4cb2d0234
PublicTest_83882331.jpg,4f9004fad087fa60367a31ec6dfa0b1b9ce1e0d9721ad2c073ac857baf69ccb0
PublicTest_83894124.jpg,a12f15e1214ea35926f8a63c3a22ff862d61fa0488d20333e25c2c60fb9a360e
PublicTest_83928777.jpg,01125a55bd840aed15d71e8bbe4319c766a60fc5edcafe0e3bc61039b8e47b3b
PublicTest_83955949.jpg,d87ebadaed80745cafcf01c695ac102567c998af0668f72d17c6365f2186c7f5
PublicTest_83984547.jpg,7e8d9465f55e704b88a3a1b9206a1a230e1713f7c171055eb5ebc45b171f8aa2
PublicTest_83985015.jpg,933e563907010df2339773c65db055f33f1e402711714c6290582b0a39d4154e
PublicTest_8399321.jpg,0fa4ec7ead274ff0f7fe05403eab055e058d0292eb9909d5bb83a300ef6ab7c6
PublicTest_83997303.jpg,27b3fa77ec6cd0bf5e4bfec18f2b1449d621536b4a9d81d556e5c855578c9d87
PublicTest_84016544.jpg,66afb20dc8baa136d304cbfea748c7903298c8be019042d5a0b194c0627e27f9
PublicTest_8403145.jpg,3682a5a3c1721e7a8aea66a84ca7b2c77aefd334712f49d293da124a74f9c1ec
PublicTest_84039346.jpg,efe976d9ef01c1852c5255bcf72038c19701563db220fffbfcfba419164af4a0
PublicTest_84039470.jpg,98f4bdded1c7539351c50c64f4e543bf93a921bc838a3cf4044a367d7cad69fd
PublicTest_84044130.jpg,ff6f8ebee5aae8feff80654b2f888b7dbe5ff829873340f5afcdc6b8d0876806
PublicTest_84089466.jpg,773cdf77e82e24da2b5dc46c1a4afac9421dd5f4f8bf404659eb3ef4c8df027b
PublicTest_84091760.jpg,c18900c911117dc83c24cfbb830286f3372ecd29249420f5a2df8ef0c5ed8c49
PublicTest_84097244.jpg,87b6835d190d767ebf423bf046bd86da57b02bacae4778d3367dae1f6f1445dd
PublicTest_84113329.jpg,c278dea8066bf3dd40db1ea165151d1259ba87181a9a71282749148f6f027acb
PublicTest_84162729.jpg,2e039d56edc869c7ac23be1694aef4b3a5a970d369a6f9b27bc9cfb5082e8599
PublicTest_84248157.jpg,b2e71e872a28d31ddaf097d513350180f55fdc006277ed13e7a737ed77de7737
PublicTest_84258954.jpg,5dc9538d8310da83e7c6ae0b978b6c53771d521e19674723784a8d384f0e0111
PublicTest_84275164.jpg,9e05bae97c0bb6ccdbc14913ef89ea5a249014e17f401e7c91341e00db413789
PublicTest_84280276.jpg,8104943c5dfffa342d15b83147dba3758c1b937c614a1f5613d8f25d37e8cab2
PublicTest_84299957.jpg,c5a577b0bbcca5cfa00d07757065e196d740f11a23a11fc1d0953b6b3000ebcb
PublicTest_84366.jpg,e063bb7773abc123c435d1749106dc3d9ff3ffb67d53676376d5fdeadcecfab8
PublicTest_84380648.jpg,9f93a20f552f8f41078cde4b3d4bb2a5ec6ffab4fd68b369a95a6e128bf3de17
PublicTest_84387141.jpg,c54cacc456752999c82911c28de411922315ccd70802a1b5667fd0f881a58e95
PublicTest_84406215.jpg,bf6aa2668f23d4776c7f3bb78ec5140d6c9425360508cb2bfd7e1398ea8a8df5
PublicTest_84428313.jpg,67931fab23d65b59d7c981e9d7ac5e90060db1832522881c95ef31de3fe528d0
PublicTest_84444870.jpg,3b9b1563179c946027f4e3d8aadf87ad2c3f25a7c6d6945bdf670a1155d00b4c
PublicTest_84473277.jpg,ab9de33a17069ef2e7b468b5135b74f272643459ab2ae61fd0f7644e82a91fc5
PublicTest_84477627.jpg,886bfd581302821a1356ff47bc519cfa8da235912069549b0999ba059497705e
PublicTest_84496878.jpg,73b6716cc2ee430140da55c77e04e045bee9dcccff5bc06a00dc1296601a7b77
PublicTest_84511668.jpg,7c27f362418d2ade21a63152645896f2f6c928a18574a04b7782e33caac258fa
PublicTest_8451615.jpg,59a0f7308075a3aa2bb0622cda4006190f1287da58400d2cc2306dc066516eef
PublicTest_84522114.jpg,cabb9a047828086729232177786b5fce4affc1b80d67a8a52d430a8813d532d3
PublicTest_84568132.jpg,1477a724ab2f33abe1d7d0323383224e9c2c7cf2c86a0b05d8bf5da43c8a6332
PublicTest_84583336.jpg,496dffde899e871b5cedf930ae72f54b80726a9b98f66c072e8ba7c02ed9d52a
PublicTest_84591473.jpg,490663a6cd8f111683fa507814589da39a9e916dec38b6a32b987f2d4883426a
PublicTest_84605588.jpg,b6a2fc440fb37d085c9d4861e0bddc8ec85a3ed313e4bae69c5d21c90ea067fb
PublicTest_84610024.jpg,479f93eefa9d5c7c8a52a4825b8200c81b806a07fa98681b44d117ae23211fa9
PublicTest_84654969.jpg,1f63d63967772030471cdcb01c9b1dd8cff1e4dc0d488b981e18a8e20f4c6773
PublicTest_84732279.jpg,640f0e0591be398ee42d7aaaf99a831e887c66ac63a1e7c0a60697d64e83ab06
PublicTest_84796810.jpg,19e589dc80e9c10bac8256b7fea9832d3e8c4a465e8e9cf31cf601a134eb88d3
PublicTest_84812303.jpg,2d66a2ade85fc187d251dcf8b5c59cbcfd5596ffba29b905a2e641604e0484fc
PublicTest_84844703.jpg,33098dcc315366ce9c106513a56b6401cf14cdbc5d297da246a617fb7713747c
PublicTest_848748.jpg,cbd0503d7c32af39325adbd8380a17ce0121a08cf02956db9839bc1ec1b6a872
PublicTest_84889722.jpg,2bda69554f51032ec9e8ecbf995fd46935d8682ddf15eb112d73c2d3ed341a17
PublicTest_84943287.jpg,d5ba2f927ff5a2c828a3c63518e0c7a1a3e79e3739de631063c024347541f0e9
PublicTest_84961143.jpg,b28344f5d2b7f1ff085a40ee8444fa3980f5c7ebbb2e0c14d77639e47173d2f2
PublicTest_8501160.jpg,c1533271d75336bc276084f999e5c9c8befe784f56379dec3dbbfbeff71e3286
PublicTest_85039358.jpg,7434ad7420026eab4588c33ab2474b38ec3490e1fd4c1778ca4d553b95e402e0
PublicTest_85042822.jpg,6dde5c9e499e0949fcff873fa855946e95a8d5ab8edb4f6daab6cba8bbcb8644
PublicTest_8507890.jpg,3b8b88abb93e0b0e471ef79bba8f05884a558f1eb90d0e2e230e7a05c96e96c2
PublicTest_85107326.jpg,67931fab23d65b59d7c981e9d7ac5e90060db1832522881c95ef31de3fe528d0
PublicTest_85118178.jpg,0b67d7daa2e627b5878b08ddefd24e2f2adcf19b67ccad79a17d9c4b15f50047
PublicTest_85150398.jpg,1a1168e28ff10f372c59d06982f25db8e9fff6cd1afabeb888b1c8e10e99b02e
PublicTest_85202965.jpg,992cdf4fcd4943452c4b1b29362b5259e355872f1db3a50ab108d1aa1b2f48e0
PublicTest_85214966.jpg,a29b341cb2e2e17e7c80157e3ff829d0216b54cc657bb7ffa1e7d7fa682e3102
PublicTest_85247626.jpg,79f4dd90f35349e6b38296f15af8efe475fa2ffa6f5e2e8ddc7caf7b5e0c5094
PublicTest_85263892.jpg,b01d248b6e152fbd3109eaef09f016b5a0f936fa6a6b69a5883a376bd2d887ff
PublicTest_85314325.jpg,320da574a2df3eca9dce09c04c4e6abda27b258a7070be033d081c3db6060284
PublicTest_85325911.jpg,11c49847d1755d6b1cd5c6de56ef4845875a5e1839c388ed2c068a63564e38d6
PublicTest_85354228.jpg,61e7bf18c4fcd906f9a896948fb6c97c23daa75b291a5448af047ae005833b29
PublicTest_85444449.jpg,cc656af55817e1cbf01d48e49a3f8bc0f27b7c8aa10379eafe5308633d92ceb5
PublicTest_85454471.jpg,bdd818340e1e6d9f882a0f0bf4951d72e7cdc7cbd23c381c32c755d543ce7033
PublicTest_85457087.jpg,95e9e4f9a1d73ae38d95a4433faf97a13d6c75938c2b524d3c99acdf4b08a8f0
PublicTest_85476276.jpg,9b9f464125dc437167ee18288947f5c0c45c55c57eb2b366b3d8781b068c510c
PublicTest_85484322.jpg,edd1b799d4aee2baccf959801a79a62ba8e6127a95e04377d3f9ba9dc96c9214
PublicTest_85498443.jpg,f56134b1d548427ed1fbc41f2442a9662675b4c95eed40e27f005d1841c3e1a9
PublicTest_85511183.jpg,013818e3e3dcfa7f3d25e51a8fa573e05357883b0f76e5cd2a92570b1b2f5d9c
PublicTest_85586711.jpg,eacf46ec5d8ef761e506172978506765b1435af95b71e28602b27587f4c17e4f
PublicTest_85587942.jpg,6e6be2a64d2fe26d0b99ce11d37ef37e3166fbd68736ce21a431b7a36c2718d6
PublicTest_85599431.jpg,15f67c42c6647b2fe780117eef94369d11d03ea7b982a35d89dd096a2f903806
PublicTest_85624137.jpg,ddf3bac4563b9cc6fd3eefcbc2496e4dfd6bc081aea0dd68b1b71170ed3850db
PublicTest_85640402.jpg,b021c117e5e9ef742d2d3cc2a880002af5205d32d84716f8d757d615cf808ff3
PublicTest_8568840.jpg,63484ebab2fced6ba6b0574cb7f0138dee645fdae26d955ffd0e14e00084208e
PublicTest_85704124.jpg,c9b92a224a36b0788ccb2e2417660e8edd120579faa76fe5a17f5d50e680639e
PublicTest_8573713.jpg,d4de8e10e001b6c4fd72762495b9e5f5a2b82ed6d265d3956935da9a1ec6adf5
PublicTest_85766163.jpg,926226a64b2c2ca5e8929bb25c8ced09400f589173186e1d8dd3ea36bb954555
PublicTest_8577582.jpg,cd78adf1055d384cd5991a56f82f3996ba2185a856b562b5033de4cc5e0cef5b
PublicTest_85787847.jpg,55d5aa92f8e156c926f9739eab59eab8c3627e6d39ef42cabf6038431b512428
PublicTest_85809857.jpg,c0d02a3b870e835fb8cdea2615eb748749c5ed2b4c0d9a5ebe97b0707385dd7f
PublicTest_85861501.jpg,d69bac41eb79cf654dc914adb8576f6bf5c898ca4d8c51c526c1108569d4408a
PublicTest_85862002.jpg,c629948a84badeab850c4c7a5da541fe61198757ebfb96f47f3b600423a072d2
PublicTest_858636.jpg,5b3cebf0fda8e633cef47d5e1f7041a353d9d1949c0d10a804d5cc0980589927
PublicTest_858686.jpg,ab30e67101e04b8e5fdb216d45dbd4daef9c00b80ac2b0d25c25a5fe33b8914c
PublicTest_8587491.jpg,f7c38de2efd51310b47936dc040acdaf4777e163fd6baadd7bbde43636c173aa
PublicTest_85943952.jpg,eef8114f5ad0bcfa6773f4fbefed6e2e2e85facd15449d5f9bf53012a4a8f340
PublicTest_85967214.jpg,ee4f6991f4edd60a981df39af610f58f7dec788fbb71c1b48118e308b7e0e00d
PublicTest_8608284.jpg,a9b05cbdeb8b15ce382570c9ed509e777a812fdae7d05bbd7766cae608f6266f
PublicTest_86086159.jpg,1c685e27466d1125ce781871291c8c09c9258f9db525ee44ec98fa38771a9907
PublicTest_86100904.jpg,c81243bc9e78e95c2789770debe56463c819389a3edfcfbe54dad026d05e5a88
PublicTest_86106076.jpg,deccb0dbb85344562e828c0abfe0191b8ec98a7bea2e4c4db0a223677d656ce2
PublicTest_8610610.jpg,4a6833f03b0540851264b5763ce336e9c009eae2df1cf228b698d89bb8524eab
PublicTest_8610634.jpg,a2abf6f10eeeb7e4c2168c833de8ed0ab0a4601936df78429e6992c7a659dd96
PublicTest_86120099.jpg,2af1aab7bd79535006c90f7576385a38b636ca666bb33380d9aafeccbc35f2e0
PublicTest_86168446.jpg,18cff0d3fbc1cd12916e74c5407228a342b3419a54e64082af8d92140b997ea3
PublicTest_86202557.jpg,f5d0540ad6813c202dfeb772ced49f783ef05849dea939f9aa71c31e6fdaf453
PublicTest_86236119.jpg,cb0433cbc2bf85113ab22daa6c1cac0c69847c810a475cd2d94296fd408e9c11
PublicTest_86240938.jpg,cee8ce20d83974814e1fab6f231059fbdee3c11cc91bcc5e9062ed574a21beb3
PublicTest_86245007.jpg,6c964bc51ce137164446777e86b8b9db01aeb867c34ebc00eb283551f66f6996
PublicTest_86306334.jpg,a8c437c4f8c00fc69fa9103bebd820bf561493e768fc0853bd40c0551f1d1029
PublicTest_86341575.jpg,59cd3f62c02d1cd17fd462b5369a1d8507f181803d17461c37f3f56724d18d66
PublicTest_86351672.jpg,796031741a0d27052c8fb20497bcbbd47afcb48cd9042512904752c4d6fe9ac8
PublicTest_86411613.jpg,5fe01d9f0f43dc44997c93fc58856424a596c4f4b671aa01b4becba6abc31733
PublicTest_86413860.jpg,8f5ff1f3a98057e3a61bd7177e834627b7ef10a8742355d4d2d9c28a55982424
PublicTest_86444127.jpg,b71f5d7b16273f048e94111e12c8d7f826ed40717c4861ff3773a91b949a5ac0
PublicTest_86484483.jpg,835ed941541a6d090a92f804306721aaa1b0bda9fba602e084dace91528ca6e8
PublicTest_86498201.jpg,ec3fa41a68ff3f374108fe8bbc95f531b4eaf54a182c5b629c5b2c6b386d2913
PublicTest_86522152.jpg,66c0a146329b22b5408297e7e7d09f49b489d80e7c4a4e56894f4b566bd8a1c4
PublicTest_86533062.jpg,b1921af02804731fb9dd9351f9d47fcc0d17ef7494556e37972dbb845e2a639e
PublicTest_86561203.jpg,620b80b9d6875e2e467c4b8c4de54b7df33909a17791e4984902b916937cb6be
PublicTest_86587530.jpg,50438dd2f1dbca584b791eb67b9c54ab0ae1d75a7da788dbc829e95eec6b13f2
PublicTest_86629641.jpg,0f8a560a572bc732982f7a2ca58e174e74b23338a251a43ca470735fd28c3132
PublicTest_86645711.jpg,de992dced13926339140dbb6b42e0e62427c1496b40741a45f3767dabbe2b025
PublicTest_86661482.jpg,b35375273c41b57df74bed31ec34492b1acbde7f71b90dec91d089c5077f1596
PublicTest_86665641.jpg,7d2d35042113a0ca250562b9eb605e598474da761394bf5c23d737bb114fc1d3
PublicTest_8668068.jpg,50be7f77dfb3dc9f3f7b919c8b646b9d164acae415311364f3a7017da011da69
PublicTest_86687578.jpg,1def31ea98e698a83f041d5e612fa16477d57251a0575e442bd5ae135c02f016
PublicTest_86755427.jpg,a1442f4d28187798f18ba18fc2393f3bc87b197a186ab7f4b087c2d721184161
PublicTest_86781056.jpg,5cfc00f28102e6b642ba69503dd2b28b15fa7e2c1aa31c04dd9150fdd783169c
PublicTest_86785862.jpg,d78de1ded79e7f7d66f2c2baaee6ac2ae46aafcf6233d376aa9491481fe0544a
PublicTest_86802249.jpg,8ee22a7d416efed76c0a4e351fe5ee911b40b6acb4fb92c4bc4cdb8b90cd071a
PublicTest_86810004.jpg,3d74d34eafd29f787f76c42fd952756126fab88dc0539bb2ffd416f21d5b7c0a
PublicTest_86861373.jpg,b514c4d42beffafe6b9bd41a3510066ce3275f9570f40b322c41c3a482d3d25b
PublicTest_86863879.jpg,1e15118e1cbceb0722a5543430735d02b41a0855775ba4fc8ba2dac92aad0c7e
PublicTest_86869293.jpg,a8e157d6e9e613d0313390e95db4daeeb744c73765f09aa4bdd4b5d7d939edd5
PublicTest_86872627.jpg,7661347ca74995b9c5f9cc84e5c15cc6665acb6660eac45b7e7ccb959da4b478
PublicTest_86875815.jpg,4999ca46186ed0816f4e19df12ee407542b1ae925a613267a42713a6f63d38b7
PublicTest_86877135.jpg,141359cfb52cda2c815d8d28cacfad650ad92a5a696c50bcea2a68713184d129
PublicTest_86888698.jpg,ce006a2004de1442e5e8413f000928a3bbd957d6c5bed0e4b494834dcee3d27c
PublicTest_86914236.jpg,162c8a61ab738ef8e6539bbffe4106161491652c32aef249729ee1323741985c
PublicTest_86961415.jpg,c962c3ce816b2bb3785a08ea9b37e2e4d17f54c103c19d8b29d021f5c633bfe8
PublicTest_86983790.jpg,c25c60bbb7333ce6b2cb9fb0205808ff7871e9ce6d6e9796fd81140930de4fe3
PublicTest_87012441.jpg,98a136395cfc3210aaf63be6b0f63bc10b6441191c006ab871558bb39dd41479
PublicTest_87031342.jpg,21699238093ffcb278347e29f24e829b31d4bf863f1ab16d4296a12f658be339
PublicTest_87067478.jpg,952d591b828a0a4b44e7475af1754e5256da3bcd3152784becc6ff1dc6e13c16
PublicTest_87128613.jpg,16659fcf94663dfff44315323a6d3e23c417ac6e2367a12a3fe58b5076e22449
PublicTest_87155807.jpg,4d68cb6921c9c8e8840341974286ca194a0d13cd6ddd91a1c3815cac5c0e9dba
PublicTest_87183978.jpg,12bf54c7949617df4a9451936b9bc5530b7b2892fde08e6f20f9c073fda76abb
PublicTest_87222808.jpg,11b62182abfa4d28eb972d22a03ae7ede2e72fad9204736e38c99556553dae5d
PublicTest_87228416.jpg,609b38b8983ddc638d1415f1f1717f449191ab3a321740fdbed9fd6010dfa3f9
PublicTest_8723090.jpg,216a35c9230165e7fd950071fcb6f4b00af2c9294afbaea9bfffa31621a9685e
PublicTest_87237892.jpg,af6cf76fdab2313faa58d0e2720822179c9b86820fceb57e9b7a25aaf2ececd0
PublicTest_87240617.jpg,076827ab80299d2da49303d0e124a86206aaec04433274e2033a16c1bd5e053d
PublicTest_87266057.jpg,f6a86d8cec5a9dffe10ec6d8055c4fc1240c534bf4c8cc9f0e44053571a87e3e
PublicTest_87276715.jpg,bf5d07ee519f1f30902b1c3815f59349bae54e29c6aa767bf20a2e99d9d13d90
PublicTest_87302299.jpg,23ce103167e65f3db82a44f7d2d1f7339166477257e433b27b9872b385c14665
PublicTest_87312658.jpg,fbbd7893bc487fb748c89a97902fd679c5f5496864f74a5f9ef6ba78c719b59b
PublicTest_87314736.jpg,8f1f72f4f3c03010f6d1b7a53d08ba6dacbffd306a5f2363640e2360aca794be
PublicTest_87336025.jpg,86e4f5b40252ca639d0444e9e1d9c153f22991f43298825fbcc4643582815256
PublicTest_87391496.jpg,dbf371f8239c2ef5162c4342ad084aa006baab0b1858f8e4f8f814447b3dcebf
PublicTest_87449224.jpg,975b8876c73d163bc3f1bf8372a511a11fef5af030425d314e2f84032a47c556
PublicTest_87513106.jpg,ef1e56832fe4793c59c5ff0df3f5c2df8cb150e4fbaf205efa5f34c1d79f1f26
PublicTest_87517191.jpg,cca81254e7895743e55143fc45e447a280f2fbbfd9d4de091180192f29347a5e
PublicTest_87520269.jpg,00f4d41c1c11202e29cde2fdf9fe04506b57ac1a52d64d390d8721c30a4a51a8
PublicTest_8756262.jpg,1734219a428f0706ae7c8172bfb4e0127e5262b997183cc29fb6fc5f7ee87b18
PublicTest_87576767.jpg,bd1e0504cc32f6dcdf6d392bdd7f2b5971a0d75306d7ae94ac75353f00207ae4
PublicTest_87587744.jpg,77731066f023766d0deef701030465d82e4f7356107c3779380f0c5ec1a8a61e
PublicTest_87671386.jpg,6378029c6fa37cd9a9dedfd1d9201861193ae39c852ac63cbc2789910c852fad
PublicTest_87715051.jpg,5609c2cfd3d234435c61837d52288d32538f32e666fadd860c88ff3cae26a3e5
PublicTest_87724897.jpg,df66171a94fcf36088eb3170f43e30e5d6b97f2f4bf93b73d0632ce5f9851cbd
PublicTest_87739948.jpg,e26d2d258c9cfd211ac3ce60911064eb474befd07d5fed20239c423078a76c9b
PublicTest_87821224.jpg,a4e3b30566e15cb7338be9a253b28931d170074da9af9b1608777371ae1c438e
PublicTest_87833009.jpg,5033a67d6f8b2db5e64c18ce7acb48cf8ae0983e70c8c5afcf95106724eb2f60
PublicTest_87834425.jpg,72d72998ddb1009a18dc16934be86c3730a76eb2e4c8040af838f5026ffa01da
PublicTest_87871362.jpg,746ab2405240f0db44916323dedce28cff954369936a889d15b205a95b72ee43
PublicTest_87921546.jpg,49e058ccd5da8201b535b6ccec58238dd494bc589dc1f65dc9777f8845d6adf4
PublicTest_87953785.jpg,65f0af23d9c9c241c3adc5cbfb184c4a7637a5e01488b389263edf3146beff63
PublicTest_87959338.jpg,f37fefc380946c62acd8693a2b0eac98b64a5ebc9abd2dd3ab6d03ba611f01af
PublicTest_88015304.jpg,444310b2c0d1a1dc1b5fa53e2c2354ed219060c6e68fad55c5f304b0cfeb94f1
PublicTest_88046230.jpg,3f1c1b5c8129bc65575b22a18776f924ae6706258d4f2b9cf906a332a9814611
PublicTest_8807439.jpg,6914ccdcdc160ebb90cfc2660b3dd1eb2cab4dd7e4b3aa06cb1a294455010f86
PublicTest_88085937.jpg,660a877103ad6ae7ce6c23be49d25d5bd78b7ea20ade1a71193a06997cf8a447
PublicTest_88089268.jpg,754a79b18c29d8a3d50be4149ec89984829736a5bba7c51047ebb576d1e878c1
PublicTest_88163370.jpg,477132ab0ac42d5771ba33676645364796850840db1f71b93a317200b721161a
PublicTest_88249373.jpg,7d931ade9e4e276bb3f6905e706a9105d4e1e59b994e6c4811744722831cfc6d
PublicTest_88280806.jpg,36d6919996ea2575950f06a04cac6ffb58c7dfa030274ddee29279bc85b7eb6c
PublicTest_88344769.jpg,48dc1bd87b044a322d4ffac7acec898353809c1564259bc92dcd32e41c2e84b5
PublicTest_88385583.jpg,4057c16fb9625cd5f11486ecec3622332cf099852a3958ceb90becae25a3ef7b
PublicTest_88420742.jpg,f694b460dd512a9d27cb2805bb81a43dec6c9c6cba7bd8b1828bef604d701362
PublicTest_88458359.jpg,7f37f110daa4dc577573817db08262100c3201fb7b14da2a3ea522dee10d0065
PublicTest_88459234.jpg,78e69995dc77fb946cbae9aac401e17e55827b8878275a5dc3386753c361c136
PublicTest_88473367.jpg,75d03792c6b2b4459476399662e23518b381840ffb37dd08b390cb51ed7ad203
PublicTest_88525502.jpg,9dd1d479c6524a1af1ce55905332c38f996378acfab1215b475f278b3ad44fb9
PublicTest_88558122.jpg,0de3df5621731729e25efb39af670ab3319027ecd1796d35e942d06abab38942
PublicTest_88565861.jpg,0aafd16214d82a43e9472df6b62ccca85e4f1394469d802bcbccda036cad5c8c
PublicTest_88659438.jpg,acb8bc0ac0e62163d2324e8a2d37754396f0e52676dc43e50140bd84b5cc212a
PublicTest_88686445.jpg,1d0712d1ec7f94de930b2e8e9979bef1dd2a7990a6cd76fd7020f1d399a0bae8
PublicTest_88721792.jpg,fd8d05d4816f0ff002ca1dca966c2fbec7c6f73ff4a29d780230333702ef4fbc
PublicTest_88731382.jpg,5c8e9c8ebb1a572b770eb254a33425108c59d8c974842749c2676e5a1c65ec72
PublicTest_88733920.jpg,7da6a2b85af9517bc181d472ee09b746fe9b9fddda37f3a0c95ff688a64bfb68
PublicTest_8877539.jpg,da8285ea44f57a11b8a4667c49d90519b785b02bc8bc50f42f45e551821a721f
PublicTest_88787291.jpg,54f81dbfd076ad371b2b17845090ebf3a897be9e0830f1e882209a719768126c
PublicTest_88825884.jpg,7fb52bc4c6ee332cf085bbb2c9b39f6b4f2940f858bed9d28845d1edf27e7be6
PublicTest_88885149.jpg,f7dfcbb3b3cb6e96352f5cad9fd205961b46e0bb088f7aa5ca7bbccf58b520c8
PublicTest_88902041.jpg,d4be0906fac4fac5fc10cd5ee6e98af0885ab1994e889195ff8be3ce768680f8
PublicTest_88974023.jpg,06ca6a277c1c23af4b617e7230304c2f0f83b48821b601a634d1015e61ccb4bd
PublicTest_89000558.jpg,2566eb03429311dc187f9fe7babfb4b25327beaefcb92d1d9e68ede5b55ac359
PublicTest_89065999.jpg,83b806824c82f0061ef5cc207cf68b5750f4267772fc315b21cfb60d648e6ab2
PublicTest_89082411.jpg,c194c2e02e436f7de5af9357ecb3725acd6d85088facd5b3a00f78edd4bb8300
PublicTest_8909872.jpg,bf55283ef366da74767c1e80abfcb84573a41b1794523b099a2c887f17536d2d
PublicTest_89100836.jpg,b992759455c513ac8b4c6904482aeec39598f2a54ea5cf64fd30e01d2494f8b4
PublicTest_89131102.jpg,7191c45603382c4710286e06721655344dd7e35b597924c65074b712a4b68198
PublicTest_89139321.jpg,179f8bda79e3169b1d7488cb8eab84c87e600ec33a628e5e0e49cb7692eb5535
PublicTest_89161552.jpg,4fdc448412cc8c307de5e28524acb12be12609059f20dca37016e71398ac15c2
PublicTest_89354196.jpg,44e53c8aa6951eae176882b95d5627848540ad497e98d38d2ca7a3bd96e64408
PublicTest_89359277.jpg,29dbf556d0fd5d4cef55ee05606547fb04c53f654af93c9cf50411273f736ea6
PublicTest_89390081.jpg,86b91c7ca4c9cbadac9e62e23fc980bc1b80125e2bd6d3ecefdf01df1d3af3cc
PublicTest_89420020.jpg,5e5d94d93258e2c74ae3c7c7ef08804b0e7be597f504b51cd2d036cf780b274d
PublicTest_89421273.jpg,c8201f5bf77deaf8383cd86b5a8e6d9e844866bc99e83a3dce6531d0eb4a1041
PublicTest_89481334.jpg,960df911fc90fc4a5a8bb64f8b138b7db4a5ad89a67087f2da0444e9a262041b
PublicTest_89491736.jpg,d921017f7c8d5bf23141116f620c58b130bf11af166bfdd8fa7cccc315cacb37
PublicTest_89496782.jpg,2376329dd35716e625e8b0ea43324855b743c211b5d14b4465f11984abf3b3cf
PublicTest_89497262.jpg,dc6a7cfc4b7368fdf1b7f5e1d15ba91c9c81715eb5c806928c5fd93c21f8d7e3
PublicTest_89519100.jpg,b339c1bd477b0b5aedb5663c5a570c232da87e0802b5aef2710cf29c0f4e37c6
PublicTest_89522352.jpg,5bd5dc2b4718adec013fb83d9882864c44584bafe60a5f3bb173fd24f0532154
PublicTest_89570683.jpg,9e151a460a524bd7ac428bc9c3724828c569c5a3f3a4283e070b314668d8d090
PublicTest_89618613.jpg,0da0c5dbfd2a3b7e68858486636a2796f86962d0615624ebd8a07eb4fce0fa45
PublicTest_89636551.jpg,f3f9618ade1c0bbfcf385512f0b772883f5f8ee6fb49408b9a80357081be0d5b
PublicTest_8964320.jpg,2c5a4f85bf9d610893576873f1ae0fc565ec8ec4d538510087d43fa0c7699f34
PublicTest_89665046.jpg,39d110a08a74623918ace79281fb2d35e331327ee4e16c2285a3591b42a0d3e4
PublicTest_8970135.jpg,d0abb2e3bfd94bb8dcda8ca94730081c1a6bac98a06a7fe9f5663def9cef5357
PublicTest_89705423.jpg,2c5d1f191d1112879d2d450ce1d6f9f0f0817879d7ff7a38587ed92ec5e87603
PublicTest_89717306.jpg,c59dc95328b5b3476ac24f99fb87a6512c51c2ca729687e247f82a1ab99312e7
PublicTest_89722367.jpg,a2f78102e62a158fb60e6810d87001a1dedad75bb6c52e047462294dc4c1d71d
PublicTest_89771874.jpg,35cb9e49c63b8d380a28c9ca10efd2f02a077b44be9e34bc9f94ffde9cf72fac
PublicTest_89784089.jpg,8934800930c42723e341bfbae50e6558ef2e341fee55767de66c3a707ac988d5
PublicTest_89797477.jpg,37c34bca6f845c14089a3b5845dc2fd10a93818e86ce0c2928f14bb0dc638c3f
PublicTest_8979920.jpg,1f40b1e432706969afd8310b1ce06b0d5d0a7b755bae949b3b23f60aef771e65
PublicTest_89806835.jpg,d00189b142c601aea809e8cd529f5f7f2dac488e4510eb9e9674c386d1b8c8b9
PublicTest_89880334.jpg,b0174599ec4a0b7cd283f34ff14024f2740c5087971a6b29874bbf49945d0a8e
PublicTest_89885503.jpg,38eaa857fc034dbc13367686e8a07b7994e30604f03f4007e4613f31ad205ec4
PublicTest_89893238.jpg,5ef167f8bd49b616060ddd65b95741ce83215b7e2ebf3f5e47b2892eca6762e8
PublicTest_89904184.jpg,712fc12162ee8eb04bbbd175592f99fe6c1bce8209ee3190c47e26283b8be7a4
PublicTest_89906957.jpg,8ce0a4497036cd1580786f6c89420eac0ec87909143ce708a2aff8ba443eb46c
PublicTest_89930232.jpg,09e21504fc3cfe560d706519072acb8e27bb55cd1a981e8726b5b5103d5c3687
PublicTest_89937847.jpg,35d05dfc5ce1c44c9bf8856ed9ad3c2dfb93215905779d360675762a9c4e5f05
PublicTest_89957354.jpg,91eeb5b03403b0e74eda5c7d78d57f443d6fa69306eaf1dfdc1916dc75582412
PublicTest_90054059.jpg,264ef14afc540f10525e32faa1d3c85928dcdc8002bd3d6c9d4c24972b385493
PublicTest_9005511.jpg,e84c25bd20ac9868b09906ce4e63c3d71b4c33558ae1970409e3aecf37f0c97d
PublicTest_900626.jpg,b3599961d0a5a4ca58c6e8af73b20dcb490fab18a437cffcf3820c9f5469cf69
PublicTest_90129237.jpg,007d26773720a698bf879375ffbca64e7648a20748afbf58b34332f04f04eb38
PublicTest_90183500.jpg,c313f2c1207224073633ccbf094b9860aeb8ce02187b9672ee82099e1508781d
PublicTest_90195753.jpg,6e55fd595080bfa3f867c2379bead46cbd749cdb1c246e0ec014345eb798bd43
PublicTest_90237200.jpg,688a4b6b8dcb6eca531d7123fdbf60245a03912bd48d2b8fd93776bb30b295c6
PublicTest_90303149.jpg,f4ddac85354fea166ea81c7fed48552cfb52d7550c073fe09a1c272b8e3c3199
PublicTest_90305658.jpg,3f80aa427ebf8bbb6c8bd75ee52febe3d2c5e7f9f22cd831062f61cd241f3616
PublicTest_90322194.jpg,0a524d4fc27079f65188b75fa545efad2f338b442cbd01fcacd275d1748b304d
PublicTest_90324585.jpg,feb9db4e69f2e7cb0c9197b02d8ea9aa43a2d5d339bfe9c6524e5168cbfa57fc
PublicTest_90324891.jpg,9079b41ad3bb7bf6743a60fd12fc516ff561a3b060e55471421cb85f1da19ca3
PublicTest_9034522.jpg,463cc173b4442a508845e5c1d809513441823d1dc8587dc8de0b94fab9aa77d5
PublicTest_90347378.jpg,0aa5a8e51ec6977e84d762283ee2968643d3637b693b358be0e100db553f57c0
PublicTest_90376832.jpg,476c8aa6ed8b0ae312174beb0fecbee8ce3690450b242a8e40d62edb413bcf7c
PublicTest_90376986.jpg,dc272bb1e46d5d9d40369946e2c17445bac91e4159660418a0a17e4152c4f790
PublicTest_90378794.jpg,f292358e96da0898edbe4b9ff33ab81d651291625b96831d8bb9384316e12371
PublicTest_90382483.jpg,17c1d7c53f01f17bc796bac27fb19ed13848f3ae74f2971a822266c4d5f5424b
PublicTest_90402522.jpg,5cb978f1749c29a73ff8b3de494c46341965ed7f67fcc7b9024a5224b337b043
PublicTest_90423571.jpg,fd2cc82af46bf16f57496d4c73b884cfe22c902a4e9a304ee040292ceb0eee77
PublicTest_90433770.jpg,ba4d83eae3b00745b3468da1bb40ffb8fe230e01f20f038152e7a9f1d21413ac
PublicTest_90439656.jpg,9d1fdea1be84f6ec8024815a53bd78bccad0dc467997f84dbbc8c9420109dbb9
PublicTest_90494085.jpg,58f8987db9b493ffd7957d9c604ddd2cdacf034aa28e5055b115b3088a6bacd5
PublicTest_90528183.jpg,6a431cc97f3c62d0beed7c99466c0ff56db185904721ac34e4eca732b54c9e94
PublicTest_90532579.jpg,1f2c95512067774437c0fbc627b54107edc89fc6d83bdfbb302fc2df32cf648d
PublicTest_90606955.jpg,f07c080291b9334391f72302aff3f9f36ffdbc8c662c56c624ad054d272637b7
PublicTest_9076186.jpg,7a65c4a4bcc0dd97fb4531a79ee5af1aa48fd8f9e5c21728aa032c39ef83f457
PublicTest_90836209.jpg,294a36c41029cf82a9aab3e3f71df02cecf6332ad3ac922936309a1ac7e29de2
PublicTest_90837676.jpg,fd143de7b5ef867da8eca7ca86fd00c09870e76ff804c61efaf6fbeb4308e923
PublicTest_9087532.jpg,2eef7e2856b5debeabb99f655e99907fa7491e1b27ec341933ea53c14a1c4330
PublicTest_90878386.jpg,25c89565fab871d1dfdda172cb90b273ff89bc5b09f48ae72c7ee7e9a6500fc4
PublicTest_90902282.jpg,0ae71c7b675658f2e7b572e8e6ea798e7e0cfb9e9f59c9507ef8f15f688fad44
PublicTest_90906370.jpg,afb47b223cfc11768bc1bdb0c938eecf93502c9ff8990d521aded0ba1384061d
PublicTest_90946837.jpg,8004ee83c7406d2da359374c792c8770ea31384ee7f6991ff63922e873d1a16b
PublicTest_90947429.jpg,f3eff984889201b03e0b5a2a45c39d5f4ba4e753af3c9b4ee7287026df78fcdd
PublicTest_90965793.jpg,ebf784923a77a82e453c8b8655b79642814c17cdd22a7eab43d9627208207009
PublicTest_90967377.jpg,cf66d2084ea802d4e7058f04588e0ba6255241edbd8345ddc34f795d000fb245
PublicTest_90974564.jpg,0caf5e077d5900be9a9680ece8222788bb2d42664ffca8c13c25d7f1c41fc079
PublicTest_90974681.jpg,61b5d4270d2a55c7352bda27e92f77bd4f6696eddadd9a2da4ef993ec9361bb2
PublicTest_90994581.jpg,998f81aedd9b2f535eea6bc91ebf331f6afea3dbb049c80c8b831370cba014bb
PublicTest_90998942.jpg,1d6d52360111a451515c0a0d059534ed2108b52f5b285cf1e762283c34f53487
PublicTest_91000842.jpg,4f5f5088f837c2122ede454b3d05481e84aba3cf5882184a234803ddc35bb6c3
PublicTest_91056764.jpg,6199fb7bbb1b251571e72897873507057e2fee984534a6f055b900d62574ef2b
PublicTest_91100624.jpg,6a824b9b383c270cd9c832ba1a362fa47822e22e8ac2751c8ce38a8cf2705344
PublicTest_91117138.jpg,31d5fe2a86e50f2ec6e513f29775ef75256a6fd91123104a1e5118eede0f724c
PublicTest_91128943.jpg,7d04053016cca08fc72733344a56c5599526b78d03a637ff34e4bef3b677baaf
PublicTest_91136739.jpg,3440a4aaa781e71a007c1c19a33ae4f7e54af0327a8a1c2498a1c5011d73a015
PublicTest_91140402.jpg,9794cd7c47a28c12d9f113463219aada6819fb952e033d18c8ead5fa54287c17
PublicTest_9116046.jpg,4b5f38062086a93aa325bb7bbf3bbb020a1b475ebfbeda6c13bb8f7328b49e51
PublicTest_91187876.jpg,296df677333dcbed71137b24e1ec7306339c1812bf40df4038e395bfc7662fcf
PublicTest_91188674.jpg,6ad684a25dfb65a352990b0184ee081b076a9ab539199101a0044c4094570314
PublicTest_91253521.jpg,5f9e9c62ba592b78939a0f3a8c7cd062131f25d751d5ee954b0f9a19b38dc331
PublicTest_91265960.jpg,52b1b313d8b168dc2c3b89c284046bdf9589995593c70ba52fb636c9eb7b1c49
PublicTest_91281486.jpg,ade6832cb903960821eb16611720c857a2dcc7d4fef96d324ea24b93d0268bd0
PublicTest_9129866.jpg,c9281f2956013242723153071758c25b8fc1fecb24d2397432e08b919d70cf00
PublicTest_91311469.jpg,21bc86526449db56bd307b878fead0f3ece2743ed768fa759b7acc10aa8de9f1
PublicTest_91336201.jpg,6120b46ceac63d1eec7424d03665b2c18f71c795e506322a1cfaa95760df586f
PublicTest_91350708.jpg,4e374e5c872be09f80657c607daa07dbc186955ea8d709ca518e362d29c53371
PublicTest_91356883.jpg,73ae4ab42a8885af6d7c436c4ea5612a2527e5355371ea3e9b7036be3f28bdb9
PublicTest_91361027.jpg,2a4b7c680fd8119a54cd3bbb6a70c541eda30614b09e08f412147bce10748d28
PublicTest_9139860.jpg,f74c3c80fd651c6257270be55f8ba58c3e86b5809f3236074af3e37e4cb00964
PublicTest_9140888.jpg,422d33fc80ac02c68248986dbd4562289e3a50e4566d8a8a01390bac728d98ae
PublicTest_91428434.jpg,89baf915d958c8970583307784e624da9a9a9c4c628e10b2396bd36f4bb4e329
PublicTest_91459478.jpg,2434d543e1ba7f187e895198e513201beb1fb6989100de9ed8a30caf21d34a31
PublicTest_9146787.jpg,9f58f88197540fee2d243590b0e8cbd4efb1aa411dd27eaf6342616b373d653c
PublicTest_91470334.jpg,fe088067d8e6b363c517dbc393d1e6ecf83c1607691a6f4873234b192a8c2e4c
PublicTest_91481838.jpg,4c02c6273133da022946ac81c100b27825b9c5e78c19d481277f791b9ba9117e
PublicTest_91502575.jpg,cbf3936440c50c28e81f97ee942af70e93d49c02a96344f225486e517b69b909
PublicTest_91506978.jpg,05b8ca1fab3639d8d60121d10981c807d9c3619ed5d7958ea364cfb7f271dc41
PublicTest_91510448.jpg,79d0f67ebede1ee3e033a38a843b42f2ab80a79dd603d80e3496ea3f18f21104
PublicTest_91525394.jpg,e5c3c608ff108f0dd2b71a1f18546f296e40959554a761288c403c7da14eee1f
PublicTest_9155884.jpg,af7678aeb27e55e66c3ac89fbb68d514cdee9c29b84320432bd274ac3c65e705
PublicTest_91577571.jpg,7a46f77934f1b8d5d9a2def0a813031d1dd394d20580db86540ccc49d110cbe2
PublicTest_91585163.jpg,fcbb7b8e6dfe6aa324290ca653518e9ac9674a2a19c1cdd659d798925ddf321b
PublicTest_91606029.jpg,97878c69cd712386613a77ba227d99b5cfdf5d1f4dad961168821636a711bfd8
PublicTest_91632302.jpg,58858a6ff6205aa6059f8e30bae40c2ad4f86f8ff8fc387fd728a7b180d15522
PublicTest_91641830.jpg,271adf9d9e42dd51b4e1963346f15245df2f43d0870e6c59220c392da0e2a30e
PublicTest_91750793.jpg,476681761e6bdbc52cc50f8c91fec18c0a9c4dfaa1449c24ff24bf33c2fdf3a6
PublicTest_91755638.jpg,20d59477e141dba7f795fec8ee0254018baca6839f46090178e4c775c49fb9fd
PublicTest_91778170.jpg,c74fef9bf268b4f2fc1347b2c1f4a7a82d20b60399b0fc7816dff136f7d2df5d
PublicTest_91780905.jpg,2b70a1a6b3d080a634b92b12ef0ce63a5f0d5f85da0ef308fdbe5cb977014810
PublicTest_91832148.jpg,f219739da0ae2f890de0fd4d0ba2ead105efeef6e0583c4f28fd3b462a896043
PublicTest_91836372.jpg,f82c5f02cff4be1e715b2ba1b579f18ae07efa2fdda67cc8ed233c4caf03fd18
PublicTest_91839163.jpg,40a31f6e7c683f16e6950059a14eb068caaddd436292e8a5014e7596178c8b19
PublicTest_91846620.jpg,4042a710b4214ed8c33cdb52b9d667f799746a34952418b6f5d1a3b20fbae03d
PublicTest_91860499.jpg,18f2784d5fc2b29cddd669b1674fdf12cdb88326a551d2ba8c00c4fbe40bb124
PublicTest_91865460.jpg,77bbd56fb5906e5c05174c6b6e77ed3c8ca1299bae74b89d1e544f966fa01ed4
PublicTest_91907125.jpg,88da1d2d108fc2aaad3f4369a3438217ab643f8b1c783cad5176d7e37fb1a2cb
PublicTest_91909656.jpg,38c88aaf533b24682528009ff2c71eb488d234f097cb513b2e7421a7719e6f6f
PublicTest_91929864.jpg,1b0bfbcacab6d89623d131044eac9bb6522ae54ed14a33455312d013384142e2
PublicTest_91989040.jpg,d3bd0a87ca337f0c0b1f3a72a353ac0090a19c36827c9e6d4a2bdbe85937f102
PublicTest_92013759.jpg,f47516043c372b58e705b3ccc2cefe671bedb11793e3f188aecb6f73604a0d0d
PublicTest_92046854.jpg,bd10c1648fa58ea98c9ecec10c9a343d4a94a526943dfebdbf4dc0b097cc43c4
PublicTest_92063997.jpg,dd4d391c0c4e71ee26c306bdb0f136960e0356e75ed034333da679d11431c807
PublicTest_92086904.jpg,791f2c19757678ca45fcdcdf43c647f8479baeb7d9397719a1376ff5a913736f
PublicTest_92089924.jpg,ebb08d743307d6a592570b522c94d1d65df72e23ddc5d88ad9a465261745dbb9
PublicTest_92106280.jpg,eb6be489c02dfd32d450625b16fb45400541d3ecd8e8f77a7128dbdbf257ec22
PublicTest_9211328.jpg,80eaac47caa31178d23e476e29d31f5c37e875a6adf2d91aef79b68c9910722d
PublicTest_92150074.jpg,5c688484d315263ec274f23a817b9a36f795330addb9c32dce98d99b444b8049
PublicTest_92163287.jpg,cec392805d4422217df19b5cd76e98ff7b09b2ac07ae0dc14559a8bfce5804ba
PublicTest_92242142.jpg,afe29c3f11e407c72738d1cdd0afcd84a11443bdc4ef4ecb35288a3b400e0ca7
PublicTest_92255463.jpg,fb8cff1830fc1b04c4c2353832dc110fa6d97feb27c9c26e60e3deb4bfb2122b
PublicTest_9227570.jpg,56e0f47f486a2280414c0c92bbe958523fc8673c09998bc6a9acf27ff8d9a7ff
PublicTest_92470782.jpg,63b94907053f2005482cccb8a06485a5c66eef3e029dfd3040bceba066914780
PublicTest_92475886.jpg,039ca3cde1a3e18dfa8ed0aabb7d7f8ee59fe71fd77bc35e6403b7b4cb6a41fd
PublicTest_92484279.jpg,3731677bc597c888e5b6f252af3e7689e655bf4a529033102cfce37ec1201d0c
PublicTest_92513002.jpg,72de994390c064596851a3d9bda90524c4fe96f081ba45f311d958ed5fd8cf9e
PublicTest_92531956.jpg,912b20ee8c9ce0fad2f827b4c2ae72f00bffce0cf23dddb7ca94104330992680
PublicTest_92576393.jpg,8627470cc91bccacc232b477f69630540c419ac0a03ae959c712232b56972462
PublicTest_92653992.jpg,c3f6757bcdd475491ee429c15505a98936f1f1c038c16df29775842d31ac23dd
PublicTest_92682266.jpg,b9ba1f76075a60b6e27f35a4b87a7f70b6007a95bc82be5ecba84a46cb4a521e
PublicTest_92759294.jpg,91fe64934fda3c75edb54006192123afd4a684686f13fd07db8e2e77710771a9
PublicTest_92784039.jpg,bf7aa8ca501c34c0482f0615c55654476a53032291f40adfcf81379505238c30
PublicTest_92799343.jpg,f0fe70f11ae64cd57b01f6d7fc5b5f359e24a99b54f10ad001ffe88a1fbec79c
PublicTest_92862287.jpg,70173a36420832067d322b27b7ba73f293d6b12a0e45c5f1b628619aef4dd89b
PublicTest_92867331.jpg,c5f7c3685bf47cdc96c99a5a95315e4f220211b66005098f8aa7cac56e7309f1
PublicTest_92911055.jpg,ff3f9ac829d8e7ca54b4f79b1264df5c3172ef8e43982da662b54d734a28688a
PublicTest_92936239.jpg,9f6e41eceba5afecc2cb22abba66d3d77d18003b2afaf761f5eb9e4bede81797
PublicTest_92956265.jpg,6006627fd12d3238ec31d764109de0c6f690b6c56ee85eb5d815572fb3f05579
PublicTest_93035101.jpg,d87d791ba130b8b9c0981fa75ba5f72ab710729c9d7d5da6dd0c217d05572e1a
PublicTest_93051514.jpg,fffd9302b3c49a434880e97ce93feeaa7fa3afb5dea79163f7eb43659c8de7ac
PublicTest_93102383.jpg,422f350e4de7a224cb8044cdddaba19bca7a56846f527e84b459a0308a74b9a5
PublicTest_93125933.jpg,7bd64aca9021255f0a6e6dfed7b56813c4fe73a3ec00534b7ffde31f0d20f2c0
PublicTest_93184422.jpg,6cfc9ce49ebe86ff4dca0948927237dd924732423f8add4b2a0ca841b47905d9
PublicTest_93211854.jpg,25ae28e929d7926d0c486e56b67dde74fed56b0703113ad7c458420f521faa4f
PublicTest_93238047.jpg,bf960775da4aae32d6b5139ae1d116a51d97fcfdde4ac069517e1bd4c845049d
PublicTest_93250546.jpg,970623cf330045054165f710665d5b2d03e0ccb983fbd3926c5edbbc9b8027a8
PublicTest_93279355.jpg,f917dc064b3955091ed9610d97526cf642297a0253ca5430305fc11bbc0bc6cc
PublicTest_93288973.jpg,df1e192bd996d636718c2d4423ad5f67dc80d57a16489f7f9c417b2f27a4be1f
PublicTest_93296642.jpg,ffc0ad348412cc407faba460dc6acf062be15c5551c6298d0c72e80e5f8b8ce3
PublicTest_93325661.jpg,c1220d7a9dae2d00822243da42a522a3aaa7d0c4f2ebe3730c0ec7d79b1fa262
PublicTest_93328347.jpg,1252d22bad4a432967876f8c24d617452f4243181ce7c6c5bbd0b6590b7f8e59
PublicTest_93332316.jpg,c4ea5ea33f33d3688ac0cf09fa4a073eccebeb4d02ebef9e189d7715644dd351
PublicTest_93381782.jpg,56c13b3034db4fa5eadae880d9933d36c040f47ed287566f1d3fbdcc70d41bfd
PublicTest_93391116.jpg,fd9fe80158ab4e40cd8cf17b80b3f2ccfa7965d3999dd7387c834ae68ad6b326
PublicTest_9341193.jpg,03414a81756c10cc278214e69a105d2e6838f631884b40470f703aeee5459e95
PublicTest_93462303.jpg,ad0eeab9425215bcd21dd7880cd18ce695080cddd6e9008e376acd9b4a8e2855
PublicTest_93473885.jpg,339602cb2491d1335094ad0433ed821bd4979fc6039ed1df743500ff6765b93c
PublicTest_93474083.jpg,f9657bcac460d0a467a02fc7a35cc0027286499a4d7f3095c5864aa3f965055c
PublicTest_93480805.jpg,a655eb9bc60da0aaf8e5ffde3e67cb33215e5e51a89349cdf8d1350961242686
PublicTest_93505568.jpg,0edcc008e25381f0ef581ae9c7c4b3f26634565d17f438e40bfc6bbcf1dc62e9
PublicTest_93506663.jpg,31e52f9e5b7786001aa73a2a537a4291982460dddc988c1a3cd4a42b9475a4e8
PublicTest_93513913.jpg,4293ab317d4e0d2cc90c37ae895862e36df55ecea5f03e721431f8529b1b930a
PublicTest_93519587.jpg,2cc6aab606e19838e3a3f2eae6357980d2e7055dece419e1d17a8f81f57572fe
PublicTest_9355068.jpg,c78aa29d9c86653d8f5559b616b1adc725f927761e1472e729b333de20487c2a
PublicTest_93552353.jpg,a6687058a8b8f6720afa04d759f51aa8cc5507cfa0707a8afc9c3f161c0801ef
PublicTest_93558553.jpg,e9a8d7016e4b0e68f54023668a3dd23275cfaf7fad35c1ef75a0082be2f6a0f0
PublicTest_93593490.jpg,c49d16a8c3fcca67424a07a4378b89a53972154aef79189ac10608008a91b4c4
PublicTest_93615155.jpg,fdd3746eb58764c1f88286a55186080f25fcb2114da8d373e467712d5ada87b0
PublicTest_93645615.jpg,fec30cc842c0c8b4f7f201dea4734bad5a8f25ff80869eaa568f1c2c8dfa1952
PublicTest_93658944.jpg,c0edf89442e99b94a1d28e448202f2981e5acfbe7e79fe57d65a0b8a8dc41cf1
PublicTest_93669392.jpg,6db3ec0f12622e0316114a09cfab04eee54f9a1af98f63692b67eae7b952f9bc
PublicTest_93678137.jpg,258c8a34d3ddf4d91e3917faddfe0b5f19ccea2fe3e81e030e661c98de8f5f23
PublicTest_93687979.jpg,84e812599bdc90c788f9bcd0ee4d8f22c3134a7aeb9824954232d325c557ca31
PublicTest_93710701.jpg,f0a81be742b187c2568c3aabf02f0d8fac404557bbada1511f63a0a559eb34a8
PublicTest_93717101.jpg,678229abf62db8a2547f6dfb67fed3560a73872c7aa509e4313f6e2fbd5797ad
PublicTest_93737590.jpg,ec89d237ae18bcbdb783a909900ac1d50acaddbf14051fbef5dc5dac11950913
PublicTest_93745195.jpg,4e2a90e79ffde7879d0c57fd0e7e1514d5b2b69d01047c2ba879a29e3ff36640
PublicTest_93745770.jpg,cd846229df06d25a16673b2a0543dab06ef27ba94701355c63de5df101766720
PublicTest_93746530.jpg,cf43df4b336cc7d76379e4b51ba31842aafe8b6cd8cf456cdeed6895ec23ddef
PublicTest_93750598.jpg,a9543f14b097d83f9b3df2585d2fb61a159262911961773ba2b2ca1e6884400c
PublicTest_93755857.jpg,16c65342b5d60116d1c09a729374c472385c124dd9d5bacced7cddc0a6973552
PublicTest_93759800.jpg,c190a4f740b480ff199b25fde70e274fd5e563e237199d7c88449450cbe1b1d7
PublicTest_93768797.jpg,64a826e2073ad6eaf0378953bad2bff262c2a23006211d27a19118bfb42ab055
PublicTest_93770616.jpg,bdf6522c6a7d4fce416aa652a46a88ddb17d52aefdee8af57cd657c0d5bcc122
PublicTest_93816871.jpg,4c6228cfccf060d6353c97c2e9433c87ba746774a893837c844080d89911cb36
PublicTest_93824954.jpg,82013b7827ac04af1c26aec18a34e1b25c3f92bf1a2109c331e86842ad17cfc8
PublicTest_93843813.jpg,1916543afc2c1ebfa309fa7e2beacc55c12d0605a7c56df602ea6972b159f580
PublicTest_9386651.jpg,af11724afa5084ba0f22bd4b0892a1e1217698319c2beb50a8489188c68c48ec
PublicTest_93901885.jpg,3de28ab1591a55945ac262748d8eb1f94337f67b825f0226be609afc5a79fbdb
PublicTest_93950999.jpg,e16e18d4c280b2bd356c01e0945d5b72a2360c33a3c8f008388becea44602187
PublicTest_93955309.jpg,e020693ba1f7ec13078a071e4ef8b5a48f510209592656738bf987fe3c591cf7
PublicTest_93971981.jpg,0d3a8414e0431e45a32f44a210b5cf732b9785fe3e350095c05498fb22025af8
PublicTest_939823.jpg,51db01f74f0b96d186a6043ba5e1d32f1e97ee1d4561d35f4cf38c124f803e51
PublicTest_94013187.jpg,80c69f202e73b4349f391245a2c42f33d3ff248d3c563cc67d7580f5ddc14b29
PublicTest_94047538.jpg,0b3fb1b6b1f3a91b85d1bee16f743a5bf25a88563a59fb8c8cd4f9cb68e160ae
PublicTest_94109989.jpg,281da0df73cae0210648f42ec1f08aec8e7f643c2391e9911eb360f39a795aef
PublicTest_94139578.jpg,8b5aae646c254e27e5dd1ae782d081bc292e106bc43ca3f41d1f855ba1e459b4
PublicTest_94143318.jpg,5234fd85d81b544f8d39d335e3e345716f2b3447e6eb11918a1529ac2ce2ffb6
PublicTest_94143737.jpg,0d2eb8e8258ffd4b7ca7943e112430b2579f6a7ec5d459243471eba96175abf8
PublicTest_94171660.jpg,3e4ebedd8f7b46e4988eaf9566dba0e7781af680fb92b4b1df01e6c84a40e789
PublicTest_94212648.jpg,753a2fb9189962d79d64fd6a9830a673d2f8eac36d95aebe02d1fe034ac5146e
PublicTest_94232097.jpg,e166f327ac5ae2184c5d056b648e6f135fb9842df4d1089a4257f41f8ee6aa43
PublicTest_9423754.jpg,13f24be35b554adfc8c504e2b71de644cadc1e833b30f882a3061101c318caba
PublicTest_94263273.jpg,e77bf7e708845a406c33ca0d8dab8d47ff027f66b6be68e1d677b36f8f52b4e0
PublicTest_94285787.jpg,dd639211c8cc8d8e7db801918d7675a27bdb0bd19510ce9b10addbeb22b799d0
PublicTest_94303398.jpg,57269ea3392a3dc6d30b334294cd1dcc9c1dd2909d0b998950273d1a84a7d1ac
PublicTest_94354114.jpg,5ac74d2b4a01bc352765d1d4d15f0977141c3b4615d03b33e74fcf336e99a8a1
PublicTest_94393386.jpg,5132c1730f46b758b4caaea11424b407161936628df6dd37cf1b5b454762dfa8
PublicTest_94395126.jpg,208de0b6d83b58246c097eb99cf312301a1126ba6f310ead9ccf35f27ada3220
PublicTest_94398836.jpg,209cdf5b00ff08598fd5826166ac0d7bab9811545cf6b30ad3167e7e39edd42d
PublicTest_94398991.jpg,b0ae4b6d2dc9a30b3a4a714287beff75dcd2236774242849f16dd921571dee6f
PublicTest_94411811.jpg,60c1a0bd73f6a83fe876729d9ed258436f5eb5c632599ef3fbf8b7ec945f00b4
PublicTest_94416517.jpg,c13ef53a2f7c23f8638ac424221b1e1ba0c45538234842df9d57b0c8b5a8a817
PublicTest_9442610.jpg,2fe8b65b86cc40713bfda1782d61a07a9bb39fb3bcdb27986fc4cb91952d2303
PublicTest_94454233.jpg,f5aa920155983c7d7160adeedb6239cf53e92aef256e0b2c3b8749be69dbe17c
PublicTest_94559519.jpg,57cd6c2cd41d75423e6d8cc4fdd81e50d8ce18ec98f940d6381bcbca436f4fe2
PublicTest_94585791.jpg,9f3775759445a7823452bcf576f390896f21598377b2c250e8bfb574a55e6602
PublicTest_94615966.jpg,8db6adbfe9a87048e679d176f7ac6683caba8f3e2e252dde10d4e7d21eae753a
PublicTest_94624784.jpg,bb499e4b8013bb749437118139a015dfab93fb398ca7677185bfd4cd56000478
PublicTest_94626374.jpg,4c7d82b19bf75603a33797bbda163fcb3ee87904d45063620d53183ddc25471e
PublicTest_94628526.jpg,9de8ae0832e70b595bb96209a02e768da6a93062a26537796296d244c0beeebd
PublicTest_94706825.jpg,b724ea660d54a9ce040390f23a0e4d366606c9efd57d5235af195c4b8f6e4ba9
PublicTest_94771272.jpg,cc7ca6df7a5f1828609357480767a69ca635a6b1b0abf0b5f6e4f7c48f328277
PublicTest_94796042.jpg,82ecc30b2d61e1c58b6294dcea673589f37ff09568ec8fcf95620bb19a21afb1
PublicTest_94818493.jpg,5126a9f8efcd03bddd519f5526cfe9a02dc24d02735da6edb85e34bfdf771f14
PublicTest_94819790.jpg,af67d9a649d2693e125615510e0f6880caa376482658f597bd069593d312d047
PublicTest_94828377.jpg,a03200b655f04339bf1ba5922483b779bb592f0d16ef7a377e99bf4bb462b686
PublicTest_94841947.jpg,04873093fd8f81e3e9286febb390aff372098131674d51c0f60d38abfd4d73f8
PublicTest_94855961.jpg,1cc60e1c26fcbf552e6df8eaada738663fd5a85ca8503910b8d6468a8306529d
PublicTest_94872045.jpg,5bd02f1435449d22bafdcc2ce97ea5cbb7dd119c2021d3d6fb4e396f1917a251
PublicTest_948908.jpg,e0667ade6a932bacf688b50f1b288a049569610ea17172874e057914e8e54873
PublicTest_94892531.jpg,2f3d53c1b196a3ab7275844ea299d2a50203d2609075991426f8a5c7efa0ef40
PublicTest_94893.jpg,9f8f63cb56bc60f48e68e67ad5416af4aa9d692897c6060dad1079e3b6f2dfce
PublicTest_94935984.jpg,cb3af563c914d5d765f8027d684a6bb2af20611f47a2c7e0105efd2d54b717cc
PublicTest_94948547.jpg,460022e091229c8da57ef5f39d65681e4266362976f2e43d8d26999f5529b047
PublicTest_94956892.jpg,269871cc07818c2adbf78ae770072d5f0f69df190fb2bd171d968e78514ec335
PublicTest_94957156.jpg,ea983a029fa959ba2f462e5aa9b0a15aee05f324576381b13362b912f2b45ac0
PublicTest_94958028.jpg,1b6db97648d822a59d6aa9e6c266a20b1733a295ee2511a918f227ee8b44b2f0
PublicTest_9497867.jpg,c6d4e5b2e791f5ad6212f43e5e012642cf6c784cef6a3e685420da2b97d4f1ae
PublicTest_94978869.jpg,5502ef09071cfa18000f6756db08c59387a513891ca4cac7202ed00e842c13c8
PublicTest_94992549.jpg,0614baacdf19454cc0c07a40ed4ee90a68e789e612192973bb7344a230f4db4b
PublicTest_95011486.jpg,2fc2ea26a6661f97f3466f75e9344a553143862e99656ebde4005cc4f60935c4
PublicTest_95014094.jpg,c4f491417917e3e34166f83a3803ee65628ac19bd0c3a52ae5703f3e5d134bbd
PublicTest_95036842.jpg,9cdefb897f952cb0ce156649d215e61f6b0ebd2c892e9f389e509a1f36ee365c
PublicTest_95058441.jpg,df5f7925454c0a0c1e6460ed79cc0e8375c51cacf8271f11ec8067e70ee5b091
PublicTest_9506885.jpg,0a31b6f2ff1ebe5e2d5fe16b357b40dea119a2e2836ee9b9693908444c8dc6c2
PublicTest_95083562.jpg,f6557bb83918b6be3dac3acc0b29e90bedaebe3ae61ac06e0636ecf90d51b5de
PublicTest_95102468.jpg,8bcbdd8a4d4e4e0922ed91832473452abd065731f948fdb7b8c299302411ec52
PublicTest_95136467.jpg,5f6468ae62095d59db8dc5ab7b1d692cb9b9cd0a2742f1ea2ee66a80cb1f901e
PublicTest_95143929.jpg,1b504b675147acb6fb91eb207fc2e9e9d2b3b14503b0a78673474e9891cdb88a
PublicTest_95223919.jpg,1b210051359a3d8c34c8466c4710d2fb11a8f526f440438d482f9e0a773600a9
PublicTest_95240185.jpg,8a8a875bf933d7d1a2d2c6e281424f7972537cd4c7ef0eb0d993f981e07a38c0
PublicTest_95266818.jpg,fa4f8f7b40f65ed50cf7bd94c81142024470de28288d28862307efdaec959a60
PublicTest_95365921.jpg,38ffc05008edc3fc4902bc0bd48b658fe2f4907cc9bc29d5ddd9550c73aba303
PublicTest_9537841.jpg,02b0e3f87b6151d26a626922c507b5f1b357dd12ab39513d19cabcc6c9c2a465
PublicTest_95434594.jpg,58411cb3c00215e174c5868c23fa1e54aa64ec1f88564c51dc156a8859cb2369
PublicTest_95508061.jpg,0a708050f27ceccabbad7eac9353c84104a6e86e34da4f83823f2ad4a1bfc27d
PublicTest_95544149.jpg,161265b6270f1c9d3a9704f589f25a2ad7d4bba9f7f74d7984bd572f48743d1c
PublicTest_95548862.jpg,338f6f59386558d93ee5426554e94ad02605d1d24bec1b3556e00491fa48f839
PublicTest_95568842.jpg,7085b9181b8dd714d957c11d069dc7240c7e05ac6e72115794e6c47f935d9140
PublicTest_95575433.jpg,d0ea99d97fbbf4f85fed922a4c12b72ea8bd14304e25dfcbdbc78dffd38647c9
PublicTest_95585614.jpg,31abbc4e60b52ba2365bfd217bd1a6c2a1fa4a14cd2dca74473b6b5b41dd1a96
PublicTest_95604418.jpg,70838063207d8d668e6f2d7d14ce658f340cfe08c511a6e7f3e4882a3d0a41c1
PublicTest_95625709.jpg,818c98dee7634f544f84410718bf35fc2e10efe284c62c474528ec79e13a142c
PublicTest_95720350.jpg,183bcbf48a1e260d763c17934402e73405dedb5cc1bad1ed370e1f24519a5990
PublicTest_95794164.jpg,a1785b201882aa6bea0923978d3026a2fad5982727fd1694492afe7d27d65589
PublicTest_95798581.jpg,e2fa95d0a4cb5b96af59e9a0c9bf36e5730f060df5a58ae0f21fb539715c6898
PublicTest_95801034.jpg,e6eef79aaf4a7adc207563be401609b6b8fc6b91a32fbbe46d0c5a82a49c7221
PublicTest_95823660.jpg,442230ea318aab344d581c3c66a1b95f217a84969ea544b67216368b1e8a1ad1
PublicTest_95830682.jpg,c86a3a7c523cd4d0a61b0be2760415f4e66ab2f2018cdd9668bf0f733651a6fa
PublicTest_95840432.jpg,c1344120915d077e256aedab71a99c8115fdcb6f405336b7bcdef05f522e4ab9
PublicTest_95854318.jpg,eb3ac04037bad954388aa93df74a531541116cdc5bdf0dd4b93985dcbd265546
PublicTest_95903779.jpg,ec88b65b8593061011c3668db762eea55e3082b25e165effcf6588d30b2ed271
PublicTest_95963284.jpg,a04921d65e05241185f8a393b60d1f3c271cdd280a103c6d308402ed5cb1331a
PublicTest_95967292.jpg,8f09b417cbcab9af93401811ea1682aa3d1b65e660e82b19d71bcdb7054e83e4
PublicTest_95993464.jpg,dabe045ff87aeba0e1e3288e4feeb2c9ed4df1204a09435bb62f6e9a7cbeb09c
PublicTest_96013755.jpg,eb9a69212884e28fcf1929abeb0bf35d104ce7e53e9efd03337f9205fdb8884b
PublicTest_96057304.jpg,56ae0a1b7ae3341a9a44f96fef670d195c0791525f908cd6e918a7fa1ef1be6a
PublicTest_96081587.jpg,d386939b83370a23a3d11016f298277f17a127d56f829b36cf12da5f1e8f36e0
PublicTest_96104154.jpg,281263a8c710f665ba8b8e8ffde4af7d85878a71fe3e2e3c8f52520857ce019b
PublicTest_96155978.jpg,71f0ce10535033d9db34c5362a5824c180efb7613f75d01bd88588f413f7bd04
PublicTest_96161493.jpg,fc90fc94922b8997f1b705feab932ecdb54002f6721d9f32b36ee90e07f411df
PublicTest_96171452.jpg,ae1d5fa560ca11bf64750ef4f8cb16862391c895c42506a65ce22660ed07734c
PublicTest_9617686.jpg,65ae5b78db8c7a1c675a0b8f106c3130e743fbaa142f9a1ccf60025a19f4bdb4
PublicTest_96199564.jpg,2367efe234519be8432730d3bb1432edb234e87e784815d28a230000e56af66d
PublicTest_96234770.jpg,bbb69e56938fda271790b3a181b65988abd3f6fb24cce4df58212dbd2b300d42
PublicTest_96278259.jpg,f11603e631f86416b1c0f0c2bcc6c3f63351a83f75e70ec1ca33f91cab643299
PublicTest_96283626.jpg,2ce582753edf6d4691506ca296f70a4e840743fe55517b6058d1adb3019eab42
PublicTest_96284197.jpg,0244b61433c59098bb9f6a756490f101c05286c6504994f18d422be5cf206fd6
PublicTest_96291546.jpg,5e9d6b46a1e4b814310ebe927c97337783ad2d11fde4486164e06aa66d5ebd4c
PublicTest_96319460.jpg,5781959dbdf91d015d527d57951344243c81af098d25c80a018532574e9deb8f
PublicTest_96323579.jpg,cfea027604aa9e00c66c3f801006ea1fa7e59ef35f063d879798e0aa12d194fe
PublicTest_96323620.jpg,e0d97b4c6afc228cca126a59fd438aa3f0fe8843c3baf851eaf9126be20553f7
PublicTest_96351143.jpg,38f8ca45e779a77a3990b6f280565655e1d030cf8df5ac805c817d18083b5470
PublicTest_96375410.jpg,58b2f4dc767d612d6e7cbeb28b97bb771124f7811c61f4f74d6cefd63e9d405e
PublicTest_96387819.jpg,a0fa898da20f364731a3f042c4916983c4fa4315cb5d43e626e8d80918fcc8ec
PublicTest_96393091.jpg,587a1e76a765716d5367643a32061a3e434eeb88e3fc1c0e8c8869e3078bed11
PublicTest_96402798.jpg,7e0d17cb12322d170d4177ad939fad9f4c0fadcd0f735078d882fdcb613a98b2
PublicTest_96527788.jpg,279e3a5fdc1767b07037b8b38f50f42f431860514ef3da4a9cfd03b08954ad63
PublicTest_96538817.jpg,29dd6021e5e62d9652f10a77c5e520abf1ed0649a3d307eb26179b4dc7f00bca
PublicTest_96542087.jpg,caad270a6034e51016471ad2429b2eb468faaa51574eb3e61b9cb03a1cd0dae9
PublicTest_96556647.jpg,078a45289a4fd2a5c7be91ade1ade8593744136660c29f4eef8611f13e99e632
PublicTest_9655665.jpg,b7f2453c1dbb234e29fe0e98f9024ea4e747874922a5ef490953b428393b910f
PublicTest_96557391.jpg,d10abe9113cf9f357ef498537d40e2cf93cbe925bdcfa98f6b7a85c3fa5db841
PublicTest_9659355.jpg,8e7474a04d4e50ad4adfc82085ec4bfe58d8102f8451a61f21fa8d159f9dfa68
PublicTest_96594744.jpg,315b9eaca680f4bb696cb0bcc1b66c6c3a933fe9539a05dc30d3d593ca37341b
PublicTest_96596476.jpg,c33d16a25b5204d2423ffe8c536887d2a4ea1c444158f52c0acb39f8df38c7da
PublicTest_96621578.jpg,9affad8e97435db2c24ef94902bfa1216597c0cebe8439b3c0054bdfd7c73d65
PublicTest_96632078.jpg,23910fdfdd8bbc9bc79118796d96c5c8d26145eb7aa0b976d64a7e0baec452c1
PublicTest_96673755.jpg,ecfa75a85025c4994388bc82a6b40ed24a95ed47a48a279a918c70e1d8d49c05
PublicTest_9671825.jpg,07882bd11564f19df4123becc0f715fc27d879f870994c5f4b77f0fcee388d22
PublicTest_96718734.jpg,661bca1c6c7da8a84149899202eb977379d875a9e40660df3b2ba17ada4b2eb5
PublicTest_96736762.jpg,2c2e2d855e3c2736b4c2925a0da808992e46782a6fc1077be273612bbe15a016
PublicTest_9675198.jpg,e944a167280a0acd92a7eadefaaf31b11d3cdb74af743f77b417df8961281bca
PublicTest_96797506.jpg,7dbc2bdef5db9ef143660cc17c962786a0fd3d393ab2cf1687df8cc893f7fa63
PublicTest_96804574.jpg,7b494a058742d40db252b89f5fb9b14757e065ff00519eabff531462d53ba7b8
PublicTest_96829183.jpg,0176dd5da9a9894e4a14d0373bafdf204e45ebda2aaf21b19c6b3543ab32d311
PublicTest_96833924.jpg,d3d26b9d42bc9030300557c8b6b0f448fc144510a3492dd657fcde68624d1cf6
PublicTest_96895780.jpg,1eadec7f0dc69635456354e256fbd94a7e1237dde0e17a6beeca2db94c0d24b5
PublicTest_96920832.jpg,4c9a4aa59277bc9651e819e886e385360316fcbd92ece4bee4b72b9dddd9a59f
PublicTest_9695987.jpg,4b5b91abf7b114b2ca12ecf65fe05d37cd31c8b963bb7fe35baeacd9e4d2e1ea
PublicTest_96979522.jpg,901c2204b874c89ec81b749876b01c9410a058cca74042fec7f25dbd9e88fc34
PublicTest_97009196.jpg,3dc8e35c0ebb5e2cc82f0f946a83af736edd8645683f3c87de50d8fd2dda0b8f
PublicTest_97013386.jpg,c46192b06f7ccde09ed2bcd51df01cf399d22b096dd956b7435617159927bfa5
PublicTest_9704928.jpg,013d60544f40c07f98fe1ce2e7f8e2ee04646b1290432499ced4ff5e958399dd
PublicTest_97098619.jpg,0ba179cfcfbc4b5ff34ffaa4ecb306fd9a7c7a30560735e40cddb99c890bb874
PublicTest_97108933.jpg,ccad31dc9c8d77fb4d207ad79760e640591c9dfbe1f4cd5311d4dc41fd6a7d99
PublicTest_97144802.jpg,766504435b2841538b2124219b7542b397eec45850df63e45d8c150bd5426c47
PublicTest_97150877.jpg,29e2cde7f63655c1206f365f6866c4428ccb32cc726fa4579a6a73bff14314e4
PublicTest_9715467.jpg,218b29b2e37e0c8cbc418f9ce30419ed57bee966c1945de7ab3b046e2e06d7e5
PublicTest_97161581.jpg,ae06de30e8dd9b6c0d6e9415d04f934f090e59a484b1b8c7f0576b7a72841a1b
PublicTest_97173493.jpg,cea985d7733df4dd6e761d0bf67e888e3928f481c158c28915402f74efc0ad18
PublicTest_97223667.jpg,b7486016b5ae2459513cc7e37ed029884b095b473dc54d021b503002aab8a30d
PublicTest_97262221.jpg,769ef7cdfda9897ccd3651408c55742ff7b344c515b433acf53585a3ca826e7c
PublicTest_97265242.jpg,63144a51fc1ae30fb700883e5ebda602b202217ef28e77032f04f5e72e635233
PublicTest_9727119.jpg,4f9a164e52f21a05503f44e02d801020263d230ce5c97a3604256b08fc746b8e
PublicTest_97271462.jpg,dd90cc214bd4cb3a149d146b02e7a3cd26e744f805b4d30a7b98b53515107619
PublicTest_97282682.jpg,d96151ecd60e3275031a279695987b237c9d39baf1f08b32cd485f885681561c
PublicTest_97293623.jpg,d1822773d3ae0e3632d0fd6478c38360da22b2d13abfc76da45b0f185f994f13
PublicTest_97297069.jpg,66727ac6e95cfaa712a870647e58c12ed058000ff853c4193c0a71478151ef3f
PublicTest_97307607.jpg,d789796cad98f03fc8697e9e02866f9ae0bba81f26095266c1fb4a58ac3f18c5
PublicTest_97376000.jpg,17d96a1205a88e2ec3adc37b4074ea83093ef8cef28435c01177555f8983093a
PublicTest_97409597.jpg,84caccb7b885808f54ab83fc968c80d49f54130f37accc7e87708f7deccb459a
PublicTest_97423923.jpg,f227b95cac5d216b51e7eebaa320a7804ec71349adc3d76b4bc3a425343238f6
PublicTest_97426469.jpg,568a9fecd20401844d34a2625fb8db8fd8d91348c84eb49a318f30d09c63fd46
PublicTest_97429032.jpg,ebc46e46404e0b6a2aceba074a558718e3465f9bee2668d4fabc7950be5c2bf4
PublicTest_97435785.jpg,8163e292b70e47cbee1b6428bf52974410d2ef041a36308b90c575b75d3124df
PublicTest_97469237.jpg,9d1209b7ec9784f86cfd9ddb2a22595a2905eb8cd7941377179f13feae3ffa90
PublicTest_97476336.jpg,ce745e98c188ef5c9e4519b199709282a9c8a18d7ce50c074ce460dfcddb8a93
PublicTest_9748046.jpg,83a38745682e1a905bf4119067cb3543dfdb1359c89e4389d39a758e95b2132a
PublicTest_97520714.jpg,336f7c75445eaee10d0469cb7311bac9786128fccaf5081f713978a5163baa8e
PublicTest_97525707.jpg,522c703e3ef146dc2370043a073bed409e45d3d3145de469aa08bde4f4e2fcc9
PublicTest_97536839.jpg,072add7b665f53df0ce3307a2d51f3e647da97fd46935af871023eccfb74163d
PublicTest_97542823.jpg,bd72565effbbe9afb12b6fbff4ae4643a425fcbdb9979c6546de6f5552b90899
PublicTest_97566169.jpg,a2acbfafd389a583778c1ba0edc619946caeac74691158f84358687fdf446982
PublicTest_9757705.jpg,a99c840ec48b74b4bf1b80dc0c45e6c741c1e601d5d0319512dd28df4e7f53e2
PublicTest_97580990.jpg,a043a63d5922dae26c6257f700b26aec7a51c4cd0993222fbadf949dd62c3871
PublicTest_97618815.jpg,c0e3413982f2d3088808aac7f693cf1e0761a2c55ff426cda7b85c7e4a05b3b9
PublicTest_97661985.jpg,1f2465614b9393da9139df8f34acfc961577da94cbf9d2ee7719722941ee8975
PublicTest_97705445.jpg,98b30cf189e497227bf08646ae9dadc2f3899c45ef1796c467e79b0b838b5d86
PublicTest_977248.jpg,317dc611c3455765adccd88740279ea389bf5ced942e9efed0cd81ae9c78ab32
PublicTest_97727923.jpg,95671226ff353bcdcec3f87a6fb65562b664df896c977136ac7d282cb6ea2495
PublicTest_97750311.jpg,c7a42e8e2fa03b8d1416caf3e9f72dca029a02b6a233d301673f0ce92985db06
PublicTest_9780746.jpg,24469b97c4cf25cd78d8c1dafb4f8f10f38243b71174f59f7b41304c49d3958c
PublicTest_97807894.jpg,2af7c5de25345ff1ceae765b7a3cb00f6fbcf5eb4cec2d1b76a20db5c83a7098
PublicTest_97841068.jpg,740f4b348028e664f87025d1f6a17bbed44c45ce8905db493beb7157992601b3
PublicTest_97844767.jpg,a6d71e7b75c182e22c61ef2080abf4074e881e82032cb0f4eac0a5f9d9cecf99
PublicTest_97851526.jpg,1c24649b8aee224f39b51c521fcf456c8d2934e54fa92b315ecc2afe7d362a97
PublicTest_97855765.jpg,c9afb98a60dfb73e7e6822178a260bf7984e65fda31977db766cef4882f46d75
PublicTest_9789737.jpg,4c9a7d080e63d36b980db3767d90601f80b166f9d50731590de9482a37309022
PublicTest_97902387.jpg,f1d9115ecff8abe46b320c8a5271ecb7f10d2dabec1e38727ced8211374593e3
PublicTest_97957374.jpg,337a89b44e8477f89605d3aaa8e35c662f0a1be0c7623fcec2054b204829c91c
PublicTest_9795756.jpg,1585384b8ccdd354c7e015589486283b79efa547c99bda82b762f0486d8c35ab
PublicTest_97957698.jpg,fc99bbb8b8b97af66efb5d4fee39e83ac06193b427bce96e1d9c74f0d7f205ed
PublicTest_97995446.jpg,7f334346aeb18f14a43c4581f472123e473066e4b24951e6bcaf558c5bd12b91
PublicTest_98020112.jpg,c30775f8b5c67201c110322c4bf9165087790a76dbd87d7a9c8ff5f66a45fd76
PublicTest_98053324.jpg,43fec5e8dcee55b0b99805ef7a59863662d8c099aaf4a2f3d03ab2c21609147a
PublicTest_98089595.jpg,61d5f3955052ae864f7eccb5684e1970cd018a5720f732bcebfb72e0086bf770
PublicTest_98111104.jpg,56bbf9a85de3fa9f8980f11f63df2a3ca5e2677f10a858111b3ec7e1f431fcaf
PublicTest_98121424.jpg,3204d902fc148ea12319360d93db46b638cea0d8cce37083034186eaa7473303
PublicTest_98138554.jpg,c5acbb2f65188db55f4220a9f184fba42a8cb8bbcd37dde6193e4da9e05e2bcf
PublicTest_98143629.jpg,6c89365fc08ff5127bd416ca5b855b66239285bdc3855364a6da136b3d193706
PublicTest_9818602.jpg,08879aeacebab6d6ed67c1b1427a767ad30146a5d986f6d0c659f299b897c475
PublicTest_9827448.jpg,9233bcb1f310eb683da35b996096b88955be42714f7e1ab93084bee38790a345
PublicTest_98276713.jpg,cc6f9fa4a06a220dcb685d91e8c0f8523edeb9ec45bde27c8b8536c9ac8c211f
PublicTest_98301645.jpg,0300b8785b95eb20804273f00cc70283622447b33e81ef945dac334c56398803
PublicTest_98333211.jpg,2b48dab82655bade07b8654d8303690845b73e09459f9a5013e04443d695859c
PublicTest_98334368.jpg,f508f027054e9787c8e8260607b49110293c81cfcc09d548a953d144b73deb8e
PublicTest_98367054.jpg,c41c25da6b22e3d05d60eaf1573139c920b80b4b485264da86f43fab2c5e4e15
PublicTest_98367611.jpg,9d976d3211711ca7c71fdb0eece2248d7409e8cbc14c3d6feb74c3a44eb641d5
PublicTest_98400798.jpg,1d9536e96587b269cedb320989d1be1d8eb2c34a52d622a7919130ddc8ec4b1a
PublicTest_98414766.jpg,c87f6e95ff9969690e9becd98653dfea00fef74f52673d37842346a473a603aa
PublicTest_98470790.jpg,b55d71d9dfb9148273be07f27a3dbc1a07314e9a2e305f244b625406c0fbc530
PublicTest_9847816.jpg,f22a3c16ee614caba9ae64e2d5c5d9936ef5a710a5591c72d6b0818318e87675
PublicTest_98480835.jpg,af7efcb8ae9fd207d489643795f644ee613fc1868e42d3812afe523f89efb30e
PublicTest_98506083.jpg,b6bb38975ca83279f36fc0b013879207818de5558e676bf9e0e6299c511bbdb4
PublicTest_98518810.jpg,73a32635173dfe7137cbf1d58688b3e6d0267d353403465ca4501c38257ce76d
PublicTest_98567249.jpg,71326c0b5cb53b0e518021a503e63473055cb64e7e821d665faf1e764c8a29df
PublicTest_98588078.jpg,d40618a91b92db90df965255e4f5145e35f0797498ea69e66d798b1c9a4221d9
PublicTest_98594654.jpg,290096b48a620e0f9fb78b8e43ebda217461cdb474ce33f273a5f3a47da18732
PublicTest_98681138.jpg,eab400b10a1d6495a8b75e9cd983463e315d5443e305ede981a4f413f45e2620
PublicTest_98688227.jpg,b167e6acff30a32cdd70ef54fc0b3b17d980b0da0374746a200ca389d5b4ad7b
PublicTest_98706886.jpg,be720b329ff69920de15a4f858fc388fe1d6b99ce1bb47103e85d293af566684
PublicTest_98736341.jpg,47fd53b6e53de313f6e351e180dd6f54d5dbb9381a33bf7efb9efac08c3127c2
PublicTest_98752607.jpg,79d181b0f512792a69aca17e967ab26d4c33ddebe31059551641659b9863c3f3
PublicTest_98768812.jpg,4969bc7967cabd27e9372b309cd114694fbbd589f0199dc3a2c93bc5b1fec8d5
PublicTest_98770281.jpg,a4a1044b548d160e85ec984aa2a30b4e02d84cfb31d3a121ddd8b6339234e707
PublicTest_98773801.jpg,a0c440b98db874ca3198b2b477b4d1b22542738f10ac5af18961927aafa148ae
PublicTest_98815442.jpg,4517ef48ea9cb00f425e856da479c9333557671fb8eb5883f1b3425c5c785a1a
PublicTest_98833450.jpg,4eecbf1eaacf38fd91614c4ddc78c8080d57fdae278af6210984e86dfe1a8a85
PublicTest_98838334.jpg,64db0bc7001fde644681af6d2972c8ac49c2145c5ac35c85083dd5200de65bde
PublicTest_98860460.jpg,b57eeb8c46924652de5fc5dd39708356f21a7eac98eda94fde62a0a335ec0758
PublicTest_98972870.jpg,5f65f376c059b440488d41119e6f3e63d5b68f7961c07211047accfc26f09071
PublicTest_98981806.jpg,3f6c073e56e52b52399d3a9573adfb3e18e10269e62540fd4f4f5a7a58b6aff9
PublicTest_99053302.jpg,05033b643177351dc160bab26dda9faab90950dfed071b829ed0957e74aca928
PublicTest_99092052.jpg,a07bdf57d99ec348cb200e714345f8cf6ab7d72dd29d04e43d27f8d6ac8b77ff
PublicTest_99095616.jpg,e62a76ccf90219e580f64ceb7f84826323946d5513f1f1c190e0a920125650a2
PublicTest_99116679.jpg,a38a2ebf3104d5d61d48cda3a2cf9c456b72a037b58de75a31b0b0226be03159
PublicTest_99123958.jpg,551c315b8824fa72ead58ad0d832d68d90daa86bd82277dfb56984f573ea1a0d
PublicTest_99162116.jpg,14c7f806af66b4f2be5a3c917fa7a23cfad349d0813de4bb002126e0aa10cc11
PublicTest_99172303.jpg,2a19aecdb3112e4a7694031bf8446e1cd90198b33b245706826911f6b6687448
PublicTest_99187740.jpg,a4db9acf48737e43ad01af3771b8b8dfd7437a63057694c820e4c2390e88a358
PublicTest_99219117.jpg,1f738664abafe2229be8727ca10c9bed8abb5e8801505bfa4565638930af2c14
PublicTest_99242645.jpg,b646f883c68ab3c05269f361051d1cd3fccc5abddb029d08c7e1bfe406de4d6d
PublicTest_99250082.jpg,ab8957fa1e9c542669e3d2b8a94892f4708d1693604309beda55f78a4408a13a
PublicTest_99297618.jpg,168e761721decdb1449d6471a293060956b3c135fe1a3372105bc2f0f9e5ca95
PublicTest_99340375.jpg,b52ff5b37e494f3009be8d048e07f68866aca3587069cdbd12cc3ce72d2b3fe0
PublicTest_99365116.jpg,ef4accceba99faa823e284fd4b8ee1bb7257d03b65f52e862e1db6b41c84452c
PublicTest_99393604.jpg,e6849dd26a30797fb51c478e0c29adfb777d433f4b542a3bac515eb12cf51219
PublicTest_99399200.jpg,32861f4ae11f96f27ac0439416da5f438f84470a6185ee869c0322c3dcc43f60
PublicTest_99446207.jpg,1a59ded9ec0632188fde9f316b14edd9ff14d7d4717c40242b6bfba478ba7dcb
PublicTest_99446963.jpg,d32a78dcda0453ef998ded745f269bac5c2cd133f37e0bfaf20c1bb54498a0ff
PublicTest_99462811.jpg,783b21fc3ebcdacbdf5b228244dc6a8736a6b3bd8dba36ac4713da168174dc3e
PublicTest_99484077.jpg,b99efa6aa3e0482f2cd085a4e57bef1e162409f5df809c100213d666e47b5fa5
PublicTest_99491200.jpg,e9e7a475c59bc76f089f9d0685516a793bb71a63e759790623fded6580de83a8
PublicTest_99509833.jpg,1011997077ad41b0b7077e3346ed32e8c3f2369f0961b01ea0b3c59594395265
PublicTest_99531861.jpg,a0b534ca5d71a37f8ebccafbfd232a3a8c55659a1940602bd15ff8c3be93aef6
PublicTest_99540987.jpg,7d70a65c410cceb49f0b7bb1ff86256eeb5f7362a2a5d8f64a0430cebc8a3d38
PublicTest_99573433.jpg,09175549dc3bfd8e99ae5b10c14df8e598f8d621eb427b9aec50e5fd5a389bb0
PublicTest_99607072.jpg,d130bdd8ccf114d208d32b3b36958f37a2068c3bf19b9b26cbb86d079e78f6bd
PublicTest_99607417.jpg,a63fe46ea78fddd7062e86d83ccee73198d9dfb8f4774a2592fd8bcefe74757b
PublicTest_99626406.jpg,4aaa1a9defd3a4c7a8fb79a44ed4ca875d55f904644597fcd2c2265597719591
PublicTest_99646813.jpg,9f823871b5a4ebb3e3a907279676cce0bc7960cbaeb026f9954854d63c2d3869
PublicTest_99654006.jpg,efe23113228e53f68dfffc6b15e4ef04b28db4195e2064b05359a5a8233aad14
PublicTest_9967827.jpg,1340e82a188e9567738dd602ba8c57b82b34ec5c5a0512d47ead7a655effe258
PublicTest_99688200.jpg,de27bccef0760b69a6f0d676938fc36008a136d928f41036ac88b3a8cd619cdd
PublicTest_99741160.jpg,acb3e8c07dceb05db7a1a4ac239f8c30e30532548a4349b43a274d3484ce50fc
PublicTest_99743122.jpg,3005ff98d89d45e0fe8fb03c58bf0c66510ca4df6421dd937d135e1235f3b953
PublicTest_99753173.jpg,fd3c9fb1ed229b793d540a350a2dafdd4d13068b011ef95ff57754b4c63f330e
PublicTest_99767171.jpg,6b2a4cd38ec87f3130a17d9855b86141a405ed30ba09b2d882c60130c5a4c924
PublicTest_99801821.jpg,9a7cb57969a81872a86468073f6a735fb4cecee9b5df47fb9a721c7977620f09
PublicTest_9982221.jpg,60637cfcb987ee15823ce6139b18af248d1424c5171c53a41c5d5986f55135dc
PublicTest_99849498.jpg,6aa7dc753b941e924a674c0b2d3daea04e57c40e1e62399fc8aef60639b8f516
PublicTest_99862107.jpg,4da6f404bbecb0de4a67f24a9296cd006e07912f3e10ec605586144c31c73dce
