basename,max_tensor_diff,mean_tensor_diff,max_prob_diff,argmax_tf,argmax_pil,argmax_nb04,agree_pil_tf,agree_pil_nb04
PublicTest_10116449.jpg,0.0,0.0,0.0,0,0,0,1,1
PublicTest_10813312.jpg,0.0,0.0,0.0,0,0,0,1,1
PublicTest_11521746.jpg,0.0,0.0,0.0,0,0,0,1,1
PublicTest_11832974.jpg,0.0,0.0,0.0,5,5,5,1,1
PublicTest_12296139.jpg,0.0,0.0,0.0,5,5,5,1,1
PublicTest_12326319.jpg,0.0,0.0,0.0,0,0,0,1,1
PublicTest_12693575.jpg,0.0,0.0,0.0,0,0,0,1,1
PublicTest_12700974.jpg,0.0,0.0,0.0,0,0,0,1,1
PublicTest_12751829.jpg,0.0,0.0,0.0,5,5,5,1,1
PublicTest_12871755.jpg,0.0,0.0,0.0,0,0,0,1,1
PublicTest_12919755.jpg,0.0,0.0,0.0,2,2,2,1,1
PublicTest_1355981.jpg,0.0,0.0,0.0,1,1,1,1,1
PublicTest_13591263.jpg,0.0,0.0,0.0,5,5,5,1,1
PublicTest_1373732.jpg,0.0,0.0,0.0,0,0,0,1,1
PublicTest_13953782.jpg,0.0,0.0,0.0,3,3,3,1,1
PublicTest_14075653.jpg,0.0,0.0,0.0,5,5,5,1,1
PublicTest_1419488.jpg,0.0,0.0,0.0,4,4,4,1,1
PublicTest_14387765.jpg,0.0,0.0,0.0,0,0,0,1,1
PublicTest_14388186.jpg,0.0,0.0,0.0,0,0,0,1,1
PublicTest_14561390.jpg,0.0,0.0,0.0,0,0,0,1,1
PublicTest_1460129.jpg,0.0,0.0,0.0,0,0,0,1,1
PublicTest_1463394.jpg,0.0,0.0,0.0,0,0,0,1,1
PublicTest_14798104.jpg,0.0,0.0,0.0,0,0,0,1,1
PublicTest_15140838.jpg,0.0,0.0,0.0,6,6,6,1,1
PublicTest_15411158.jpg,0.0,0.0,0.0,0,0,0,1,1
PublicTest_16131911.jpg,0.0,0.0,0.0,2,2,2,1,1
PublicTest_16745237.jpg,0.0,0.0,0.0,0,0,0,1,1
PublicTest_16770619.jpg,0.0,0.0,0.0,0,0,0,1,1
PublicTest_17017376.jpg,0.0,0.0,0.0,3,3,3,1,1
PublicTest_17026620.jpg,0.0,0.0,0.0,0,0,0,1,1
PublicTest_17116818.jpg,0.0,0.0,0.0,0,0,0,1,1
PublicTest_17320024.jpg,0.0,0.0,0.0,0,0,0,1,1
PublicTest_17410266.jpg,0.0,0.0,0.0,0,0,0,1,1
PublicTest_17487264.jpg,0.0,0.0,0.0,0,0,0,1,1
PublicTest_17560953.jpg,0.0,0.0,0.0,0,0,0,1,1
PublicTest_17598880.jpg,0.0,0.0,0.0,5,5,5,1,1
PublicTest_17614009.jpg,0.0,0.0,0.0,3,3,3,1,1
PublicTest_17954875.jpg,0.0,0.0,0.0,0,0,0,1,1
PublicTest_17986076.jpg,0.0,0.0,0.0,0,0,0,1,1
PublicTest_18058366.jpg,0.0,0.0,0.0,5,5,5,1,1
PublicTest_18063934.jpg,0.0,0.0,0.0,0,0,0,1,1
PublicTest_18087247.jpg,0.0,0.0,0.0,4,4,4,1,1
PublicTest_18131739.jpg,0.0,0.0,0.0,0,0,0,1,1
PublicTest_18274972.jpg,0.0,0.0,0.0,0,0,0,1,1
PublicTest_18401679.jpg,0.0,0.0,0.0,0,0,0,1,1
PublicTest_18467095.jpg,0.0,0.0,0.0,5,5,5,1,1
PublicTest_18471170.jpg,0.0,0.0,0.0,0,0,0,1,1
PublicTest_18490757.jpg,0.0,0.0,0.0,3,3,3,1,1
PublicTest_18509921.jpg,0.0,0.0,0.0,0,0,0,1,1
PublicTest_18682426.jpg,0.0,0.0,0.0,0,0,0,1,1
PublicTest_18770630.jpg,0.0,0.0,0.0,5,5,5,1,1
PublicTest_19183266.jpg,0.0,0.0,0.0,2,2,2,1,1
PublicTest_19319090.jpg,0.0,0.0,0.0,6,6,6,1,1
PublicTest_19679720.jpg,0.0,0.0,0.0,5,5,5,1,1
PublicTest_1990985.jpg,0.0,0.0,0.0,0,0,0,1,1
PublicTest_20045813.jpg,0.0,0.0,0.0,0,0,0,1,1
PublicTest_20725544.jpg,0.0,0.0,0.0,3,3,3,1,1
PublicTest_20761396.jpg,0.0,0.0,0.0,0,0,0,1,1
PublicTest_20874883.jpg,0.0,0.0,0.0,2,2,2,1,1
PublicTest_21110779.jpg,0.0,0.0,0.0,2,2,2,1,1
PublicTest_21226976.jpg,0.0,0.0,0.0,0,0,0,1,1
PublicTest_21334851.jpg,0.0,0.0,0.0,0,0,0,1,1
PublicTest_21498023.jpg,0.0,0.0,0.0,0,0,0,1,1
PublicTest_22161894.jpg,0.0,0.0,0.0,5,5,5,1,1
PublicTest_22423869.jpg,0.0,0.0,0.0,2,2,2,1,1
PublicTest_22516549.jpg,0.0,0.0,0.0,0,0,0,1,1
PublicTest_22869801.jpg,0.0,0.0,0.0,0,0,0,1,1
PublicTest_23643566.jpg,0.0,0.0,0.0,0,0,0,1,1
PublicTest_2392824.jpg,0.0,0.0,0.0,0,0,0,1,1
PublicTest_23991674.jpg,0.0,0.0,0.0,3,3,3,1,1
PublicTest_24150762.jpg,0.0,0.0,0.0,3,3,3,1,1
PublicTest_24586863.jpg,0.0,0.0,0.0,0,0,0,1,1
PublicTest_24668305.jpg,0.0,0.0,0.0,0,0,0,1,1
PublicTest_2489773.jpg,0.0,0.0,0.0,0,0,0,1,1
PublicTest_24929049.jpg,0.0,0.0,0.0,2,2,2,1,1
PublicTest_25092940.jpg,0.0,0.0,0.0,4,4,4,1,1
PublicTest_25391358.jpg,0.0,0.0,0.0,4,4,4,1,1
PublicTest_25439815.jpg,0.0,0.0,0.0,0,0,0,1,1
PublicTest_25544065.jpg,0.0,0.0,0.0,5,5,5,1,1
PublicTest_25592242.jpg,0.0,0.0,0.0,3,3,3,1,1
PublicTest_26045537.jpg,0.0,0.0,0.0,0,0,0,1,1
PublicTest_26506006.jpg,0.0,0.0,0.0,4,4,4,1,1
PublicTest_26532100.jpg,0.0,0.0,0.0,0,0,0,1,1
PublicTest_27052118.jpg,0.0,0.0,0.0,2,2,2,1,1
PublicTest_27220144.jpg,0.0,0.0,0.0,6,6,6,1,1
PublicTest_27236898.jpg,0.0,0.0,0.0,0,0,0,1,1
PublicTest_27318961.jpg,0.0,0.0,0.0,5,5,5,1,1
PublicTest_27364438.jpg,0.0,0.0,0.0,2,2,2,1,1
PublicTest_27793599.jpg,0.0,0.0,0.0,4,4,4,1,1
PublicTest_28052854.jpg,0.0,0.0,0.0,0,0,0,1,1
PublicTest_28086839.jpg,0.0,0.0,0.0,0,0,0,1,1
PublicTest_28247215.jpg,0.0,0.0,0.0,0,0,0,1,1
PublicTest_28415725.jpg,0.0,0.0,0.0,4,4,4,1,1
PublicTest_28628397.jpg,0.0,0.0,0.0,0,0,0,1,1
PublicTest_28848742.jpg,0.0,0.0,0.0,6,6,6,1,1
PublicTest_28963544.jpg,0.0,0.0,0.0,4,4,4,1,1
PublicTest_29103816.jpg,0.0,0.0,0.0,0,0,0,1,1
PublicTest_29284838.jpg,0.0,0.0,0.0,6,6,6,1,1
PublicTest_29353330.jpg,0.0,0.0,0.0,4,4,4,1,1
PublicTest_30068238.jpg,0.0,0.0,0.0,3,3,3,1,1
PublicTest_30767380.jpg,0.0,0.0,0.0,0,0,0,1,1
PublicTest_30869042.jpg,0.0,0.0,0.0,4,4,4,1,1
PublicTest_31058193.jpg,0.0,0.0,0.0,5,5,5,1,1
PublicTest_31362928.jpg,0.0,0.0,0.0,0,0,0,1,1
PublicTest_31588880.jpg,0.0,0.0,0.0,2,2,2,1,1
PublicTest_3168890.jpg,0.0,0.0,0.0,0,0,0,1,1
PublicTest_31947340.jpg,0.0,0.0,0.0,5,5,5,1,1
PublicTest_3218764.jpg,0.0,0.0,0.0,0,0,0,1,1
PublicTest_32429079.jpg,0.0,0.0,0.0,4,4,4,1,1
PublicTest_32720867.jpg,0.0,0.0,0.0,3,3,3,1,1
PublicTest_33049665.jpg,0.0,0.0,0.0,0,0,0,1,1
PublicTest_33298870.jpg,0.0,0.0,0.0,0,0,0,1,1
PublicTest_33361245.jpg,0.0,0.0,0.0,5,5,5,1,1
PublicTest_3344932.jpg,0.0,0.0,0.0,4,4,4,1,1
PublicTest_335516.jpg,0.0,0.0,0.0,0,0,0,1,1
PublicTest_33629438.jpg,0.0,0.0,0.0,5,5,5,1,1
PublicTest_33939155.jpg,0.0,0.0,0.0,0,0,0,1,1
PublicTest_34883128.jpg,0.0,0.0,0.0,0,0,0,1,1
PublicTest_34922989.jpg,0.0,0.0,0.0,0,0,0,1,1
PublicTest_35775434.jpg,0.0,0.0,0.0,0,0,0,1,1
PublicTest_3620949.jpg,0.0,0.0,0.0,5,5,5,1,1
PublicTest_3627549.jpg,0.0,0.0,0.0,0,0,0,1,1
PublicTest_3636907.jpg,0.0,0.0,0.0,5,5,5,1,1
PublicTest_36373260.jpg,0.0,0.0,0.0,2,2,2,1,1
PublicTest_3641062.jpg,0.0,0.0,0.0,2,2,2,1,1
PublicTest_3641536.jpg,0.0,0.0,0.0,0,0,0,1,1
PublicTest_36631182.jpg,0.0,0.0,0.0,0,0,0,1,1
PublicTest_36659344.jpg,0.0,0.0,0.0,2,2,2,1,1
PublicTest_36696281.jpg,0.0,0.0,0.0,2,2,2,1,1
PublicTest_36836824.jpg,0.0,0.0,0.0,0,0,0,1,1
PublicTest_36902661.jpg,0.0,0.0,0.0,4,4,4,1,1
PublicTest_3709326.jpg,0.0,0.0,0.0,3,3,3,1,1
PublicTest_37316865.jpg,0.0,0.0,0.0,0,0,0,1,1
PublicTest_37905989.jpg,0.0,0.0,0.0,0,0,0,1,1
PublicTest_37985095.jpg,0.0,0.0,0.0,0,0,0,1,1
PublicTest_37985773.jpg,0.0,0.0,0.0,0,0,0,1,1
PublicTest_38165746.jpg,0.0,0.0,0.0,2,2,2,1,1
PublicTest_38216771.jpg,0.0,0.0,0.0,5,5,5,1,1
PublicTest_39092344.jpg,0.0,0.0,0.0,0,0,0,1,1
PublicTest_39135751.jpg,0.0,0.0,0.0,0,0,0,1,1
PublicTest_40202990.jpg,0.0,0.0,0.0,5,5,5,1,1
PublicTest_40341899.jpg,0.0,0.0,0.0,5,5,5,1,1
PublicTest_40690128.jpg,0.0,0.0,0.0,0,0,0,1,1
PublicTest_40811515.jpg,0.0,0.0,0.0,0,0,0,1,1
PublicTest_40824482.jpg,0.0,0.0,0.0,0,0,0,1,1
PublicTest_4105485.jpg,0.0,0.0,0.0,0,0,0,1,1
PublicTest_41416509.jpg,0.0,0.0,0.0,0,0,0,1,1
PublicTest_4237118.jpg,0.0,0.0,0.0,0,0,0,1,1
PublicTest_4263322.jpg,0.0,0.0,0.0,5,5,5,1,1
PublicTest_42826491.jpg,0.0,0.0,0.0,2,2,2,1,1
PublicTest_43169549.jpg,0.0,0.0,0.0,4,4,4,1,1
PublicTest_43316380.jpg,0.0,0.0,0.0,3,3,3,1,1
PublicTest_43332731.jpg,0.0,0.0,0.0,2,2,2,1,1
PublicTest_43360747.jpg,0.0,0.0,0.0,5,5,5,1,1
PublicTest_4379266.jpg,0.0,0.0,0.0,5,5,5,1,1
PublicTest_43895652.jpg,0.0,0.0,0.0,3,3,3,1,1
PublicTest_44022516.jpg,0.0,0.0,0.0,0,0,0,1,1
PublicTest_44184063.jpg,0.0,0.0,0.0,5,5,5,1,1
PublicTest_44227970.jpg,0.0,0.0,0.0,0,0,0,1,1
PublicTest_44679916.jpg,0.0,0.0,0.0,0,0,0,1,1
PublicTest_4496845.jpg,0.0,0.0,0.0,2,2,2,1,1
PublicTest_45792830.jpg,0.0,0.0,0.0,0,0,0,1,1
PublicTest_46181567.jpg,0.0,0.0,0.0,0,0,0,1,1
PublicTest_46533021.jpg,0.0,0.0,0.0,0,0,0,1,1
PublicTest_46653575.jpg,0.0,0.0,0.0,2,2,2,1,1
PublicTest_46931060.jpg,0.0,0.0,0.0,2,2,2,1,1
PublicTest_47189506.jpg,0.0,0.0,0.0,0,0,0,1,1
PublicTest_47244745.jpg,0.0,0.0,0.0,0,0,0,1,1
PublicTest_47374366.jpg,0.0,0.0,0.0,0,0,0,1,1
PublicTest_47434180.jpg,0.0,0.0,0.0,3,3,3,1,1
PublicTest_47452496.jpg,0.0,0.0,0.0,5,5,5,1,1
PublicTest_47495579.jpg,0.0,0.0,0.0,0,0,0,1,1
PublicTest_47601588.jpg,0.0,0.0,0.0,3,3,3,1,1
PublicTest_47760796.jpg,0.0,0.0,0.0,6,6,6,1,1
PublicTest_47804687.jpg,0.0,0.0,0.0,4,4,4,1,1
PublicTest_47886319.jpg,0.0,0.0,0.0,2,2,2,1,1
PublicTest_47890853.jpg,0.0,0.0,0.0,3,3,3,1,1
PublicTest_47997171.jpg,0.0,0.0,0.0,0,0,0,1,1
PublicTest_48036150.jpg,0.0,0.0,0.0,4,4,4,1,1
PublicTest_48156348.jpg,0.0,0.0,0.0,0,0,0,1,1
PublicTest_4822332.jpg,0.0,0.0,0.0,0,0,0,1,1
PublicTest_48232878.jpg,0.0,0.0,0.0,2,2,2,1,1
PublicTest_48371269.jpg,0.0,0.0,0.0,5,5,5,1,1
PublicTest_48413488.jpg,0.0,0.0,0.0,0,0,0,1,1
PublicTest_48428562.jpg,0.0,0.0,0.0,2,2,2,1,1
PublicTest_48511728.jpg,0.0,0.0,0.0,5,5,5,1,1
PublicTest_48512363.jpg,0.0,0.0,0.0,3,3,3,1,1
PublicTest_48714314.jpg,0.0,0.0,0.0,0,0,0,1,1
PublicTest_49008517.jpg,0.0,0.0,0.0,0,0,0,1,1
PublicTest_49162234.jpg,0.0,0.0,0.0,2,2,2,1,1
PublicTest_49264937.jpg,0.0,0.0,0.0,4,4,4,1,1
PublicTest_49302808.jpg,0.0,0.0,0.0,4,4,4,1,1
PublicTest_49352382.jpg,0.0,0.0,0.0,4,4,4,1,1
PublicTest_49408064.jpg,0.0,0.0,0.0,3,3,3,1,1
PublicTest_49591430.jpg,0.0,0.0,0.0,0,0,0,1,1
PublicTest_497151.jpg,0.0,0.0,0.0,0,0,0,1,1
PublicTest_49898176.jpg,0.0,0.0,0.0,5,5,5,1,1
PublicTest_49962615.jpg,0.0,0.0,0.0,2,2,2,1,1
PublicTest_50259008.jpg,0.0,0.0,0.0,5,5,5,1,1
PublicTest_50664677.jpg,0.0,0.0,0.0,4,4,4,1,1
PublicTest_50685895.jpg,0.0,0.0,0.0,0,0,0,1,1
PublicTest_50984559.jpg,0.0,0.0,0.0,0,0,0,1,1
PublicTest_51044199.jpg,0.0,0.0,0.0,0,0,0,1,1
PublicTest_51080774.jpg,0.0,0.0,0.0,0,0,0,1,1
PublicTest_51099854.jpg,0.0,0.0,0.0,4,4,4,1,1
PublicTest_51144645.jpg,0.0,0.0,0.0,5,5,5,1,1
PublicTest_5177911.jpg,0.0,0.0,0.0,0,0,0,1,1
PublicTest_52070065.jpg,0.0,0.0,0.0,5,5,5,1,1
PublicTest_52439734.jpg,0.0,0.0,0.0,0,0,0,1,1
PublicTest_5251552.jpg,0.0,0.0,0.0,0,0,0,1,1
PublicTest_52681031.jpg,0.0,0.0,0.0,6,6,6,1,1
PublicTest_52706232.jpg,0.0,0.0,0.0,0,0,0,1,1
PublicTest_52739184.jpg,0.0,0.0,0.0,0,0,0,1,1
PublicTest_53367661.jpg,0.0,0.0,0.0,0,0,0,1,1
PublicTest_53480653.jpg,0.0,0.0,0.0,0,0,0,1,1
PublicTest_53519543.jpg,0.0,0.0,0.0,4,4,4,1,1
PublicTest_54144300.jpg,0.0,0.0,0.0,0,0,0,1,1
PublicTest_54146920.jpg,0.0,0.0,0.0,0,0,0,1,1
PublicTest_54462619.jpg,0.0,0.0,0.0,4,4,4,1,1
PublicTest_5460494.jpg,0.0,0.0,0.0,0,0,0,1,1
PublicTest_54630431.jpg,0.0,0.0,0.0,0,0,0,1,1
PublicTest_5507504.jpg,0.0,0.0,0.0,2,2,2,1,1
PublicTest_55079248.jpg,0.0,0.0,0.0,5,5,5,1,1
PublicTest_55124186.jpg,0.0,0.0,0.0,0,0,0,1,1
PublicTest_55350348.jpg,0.0,0.0,0.0,6,6,6,1,1
PublicTest_5543497.jpg,0.0,0.0,0.0,3,3,3,1,1
PublicTest_55992288.jpg,0.0,0.0,0.0,3,3,3,1,1
PublicTest_56592933.jpg,0.0,0.0,0.0,0,0,0,1,1
PublicTest_56981414.jpg,0.0,0.0,0.0,3,3,3,1,1
PublicTest_57154065.jpg,0.0,0.0,0.0,0,0,0,1,1
PublicTest_57157029.jpg,0.0,0.0,0.0,5,5,5,1,1
PublicTest_57272892.jpg,0.0,0.0,0.0,0,0,0,1,1
PublicTest_57438507.jpg,0.0,0.0,0.0,2,2,2,1,1
PublicTest_5767290.jpg,0.0,0.0,0.0,0,0,0,1,1
PublicTest_57865005.jpg,0.0,0.0,0.0,0,0,0,1,1
PublicTest_57918595.jpg,0.0,0.0,0.0,2,2,2,1,1
PublicTest_58554610.jpg,0.0,0.0,0.0,4,4,4,1,1
PublicTest_59161828.jpg,0.0,0.0,0.0,0,0,0,1,1
PublicTest_59544229.jpg,0.0,0.0,0.0,2,2,2,1,1
PublicTest_59547782.jpg,0.0,0.0,0.0,0,0,0,1,1
PublicTest_59592636.jpg,0.0,0.0,0.0,3,3,3,1,1
PublicTest_5964952.jpg,0.0,0.0,0.0,2,2,2,1,1
PublicTest_59731058.jpg,0.0,0.0,0.0,0,0,0,1,1
PublicTest_59816405.jpg,0.0,0.0,0.0,2,2,2,1,1
PublicTest_60180640.jpg,0.0,0.0,0.0,2,2,2,1,1
PublicTest_60260657.jpg,0.0,0.0,0.0,0,0,0,1,1
PublicTest_60947451.jpg,0.0,0.0,0.0,5,5,5,1,1
PublicTest_61158536.jpg,0.0,0.0,0.0,0,0,0,1,1
PublicTest_61780409.jpg,0.0,0.0,0.0,0,0,0,1,1
PublicTest_62090392.jpg,0.0,0.0,0.0,0,0,0,1,1
PublicTest_62236593.jpg,0.0,0.0,0.0,0,0,0,1,1
PublicTest_62277373.jpg,0.0,0.0,0.0,0,0,0,1,1
PublicTest_62838727.jpg,0.0,0.0,0.0,0,0,0,1,1
PublicTest_62957329.jpg,0.0,0.0,0.0,0,0,0,1,1
PublicTest_63017102.jpg,0.0,0.0,0.0,3,3,3,1,1
PublicTest_63119077.jpg,0.0,0.0,0.0,0,0,0,1,1
PublicTest_63607791.jpg,0.0,0.0,0.0,0,0,0,1,1
PublicTest_63705954.jpg,0.0,0.0,0.0,0,0,0,1,1
PublicTest_63745951.jpg,0.0,0.0,0.0,4,4,4,1,1
PublicTest_6385751.jpg,0.0,0.0,0.0,0,0,0,1,1
PublicTest_63906265.jpg,0.0,0.0,0.0,5,5,5,1,1
PublicTest_64029710.jpg,0.0,0.0,0.0,0,0,0,1,1
PublicTest_64033113.jpg,0.0,0.0,0.0,0,0,0,1,1
PublicTest_64680248.jpg,0.0,0.0,0.0,0,0,0,1,1
PublicTest_64803509.jpg,0.0,0.0,0.0,5,5,5,1,1
PublicTest_65017594.jpg,0.0,0.0,0.0,0,0,0,1,1
PublicTest_65021363.jpg,0.0,0.0,0.0,0,0,0,1,1
PublicTest_6510637.jpg,0.0,0.0,0.0,0,0,0,1,1
PublicTest_65239729.jpg,0.0,0.0,0.0,0,0,0,1,1
PublicTest_65455995.jpg,0.0,0.0,0.0,2,2,2,1,1
PublicTest_65465298.jpg,0.0,0.0,0.0,6,6,6,1,1
PublicTest_65467730.jpg,0.0,0.0,0.0,4,4,4,1,1
PublicTest_65689063.jpg,0.0,0.0,0.0,0,0,0,1,1
PublicTest_65705281.jpg,0.0,0.0,0.0,5,5,5,1,1
PublicTest_65820617.jpg,0.0,0.0,0.0,4,4,4,1,1
PublicTest_65825726.jpg,0.0,0.0,0.0,0,0,0,1,1
PublicTest_65942726.jpg,0.0,0.0,0.0,3,3,3,1,1
PublicTest_66091352.jpg,0.0,0.0,0.0,3,3,3,1,1
PublicTest_66344219.jpg,0.0,0.0,0.0,0,0,0,1,1
PublicTest_66439360.jpg,0.0,0.0,0.0,0,0,0,1,1
PublicTest_66950868.jpg,0.0,0.0,0.0,0,0,0,1,1
PublicTest_66951145.jpg,0.0,0.0,0.0,0,0,0,1,1
PublicTest_66956737.jpg,0.0,0.0,0.0,0,0,0,1,1
PublicTest_67037873.jpg,0.0,0.0,0.0,0,0,0,1,1
PublicTest_67087752.jpg,0.0,0.0,0.0,0,0,0,1,1
PublicTest_67146017.jpg,0.0,0.0,0.0,5,5,5,1,1
PublicTest_67194596.jpg,0.0,0.0,0.0,6,6,6,1,1
PublicTest_67411006.jpg,0.0,0.0,0.0,0,0,0,1,1
PublicTest_67751726.jpg,0.0,0.0,0.0,0,0,0,1,1
PublicTest_68635331.jpg,0.0,0.0,0.0,0,0,0,1,1
PublicTest_68682113.jpg,0.0,0.0,0.0,5,5,5,1,1
PublicTest_68853210.jpg,0.0,0.0,0.0,0,0,0,1,1
PublicTest_69095122.jpg,0.0,0.0,0.0,0,0,0,1,1
PublicTest_69123222.jpg,0.0,0.0,0.0,0,0,0,1,1
PublicTest_69194031.jpg,0.0,0.0,0.0,0,0,0,1,1
PublicTest_69709353.jpg,0.0,0.0,0.0,3,3,3,1,1
PublicTest_6998820.jpg,0.0,0.0,0.0,0,0,0,1,1
PublicTest_70071887.jpg,0.0,0.0,0.0,0,0,0,1,1
PublicTest_70126767.jpg,0.0,0.0,0.0,0,0,0,1,1
PublicTest_70289097.jpg,0.0,0.0,0.0,5,5,5,1,1
PublicTest_70470561.jpg,0.0,0.0,0.0,3,3,3,1,1
PublicTest_70604594.jpg,0.0,0.0,0.0,3,3,3,1,1
PublicTest_7070524.jpg,0.0,0.0,0.0,4,4,4,1,1
PublicTest_71123225.jpg,0.0,0.0,0.0,0,0,0,1,1
PublicTest_71211063.jpg,0.0,0.0,0.0,0,0,0,1,1
PublicTest_7122302.jpg,0.0,0.0,0.0,2,2,2,1,1
PublicTest_71394422.jpg,0.0,0.0,0.0,0,0,0,1,1
PublicTest_71571526.jpg,0.0,0.0,0.0,4,4,4,1,1
PublicTest_71579768.jpg,0.0,0.0,0.0,2,2,2,1,1
PublicTest_71685219.jpg,0.0,0.0,0.0,6,6,6,1,1
PublicTest_73301522.jpg,0.0,0.0,0.0,4,4,4,1,1
PublicTest_7340890.jpg,0.0,0.0,0.0,5,5,5,1,1
PublicTest_74012583.jpg,0.0,0.0,0.0,5,5,5,1,1
PublicTest_74133311.jpg,0.0,0.0,0.0,0,0,0,1,1
PublicTest_74209270.jpg,0.0,0.0,0.0,0,0,0,1,1
PublicTest_74238112.jpg,0.0,0.0,0.0,0,0,0,1,1
PublicTest_74346734.jpg,0.0,0.0,0.0,5,5,5,1,1
PublicTest_74458895.jpg,0.0,0.0,0.0,1,1,1,1,1
PublicTest_74470272.jpg,0.0,0.0,0.0,0,0,0,1,1
PublicTest_74656440.jpg,0.0,0.0,0.0,5,5,5,1,1
PublicTest_74837119.jpg,0.0,0.0,0.0,0,0,0,1,1
PublicTest_75015949.jpg,0.0,0.0,0.0,5,5,5,1,1
PublicTest_75170399.jpg,0.0,0.0,0.0,0,0,0,1,1
PublicTest_75454944.jpg,0.0,0.0,0.0,0,0,0,1,1
PublicTest_75909699.jpg,0.0,0.0,0.0,5,5,5,1,1
PublicTest_76008995.jpg,0.0,0.0,0.0,6,6,6,1,1
PublicTest_76439875.jpg,0.0,0.0,0.0,0,0,0,1,1
PublicTest_76875834.jpg,0.0,0.0,0.0,0,0,0,1,1
PublicTest_77035165.jpg,0.0,0.0,0.0,0,0,0,1,1
PublicTest_77142981.jpg,0.0,0.0,0.0,2,2,2,1,1
PublicTest_77172367.jpg,0.0,0.0,0.0,0,0,0,1,1
PublicTest_77327770.jpg,0.0,0.0,0.0,4,4,4,1,1
PublicTest_77938889.jpg,0.0,0.0,0.0,4,4,4,1,1
PublicTest_77968706.jpg,0.0,0.0,0.0,2,2,2,1,1
PublicTest_78493974.jpg,0.0,0.0,0.0,0,0,0,1,1
PublicTest_78810808.jpg,0.0,0.0,0.0,0,0,0,1,1
PublicTest_78990391.jpg,0.0,0.0,0.0,0,0,0,1,1
PublicTest_7905606.jpg,0.0,0.0,0.0,5,5,5,1,1
PublicTest_79109976.jpg,0.0,0.0,0.0,4,4,4,1,1
PublicTest_79434516.jpg,0.0,0.0,0.0,0,0,0,1,1
PublicTest_79434954.jpg,0.0,0.0,0.0,0,0,0,1,1
PublicTest_79575934.jpg,0.0,0.0,0.0,2,2,2,1,1
PublicTest_79773769.jpg,0.0,0.0,0.0,0,0,0,1,1
PublicTest_79811245.jpg,0.0,0.0,0.0,0,0,0,1,1
PublicTest_79854224.jpg,0.0,0.0,0.0,4,4,4,1,1
PublicTest_79887521.jpg,0.0,0.0,0.0,0,0,0,1,1
PublicTest_79892729.jpg,0.0,0.0,0.0,0,0,0,1,1
PublicTest_80242801.jpg,0.0,0.0,0.0,2,2,2,1,1
PublicTest_80355968.jpg,0.0,0.0,0.0,3,3,3,1,1
PublicTest_80419054.jpg,0.0,0.0,0.0,3,3,3,1,1
PublicTest_80585398.jpg,0.0,0.0,0.0,0,0,0,1,1
PublicTest_80685818.jpg,0.0,0.0,0.0,4,4,4,1,1
PublicTest_80741744.jpg,0.0,0.0,0.0,5,5,5,1,1
PublicTest_80832037.jpg,0.0,0.0,0.0,0,0,0,1,1
PublicTest_80884345.jpg,0.0,0.0,0.0,3,3,3,1,1
PublicTest_81327668.jpg,0.0,0.0,0.0,5,5,5,1,1
PublicTest_81570893.jpg,0.0,0.0,0.0,0,0,0,1,1
PublicTest_81632115.jpg,0.0,0.0,0.0,5,5,5,1,1
PublicTest_81742978.jpg,0.0,0.0,0.0,4,4,4,1,1
PublicTest_81843401.jpg,0.0,0.0,0.0,4,4,4,1,1
PublicTest_82002612.jpg,0.0,0.0,0.0,4,4,4,1,1
PublicTest_82116704.jpg,0.0,0.0,0.0,4,4,4,1,1
PublicTest_82685854.jpg,0.0,0.0,0.0,2,2,2,1,1
PublicTest_82700651.jpg,0.0,0.0,0.0,3,3,3,1,1
PublicTest_83042442.jpg,0.0,0.0,0.0,0,0,0,1,1
PublicTest_83372303.jpg,0.0,0.0,0.0,0,0,0,1,1
PublicTest_83776498.jpg,0.0,0.0,0.0,4,4,4,1,1
PublicTest_84016544.jpg,0.0,0.0,0.0,2,2,2,1,1
PublicTest_8403145.jpg,0.0,0.0,0.0,0,0,0,1,1
PublicTest_84366.jpg,0.0,0.0,0.0,0,0,0,1,1
PublicTest_84522114.jpg,0.0,0.0,0.0,3,3,3,1,1
PublicTest_84812303.jpg,0.0,0.0,0.0,0,0,0,1,1
PublicTest_84889722.jpg,0.0,0.0,0.0,3,3,3,1,1
PublicTest_85354228.jpg,0.0,0.0,0.0,1,1,1,1,1
PublicTest_85454471.jpg,0.0,0.0,0.0,2,2,2,1,1
PublicTest_85586711.jpg,0.0,0.0,0.0,5,5,5,1,1
PublicTest_85640402.jpg,0.0,0.0,0.0,0,0,0,1,1
PublicTest_8568840.jpg,0.0,0.0,0.0,0,0,0,1,1
PublicTest_8608284.jpg,0.0,0.0,0.0,2,2,2,1,1
PublicTest_86413860.jpg,0.0,0.0,0.0,0,0,0,1,1
PublicTest_86533062.jpg,0.0,0.0,0.0,0,0,0,1,1
PublicTest_8668068.jpg,0.0,0.0,0.0,0,0,0,1,1
PublicTest_86863879.jpg,0.0,0.0,0.0,4,4,4,1,1
PublicTest_87312658.jpg,0.0,0.0,0.0,0,0,0,1,1
PublicTest_87391496.jpg,0.0,0.0,0.0,0,0,0,1,1
PublicTest_87724897.jpg,0.0,0.0,0.0,0,0,0,1,1
PublicTest_87739948.jpg,0.0,0.0,0.0,0,0,0,1,1
PublicTest_87821224.jpg,0.0,0.0,0.0,0,0,0,1,1
PublicTest_87834425.jpg,0.0,0.0,0.0,0,0,0,1,1
PublicTest_8807439.jpg,0.0,0.0,0.0,0,0,0,1,1
PublicTest_88085937.jpg,0.0,0.0,0.0,0,0,0,1,1
PublicTest_88420742.jpg,0.0,0.0,0.0,5,5,5,1,1
PublicTest_88558122.jpg,0.0,0.0,0.0,0,0,0,1,1
PublicTest_88659438.jpg,0.0,0.0,0.0,0,0,0,1,1
PublicTest_89139321.jpg,0.0,0.0,0.0,4,4,4,1,1
PublicTest_89354196.jpg,0.0,0.0,0.0,0,0,0,1,1
PublicTest_89420020.jpg,0.0,0.0,0.0,4,4,4,1,1
PublicTest_89421273.jpg,0.0,0.0,0.0,0,0,0,1,1
PublicTest_89722367.jpg,0.0,0.0,0.0,4,4,4,1,1
PublicTest_89771874.jpg,0.0,0.0,0.0,3,3,3,1,1
PublicTest_89957354.jpg,0.0,0.0,0.0,3,3,3,1,1
PublicTest_90129237.jpg,0.0,0.0,0.0,5,5,5,1,1
PublicTest_90347378.jpg,0.0,0.0,0.0,5,5,5,1,1
PublicTest_90378794.jpg,0.0,0.0,0.0,0,0,0,1,1
PublicTest_90606955.jpg,0.0,0.0,0.0,0,0,0,1,1
PublicTest_90906370.jpg,0.0,0.0,0.0,3,3,3,1,1
PublicTest_91336201.jpg,0.0,0.0,0.0,4,4,4,1,1
PublicTest_91350708.jpg,0.0,0.0,0.0,2,2,2,1,1
PublicTest_9139860.jpg,0.0,0.0,0.0,0,0,0,1,1
PublicTest_91502575.jpg,0.0,0.0,0.0,4,4,4,1,1
PublicTest_91832148.jpg,0.0,0.0,0.0,2,2,2,1,1
PublicTest_91989040.jpg,0.0,0.0,0.0,0,0,0,1,1
PublicTest_92063997.jpg,0.0,0.0,0.0,5,5,5,1,1
PublicTest_9211328.jpg,0.0,0.0,0.0,0,0,0,1,1
PublicTest_92150074.jpg,0.0,0.0,0.0,6,6,6,1,1
PublicTest_9227570.jpg,0.0,0.0,0.0,0,0,0,1,1
PublicTest_93035101.jpg,0.0,0.0,0.0,4,4,4,1,1
PublicTest_9355068.jpg,0.0,0.0,0.0,0,0,0,1,1
PublicTest_93558553.jpg,0.0,0.0,0.0,2,2,2,1,1
PublicTest_93687979.jpg,0.0,0.0,0.0,5,5,5,1,1
PublicTest_93750598.jpg,0.0,0.0,0.0,0,0,0,1,1
PublicTest_93755857.jpg,0.0,0.0,0.0,2,2,2,1,1
PublicTest_939823.jpg,0.0,0.0,0.0,3,3,3,1,1
PublicTest_94047538.jpg,0.0,0.0,0.0,0,0,0,1,1
PublicTest_94143318.jpg,0.0,0.0,0.0,0,0,0,1,1
PublicTest_94143737.jpg,0.0,0.0,0.0,0,0,0,1,1
PublicTest_94398991.jpg,0.0,0.0,0.0,2,2,2,1,1
PublicTest_94411811.jpg,0.0,0.0,0.0,5,5,5,1,1
PublicTest_9442610.jpg,0.0,0.0,0.0,2,2,2,1,1
PublicTest_94454233.jpg,0.0,0.0,0.0,0,0,0,1,1
PublicTest_94771272.jpg,0.0,0.0,0.0,5,5,5,1,1
PublicTest_94892531.jpg,0.0,0.0,0.0,5,5,5,1,1
PublicTest_94935984.jpg,0.0,0.0,0.0,0,0,0,1,1
PublicTest_94948547.jpg,0.0,0.0,0.0,0,0,0,1,1
PublicTest_94978869.jpg,0.0,0.0,0.0,0,0,0,1,1
PublicTest_95011486.jpg,0.0,0.0,0.0,3,3,3,1,1
PublicTest_95083562.jpg,0.0,0.0,0.0,5,5,5,1,1
PublicTest_95102468.jpg,0.0,0.0,0.0,0,0,0,1,1
PublicTest_95548862.jpg,0.0,0.0,0.0,2,2,2,1,1
PublicTest_95568842.jpg,0.0,0.0,0.0,2,2,2,1,1
PublicTest_95625709.jpg,0.0,0.0,0.0,5,5,5,1,1
PublicTest_96057304.jpg,0.0,0.0,0.0,3,3,3,1,1
PublicTest_96104154.jpg,0.0,0.0,0.0,2,2,2,1,1
PublicTest_9617686.jpg,0.0,0.0,0.0,2,2,2,1,1
PublicTest_96319460.jpg,0.0,0.0,0.0,4,4,4,1,1
PublicTest_96323579.jpg,0.0,0.0,0.0,0,0,0,1,1
PublicTest_96387819.jpg,0.0,0.0,0.0,0,0,0,1,1
PublicTest_96557391.jpg,0.0,0.0,0.0,3,3,3,1,1
PublicTest_96718734.jpg,0.0,0.0,0.0,0,0,0,1,1
PublicTest_96736762.jpg,0.0,0.0,0.0,0,0,0,1,1
PublicTest_97098619.jpg,0.0,0.0,0.0,0,0,0,1,1
PublicTest_97566169.jpg,0.0,0.0,0.0,0,0,0,1,1
PublicTest_97580990.jpg,0.0,0.0,0.0,0,0,0,1,1
PublicTest_97727923.jpg,0.0,0.0,0.0,0,0,0,1,1
PublicTest_97851526.jpg,0.0,0.0,0.0,3,3,3,1,1
PublicTest_98588078.jpg,0.0,0.0,0.0,0,0,0,1,1
PublicTest_98688227.jpg,0.0,0.0,0.0,5,5,5,1,1
PublicTest_98706886.jpg,0.0,0.0,0.0,0,0,0,1,1
PublicTest_98752607.jpg,0.0,0.0,0.0,4,4,4,1,1
PublicTest_98768812.jpg,0.0,0.0,0.0,6,6,6,1,1
PublicTest_98981806.jpg,0.0,0.0,0.0,0,0,0,1,1
PublicTest_99187740.jpg,0.0,0.0,0.0,0,0,0,1,1
PublicTest_99365116.jpg,0.0,0.0,0.0,0,0,0,1,1
PublicTest_99509833.jpg,0.0,0.0,0.0,0,0,0,1,1
PublicTest_99607072.jpg,0.0,0.0,0.0,4,4,4,1,1
PublicTest_99646813.jpg,0.0,0.0,0.0,0,0,0,1,1
PublicTest_99743122.jpg,0.0,0.0,0.0,4,4,4,1,1
PublicTest_11387162.jpg,0.0,0.0,0.0,1,1,1,1,1
PublicTest_1145545.jpg,0.0,0.0,0.0,0,0,0,1,1
PublicTest_1274561.jpg,0.0,0.0,0.0,4,4,4,1,1
PublicTest_15466645.jpg,0.0,0.0,0.0,1,1,1,1,1
PublicTest_15595284.jpg,0.0,0.0,0.0,1,1,1,1,1
PublicTest_16053137.jpg,0.0,0.0,0.0,1,1,1,1,1
PublicTest_1799001.jpg,0.0,0.0,0.0,2,2,2,1,1
PublicTest_1829684.jpg,0.0,0.0,0.0,1,1,1,1,1
PublicTest_20464211.jpg,0.0,0.0,0.0,5,5,5,1,1
PublicTest_2183494.jpg,0.0,0.0,0.0,1,1,1,1,1
PublicTest_28485599.jpg,0.0,0.0,0.0,2,2,2,1,1
PublicTest_30164595.jpg,0.0,0.0,0.0,0,0,0,1,1
PublicTest_31237465.jpg,0.0,0.0,0.0,3,3,3,1,1
PublicTest_32023453.jpg,0.0,0.0,0.0,2,2,2,1,1
PublicTest_35686619.jpg,0.0,0.0,0.0,1,1,1,1,1
PublicTest_37923555.jpg,0.0,0.0,0.0,4,4,4,1,1
PublicTest_39191720.jpg,0.0,0.0,0.0,6,6,6,1,1
PublicTest_41393563.jpg,0.0,0.0,0.0,1,1,1,1,1
PublicTest_41633403.jpg,0.0,0.0,0.0,1,1,1,1,1
PublicTest_42217610.jpg,0.0,0.0,0.0,1,1,1,1,1
PublicTest_43293519.jpg,0.0,0.0,0.0,1,1,1,1,1
PublicTest_48565094.jpg,0.0,0.0,0.0,2,2,2,1,1
PublicTest_48953105.jpg,0.0,0.0,0.0,0,0,0,1,1
PublicTest_49034123.jpg,0.0,0.0,0.0,1,1,1,1,1
PublicTest_52803288.jpg,0.0,0.0,0.0,5,5,5,1,1
PublicTest_56572858.jpg,0.0,0.0,0.0,1,1,1,1,1
PublicTest_57331986.jpg,0.0,0.0,0.0,1,1,1,1,1
PublicTest_57583458.jpg,0.0,0.0,0.0,1,1,1,1,1
PublicTest_58268614.jpg,0.0,0.0,0.0,3,3,3,1,1
PublicTest_59459424.jpg,0.0,0.0,0.0,5,5,5,1,1
PublicTest_60245179.jpg,0.0,0.0,0.0,4,4,4,1,1
PublicTest_67431170.jpg,0.0,0.0,0.0,3,3,3,1,1
PublicTest_67559665.jpg,0.0,0.0,0.0,5,5,5,1,1
PublicTest_67735286.jpg,0.0,0.0,0.0,1,1,1,1,1
PublicTest_70868923.jpg,0.0,0.0,0.0,1,1,1,1,1
PublicTest_75779.jpg,0.0,0.0,0.0,1,1,1,1,1
PublicTest_75786377.jpg,0.0,0.0,0.0,0,0,0,1,1
PublicTest_75935933.jpg,0.0,0.0,0.0,1,1,1,1,1
PublicTest_78907529.jpg,0.0,0.0,0.0,0,0,0,1,1
PublicTest_79534348.jpg,0.0,0.0,0.0,1,1,1,1,1
PublicTest_82624961.jpg,0.0,0.0,0.0,1,1,1,1,1
PublicTest_83844004.jpg,0.0,0.0,0.0,0,0,0,1,1
PublicTest_84280276.jpg,0.0,0.0,0.0,0,0,0,1,1
PublicTest_84732279.jpg,0.0,0.0,0.0,1,1,1,1,1
PublicTest_85498443.jpg,0.0,0.0,0.0,3,3,3,1,1
PublicTest_85587942.jpg,0.0,0.0,0.0,1,1,1,1,1
PublicTest_86861373.jpg,0.0,0.0,0.0,1,1,1,1,1
PublicTest_86888698.jpg,0.0,0.0,0.0,1,1,1,1,1
PublicTest_89570683.jpg,0.0,0.0,0.0,1,1,1,1,1
PublicTest_93710701.jpg,0.0,0.0,0.0,1,1,1,1,1
PublicTest_96161493.jpg,0.0,0.0,0.0,0,0,0,1,1
PublicTest_9727119.jpg,0.0,0.0,0.0,0,0,0,1,1
PublicTest_97476336.jpg,0.0,0.0,0.0,5,5,5,1,1
PublicTest_98815442.jpg,0.0,0.0,0.0,2,2,2,1,1
PublicTest_99162116.jpg,0.0,0.0,0.0,5,5,5,1,1
PublicTest_9982221.jpg,0.0,0.0,0.0,1,1,1,1,1
PublicTest_10150476.jpg,0.0,0.0,0.0,4,4,4,1,1
PublicTest_10434403.jpg,0.0,0.0,0.0,4,4,4,1,1
PublicTest_10640936.jpg,0.0,0.0,0.0,5,5,5,1,1
PublicTest_10889919.jpg,0.0,0.0,0.0,3,3,3,1,1
PublicTest_10918056.jpg,0.0,0.0,0.0,2,2,2,1,1
PublicTest_11033149.jpg,0.0,0.0,0.0,2,2,2,1,1
PublicTest_11067233.jpg,0.0,0.0,0.0,3,3,3,1,1
PublicTest_11341474.jpg,0.0,0.0,0.0,5,5,5,1,1
PublicTest_1156070.jpg,0.0,0.0,0.0,2,2,2,1,1
PublicTest_11644558.jpg,0.0,0.0,0.0,2,2,2,1,1
PublicTest_1176231.jpg,0.0,0.0,0.0,4,4,4,1,1
PublicTest_11794960.jpg,0.0,0.0,0.0,2,2,2,1,1
PublicTest_11909521.jpg,0.0,0.0,0.0,6,6,6,1,1
PublicTest_11980817.jpg,0.0,0.0,0.0,2,2,2,1,1
PublicTest_12094155.jpg,0.0,0.0,0.0,2,2,2,1,1
PublicTest_12141921.jpg,0.0,0.0,0.0,2,2,2,1,1
PublicTest_12212699.jpg,0.0,0.0,0.0,5,5,5,1,1
PublicTest_12214722.jpg,0.0,0.0,0.0,2,2,2,1,1
PublicTest_12382650.jpg,0.0,0.0,0.0,2,2,2,1,1
PublicTest_12530044.jpg,0.0,0.0,0.0,2,2,2,1,1
PublicTest_12576341.jpg,0.0,0.0,0.0,2,2,2,1,1
PublicTest_12834886.jpg,0.0,0.0,0.0,6,6,6,1,1
PublicTest_13298610.jpg,0.0,0.0,0.0,2,2,2,1,1
PublicTest_13434826.jpg,0.0,0.0,0.0,2,2,2,1,1
PublicTest_13590004.jpg,0.0,0.0,0.0,4,4,4,1,1
PublicTest_13690312.jpg,0.0,0.0,0.0,5,5,5,1,1
PublicTest_14308651.jpg,0.0,0.0,0.0,1,1,1,1,1
PublicTest_14504897.jpg,0.0,0.0,0.0,5,5,5,1,1
PublicTest_14530216.jpg,0.0,0.0,0.0,0,0,0,1,1
PublicTest_14552187.jpg,0.0,0.0,0.0,2,2,2,1,1
PublicTest_14562440.jpg,0.0,0.0,0.0,2,2,2,1,1
PublicTest_14634017.jpg,0.0,0.0,0.0,2,2,2,1,1
PublicTest_14725767.jpg,0.0,0.0,0.0,5,5,5,1,1
PublicTest_14799038.jpg,0.0,0.0,0.0,2,2,2,1,1
PublicTest_15288557.jpg,0.0,0.0,0.0,5,5,5,1,1
PublicTest_15426844.jpg,0.0,0.0,0.0,5,5,5,1,1
PublicTest_15468267.jpg,0.0,0.0,0.0,0,0,0,1,1
PublicTest_15513858.jpg,0.0,0.0,0.0,3,3,3,1,1
PublicTest_15622568.jpg,0.0,0.0,0.0,5,5,5,1,1
PublicTest_16406476.jpg,0.0,0.0,0.0,0,0,0,1,1
PublicTest_16937676.jpg,0.0,0.0,0.0,4,4,4,1,1
PublicTest_16999378.jpg,0.0,0.0,0.0,4,4,4,1,1
PublicTest_17144661.jpg,0.0,0.0,0.0,2,2,2,1,1
PublicTest_17231955.jpg,0.0,0.0,0.0,2,2,2,1,1
PublicTest_17708119.jpg,0.0,0.0,0.0,2,2,2,1,1
PublicTest_17776664.jpg,0.0,0.0,0.0,3,3,3,1,1
PublicTest_18140182.jpg,0.0,0.0,0.0,4,4,4,1,1
PublicTest_181976.jpg,0.0,0.0,0.0,3,3,3,1,1
PublicTest_18248685.jpg,0.0,0.0,0.0,2,2,2,1,1
PublicTest_1833321.jpg,0.0,0.0,0.0,4,4,4,1,1
PublicTest_18695448.jpg,0.0,0.0,0.0,2,2,2,1,1
PublicTest_18699376.jpg,0.0,0.0,0.0,6,6,6,1,1
PublicTest_18874214.jpg,0.0,0.0,0.0,2,2,2,1,1
PublicTest_18887977.jpg,0.0,0.0,0.0,0,0,0,1,1
PublicTest_19208071.jpg,0.0,0.0,0.0,2,2,2,1,1
PublicTest_19403573.jpg,0.0,0.0,0.0,2,2,2,1,1
PublicTest_19459861.jpg,0.0,0.0,0.0,5,5,5,1,1
PublicTest_1953927.jpg,0.0,0.0,0.0,4,4,4,1,1
PublicTest_19934586.jpg,0.0,0.0,0.0,0,0,0,1,1
PublicTest_1993563.jpg,0.0,0.0,0.0,5,5,5,1,1
PublicTest_19991357.jpg,0.0,0.0,0.0,4,4,4,1,1
PublicTest_20103075.jpg,0.0,0.0,0.0,4,4,4,1,1
PublicTest_20185613.jpg,0.0,0.0,0.0,2,2,2,1,1
PublicTest_20506001.jpg,0.0,0.0,0.0,0,0,0,1,1
PublicTest_21094378.jpg,0.0,0.0,0.0,0,0,0,1,1
PublicTest_21139848.jpg,0.0,0.0,0.0,2,2,2,1,1
PublicTest_21255570.jpg,0.0,0.0,0.0,2,2,2,1,1
PublicTest_21354785.jpg,0.0,0.0,0.0,2,2,2,1,1
PublicTest_21540065.jpg,0.0,0.0,0.0,2,2,2,1,1
PublicTest_21596649.jpg,0.0,0.0,0.0,2,2,2,1,1
PublicTest_21625918.jpg,0.0,0.0,0.0,2,2,2,1,1
PublicTest_21646693.jpg,0.0,0.0,0.0,2,2,2,1,1
PublicTest_21789246.jpg,0.0,0.0,0.0,3,3,3,1,1
PublicTest_21790970.jpg,0.0,0.0,0.0,2,2,2,1,1
PublicTest_21944681.jpg,0.0,0.0,0.0,2,2,2,1,1
PublicTest_22003953.jpg,0.0,0.0,0.0,2,2,2,1,1
PublicTest_22444560.jpg,0.0,0.0,0.0,2,2,2,1,1
PublicTest_23095764.jpg,0.0,0.0,0.0,0,0,0,1,1
PublicTest_23140926.jpg,0.0,0.0,0.0,2,2,2,1,1
PublicTest_23808994.jpg,0.0,0.0,0.0,4,4,4,1,1
PublicTest_23835267.jpg,0.0,0.0,0.0,2,2,2,1,1
PublicTest_2397242.jpg,0.0,0.0,0.0,0,0,0,1,1
PublicTest_24421404.jpg,0.0,0.0,0.0,2,2,2,1,1
PublicTest_24421678.jpg,0.0,0.0,0.0,0,0,0,1,1
PublicTest_24478472.jpg,0.0,0.0,0.0,2,2,2,1,1
PublicTest_24587909.jpg,0.0,0.0,0.0,5,5,5,1,1
PublicTest_24599099.jpg,0.0,0.0,0.0,2,2,2,1,1
PublicTest_2473254.jpg,0.0,0.0,0.0,0,0,0,1,1
PublicTest_24843180.jpg,0.0,0.0,0.0,4,4,4,1,1
PublicTest_24866713.jpg,0.0,0.0,0.0,2,2,2,1,1
PublicTest_24939765.jpg,0.0,0.0,0.0,2,2,2,1,1
PublicTest_24988488.jpg,0.0,0.0,0.0,4,4,4,1,1
PublicTest_25197269.jpg,0.0,0.0,0.0,5,5,5,1,1
PublicTest_25295850.jpg,0.0,0.0,0.0,2,2,2,1,1
PublicTest_25538177.jpg,0.0,0.0,0.0,0,0,0,1,1
PublicTest_25539273.jpg,0.0,0.0,0.0,5,5,5,1,1
PublicTest_25701502.jpg,0.0,0.0,0.0,2,2,2,1,1
PublicTest_25824648.jpg,0.0,0.0,0.0,2,2,2,1,1
PublicTest_26667133.jpg,0.0,0.0,0.0,2,2,2,1,1
PublicTest_26755252.jpg,0.0,0.0,0.0,1,1,1,1,1
PublicTest_26800739.jpg,0.0,0.0,0.0,2,2,2,1,1
PublicTest_26892656.jpg,0.0,0.0,0.0,5,5,5,1,1
PublicTest_26901.jpg,0.0,0.0,0.0,2,2,2,1,1
PublicTest_26965689.jpg,0.0,0.0,0.0,1,1,1,1,1
PublicTest_2725530.jpg,0.0,0.0,0.0,0,0,0,1,1
PublicTest_27550898.jpg,0.0,0.0,0.0,0,0,0,1,1
PublicTest_27969637.jpg,0.0,0.0,0.0,2,2,2,1,1
PublicTest_28144831.jpg,0.0,0.0,0.0,5,5,5,1,1
PublicTest_28257424.jpg,0.0,0.0,0.0,3,3,3,1,1
PublicTest_28361451.jpg,0.0,0.0,0.0,5,5,5,1,1
PublicTest_29131785.jpg,0.0,0.0,0.0,6,6,6,1,1
PublicTest_29394930.jpg,0.0,0.0,0.0,5,5,5,1,1
PublicTest_30043768.jpg,0.0,0.0,0.0,2,2,2,1,1
PublicTest_30139396.jpg,0.0,0.0,0.0,2,2,2,1,1
PublicTest_30717459.jpg,0.0,0.0,0.0,4,4,4,1,1
PublicTest_3086594.jpg,0.0,0.0,0.0,3,3,3,1,1
PublicTest_30887285.jpg,0.0,0.0,0.0,5,5,5,1,1
PublicTest_30962240.jpg,0.0,0.0,0.0,2,2,2,1,1
PublicTest_31261199.jpg,0.0,0.0,0.0,5,5,5,1,1
PublicTest_3129291.jpg,0.0,0.0,0.0,2,2,2,1,1
PublicTest_31519893.jpg,0.0,0.0,0.0,2,2,2,1,1
PublicTest_3153715.jpg,0.0,0.0,0.0,2,2,2,1,1
PublicTest_31930531.jpg,0.0,0.0,0.0,0,0,0,1,1
PublicTest_32121334.jpg,0.0,0.0,0.0,2,2,2,1,1
PublicTest_33230360.jpg,0.0,0.0,0.0,2,2,2,1,1
PublicTest_33267203.jpg,0.0,0.0,0.0,0,0,0,1,1
PublicTest_33783161.jpg,0.0,0.0,0.0,2,2,2,1,1
PublicTest_34231050.jpg,0.0,0.0,0.0,6,6,6,1,1
PublicTest_34419475.jpg,0.0,0.0,0.0,2,2,2,1,1
PublicTest_34546767.jpg,0.0,0.0,0.0,2,2,2,1,1
PublicTest_34725898.jpg,0.0,0.0,0.0,2,2,2,1,1
PublicTest_35332421.jpg,0.0,0.0,0.0,0,0,0,1,1
PublicTest_35473375.jpg,0.0,0.0,0.0,2,2,2,1,1
PublicTest_35575543.jpg,0.0,0.0,0.0,5,5,5,1,1
PublicTest_3565829.jpg,0.0,0.0,0.0,0,0,0,1,1
PublicTest_35942707.jpg,0.0,0.0,0.0,5,5,5,1,1
PublicTest_35972548.jpg,0.0,0.0,0.0,2,2,2,1,1
PublicTest_3598893.jpg,0.0,0.0,0.0,4,4,4,1,1
PublicTest_3604561.jpg,0.0,0.0,0.0,5,5,5,1,1
PublicTest_36087891.jpg,0.0,0.0,0.0,5,5,5,1,1
PublicTest_36469706.jpg,0.0,0.0,0.0,0,0,0,1,1
PublicTest_36482124.jpg,0.0,0.0,0.0,5,5,5,1,1
PublicTest_36552677.jpg,0.0,0.0,0.0,2,2,2,1,1
PublicTest_37108590.jpg,0.0,0.0,0.0,2,2,2,1,1
PublicTest_37823738.jpg,0.0,0.0,0.0,2,2,2,1,1
PublicTest_38533374.jpg,0.0,0.0,0.0,0,0,0,1,1
PublicTest_3858920.jpg,0.0,0.0,0.0,0,0,0,1,1
PublicTest_38753807.jpg,0.0,0.0,0.0,0,0,4,1,0
PublicTest_38757003.jpg,0.0,0.0,0.0,2,2,2,1,1
PublicTest_38851778.jpg,0.0,0.0,0.0,4,4,4,1,1
PublicTest_38922004.jpg,0.0,0.0,0.0,5,5,5,1,1
PublicTest_39114922.jpg,0.0,0.0,0.0,2,2,2,1,1
PublicTest_39310903.jpg,0.0,0.0,0.0,5,5,5,1,1
PublicTest_39595925.jpg,0.0,0.0,0.0,6,6,6,1,1
PublicTest_39772948.jpg,0.0,0.0,0.0,2,2,2,1,1
PublicTest_40089687.jpg,0.0,0.0,0.0,6,6,6,1,1
PublicTest_40273600.jpg,0.0,0.0,0.0,2,2,2,1,1
PublicTest_40298698.jpg,0.0,0.0,0.0,4,4,4,1,1
PublicTest_40311570.jpg,0.0,0.0,0.0,6,6,6,1,1
PublicTest_40423206.jpg,0.0,0.0,0.0,2,2,2,1,1
PublicTest_40981629.jpg,0.0,0.0,0.0,6,6,6,1,1
PublicTest_41247372.jpg,0.0,0.0,0.0,2,2,2,1,1
PublicTest_41415927.jpg,0.0,0.0,0.0,5,5,5,1,1
PublicTest_4163932.jpg,0.0,0.0,0.0,5,5,5,1,1
PublicTest_41743385.jpg,0.0,0.0,0.0,2,2,2,1,1
PublicTest_41751585.jpg,0.0,0.0,0.0,2,2,2,1,1
PublicTest_41849972.jpg,0.0,0.0,0.0,5,5,5,1,1
PublicTest_42109927.jpg,0.0,0.0,0.0,0,0,0,1,1
PublicTest_42755313.jpg,0.0,0.0,0.0,0,0,0,1,1
PublicTest_42800790.jpg,0.0,0.0,0.0,0,0,0,1,1
PublicTest_4289779.jpg,0.0,0.0,0.0,2,2,2,1,1
PublicTest_43010364.jpg,0.0,0.0,0.0,4,4,4,1,1
PublicTest_43074366.jpg,0.0,0.0,0.0,3,3,3,1,1
PublicTest_43267704.jpg,0.0,0.0,0.0,5,5,5,1,1
PublicTest_43304350.jpg,0.0,0.0,0.0,2,2,2,1,1
PublicTest_43305510.jpg,0.0,0.0,0.0,4,4,4,1,1
PublicTest_43491160.jpg,0.0,0.0,0.0,2,2,2,1,1
PublicTest_43997808.jpg,0.0,0.0,0.0,4,4,4,1,1
PublicTest_44079592.jpg,0.0,0.0,0.0,2,2,2,1,1
PublicTest_44139516.jpg,0.0,0.0,0.0,3,3,3,1,1
PublicTest_44193720.jpg,0.0,0.0,0.0,2,2,2,1,1
PublicTest_44233912.jpg,0.0,0.0,0.0,3,3,3,1,1
PublicTest_44296746.jpg,0.0,0.0,0.0,2,2,2,1,1
PublicTest_44457627.jpg,0.0,0.0,0.0,6,6,6,1,1
PublicTest_44530302.jpg,0.0,0.0,0.0,2,2,2,1,1
PublicTest_4471513.jpg,0.0,0.0,0.0,2,2,2,1,1
PublicTest_4506555.jpg,0.0,0.0,0.0,1,1,1,1,1
PublicTest_45316789.jpg,0.0,0.0,0.0,3,3,3,1,1
PublicTest_4536412.jpg,0.0,0.0,0.0,2,2,2,1,1
PublicTest_4555024.jpg,0.0,0.0,0.0,0,0,0,1,1
PublicTest_45660596.jpg,0.0,0.0,0.0,2,2,2,1,1
PublicTest_45742840.jpg,0.0,0.0,0.0,2,2,2,1,1
PublicTest_4600014.jpg,0.0,0.0,0.0,5,5,5,1,1
PublicTest_46279040.jpg,0.0,0.0,0.0,2,2,2,1,1
PublicTest_46537524.jpg,0.0,0.0,0.0,2,2,2,1,1
PublicTest_47096185.jpg,0.0,0.0,0.0,0,0,0,1,1
PublicTest_47128693.jpg,0.0,0.0,0.0,2,2,2,1,1
PublicTest_47196221.jpg,0.0,0.0,0.0,5,5,5,1,1
PublicTest_47272764.jpg,0.0,0.0,0.0,2,2,2,1,1
PublicTest_47273940.jpg,0.0,0.0,0.0,2,2,2,1,1
PublicTest_47368423.jpg,0.0,0.0,0.0,2,2,2,1,1
PublicTest_47465743.jpg,0.0,0.0,0.0,2,2,2,1,1
PublicTest_47502306.jpg,0.0,0.0,0.0,5,5,5,1,1
PublicTest_4791295.jpg,0.0,0.0,0.0,2,2,2,1,1
PublicTest_48037868.jpg,0.0,0.0,0.0,0,0,0,1,1
PublicTest_48043281.jpg,0.0,0.0,0.0,2,2,2,1,1
PublicTest_48109397.jpg,0.0,0.0,0.0,5,5,5,1,1
PublicTest_48286360.jpg,0.0,0.0,0.0,2,2,2,1,1
PublicTest_48535769.jpg,0.0,0.0,0.0,0,0,0,1,1
PublicTest_48672907.jpg,0.0,0.0,0.0,0,0,0,1,1
PublicTest_48705256.jpg,0.0,0.0,0.0,5,5,5,1,1
PublicTest_4883166.jpg,0.0,0.0,0.0,2,2,2,1,1
PublicTest_48885331.jpg,0.0,0.0,0.0,5,5,5,1,1
PublicTest_49043926.jpg,0.0,0.0,0.0,2,2,2,1,1
PublicTest_49414561.jpg,0.0,0.0,0.0,5,5,5,1,1
PublicTest_49583118.jpg,0.0,0.0,0.0,4,4,4,1,1
PublicTest_49651304.jpg,0.0,0.0,0.0,2,2,2,1,1
PublicTest_49809277.jpg,0.0,0.0,0.0,2,2,2,1,1
PublicTest_49838260.jpg,0.0,0.0,0.0,2,2,2,1,1
PublicTest_50055739.jpg,0.0,0.0,0.0,2,2,2,1,1
PublicTest_50181562.jpg,0.0,0.0,0.0,5,5,5,1,1
PublicTest_50361848.jpg,0.0,0.0,0.0,6,6,6,1,1
PublicTest_50859184.jpg,0.0,0.0,0.0,5,5,5,1,1
PublicTest_50929410.jpg,0.0,0.0,0.0,2,2,2,1,1
PublicTest_50942982.jpg,0.0,0.0,0.0,2,2,2,1,1
PublicTest_51122084.jpg,0.0,0.0,0.0,2,2,2,1,1
PublicTest_51339548.jpg,0.0,0.0,0.0,2,2,2,1,1
PublicTest_51379102.jpg,0.0,0.0,0.0,0,0,0,1,1
PublicTest_51458119.jpg,0.0,0.0,0.0,5,5,5,1,1
PublicTest_51722533.jpg,0.0,0.0,0.0,2,2,2,1,1
PublicTest_51813787.jpg,0.0,0.0,0.0,5,5,5,1,1
PublicTest_52400353.jpg,0.0,0.0,0.0,2,2,2,1,1
PublicTest_52415675.jpg,0.0,0.0,0.0,4,4,4,1,1
PublicTest_52543058.jpg,0.0,0.0,0.0,2,2,2,1,1
PublicTest_52603425.jpg,0.0,0.0,0.0,2,2,2,1,1
PublicTest_53004638.jpg,0.0,0.0,0.0,0,0,0,1,1
PublicTest_53102731.jpg,0.0,0.0,0.0,2,2,2,1,1
PublicTest_53132554.jpg,0.0,0.0,0.0,3,3,2,1,0
PublicTest_5323878.jpg,0.0,0.0,0.0,2,2,2,1,1
PublicTest_53277691.jpg,0.0,0.0,0.0,6,6,6,1,1
PublicTest_53280535.jpg,0.0,0.0,0.0,6,6,6,1,1
PublicTest_53705746.jpg,0.0,0.0,0.0,2,2,2,1,1
PublicTest_53861404.jpg,0.0,0.0,0.0,6,6,6,1,1
PublicTest_54035618.jpg,0.0,0.0,0.0,2,2,2,1,1
PublicTest_54050404.jpg,0.0,0.0,0.0,0,0,0,1,1
PublicTest_54093298.jpg,0.0,0.0,0.0,4,4,4,1,1
PublicTest_54848341.jpg,0.0,0.0,0.0,4,4,4,1,1
PublicTest_55137844.jpg,0.0,0.0,0.0,2,2,2,1,1
PublicTest_55321818.jpg,0.0,0.0,0.0,0,0,0,1,1
PublicTest_55429736.jpg,0.0,0.0,0.0,2,2,2,1,1
PublicTest_55887974.jpg,0.0,0.0,0.0,2,2,2,1,1
PublicTest_56278216.jpg,0.0,0.0,0.0,4,4,4,1,1
PublicTest_56353228.jpg,0.0,0.0,0.0,3,3,3,1,1
PublicTest_56459096.jpg,0.0,0.0,0.0,2,2,2,1,1
PublicTest_57219937.jpg,0.0,0.0,0.0,5,5,5,1,1
PublicTest_57465563.jpg,0.0,0.0,0.0,5,5,5,1,1
PublicTest_5757720.jpg,0.0,0.0,0.0,2,2,2,1,1
PublicTest_57588626.jpg,0.0,0.0,0.0,5,5,5,1,1
PublicTest_57613550.jpg,0.0,0.0,0.0,2,2,2,1,1
PublicTest_57808750.jpg,0.0,0.0,0.0,4,4,4,1,1
PublicTest_58002713.jpg,0.0,0.0,0.0,0,0,0,1,1
PublicTest_58142779.jpg,0.0,0.0,0.0,2,2,2,1,1
PublicTest_58337832.jpg,0.0,0.0,0.0,2,2,2,1,1
PublicTest_58396869.jpg,0.0,0.0,0.0,4,4,4,1,1
PublicTest_58406901.jpg,0.0,0.0,0.0,5,5,5,1,1
PublicTest_5842616.jpg,0.0,0.0,0.0,2,2,2,1,1
PublicTest_58613885.jpg,0.0,0.0,0.0,5,5,5,1,1
PublicTest_58756471.jpg,0.0,0.0,0.0,5,5,5,1,1
PublicTest_58828837.jpg,0.0,0.0,0.0,5,5,5,1,1
PublicTest_58972839.jpg,0.0,0.0,0.0,2,2,2,1,1
PublicTest_59027649.jpg,0.0,0.0,0.0,6,6,6,1,1
PublicTest_59128405.jpg,0.0,0.0,0.0,2,2,2,1,1
PublicTest_59191107.jpg,0.0,0.0,0.0,4,4,4,1,1
PublicTest_59225702.jpg,0.0,0.0,0.0,4,4,4,1,1
PublicTest_59561045.jpg,0.0,0.0,0.0,2,2,2,1,1
PublicTest_59811856.jpg,0.0,0.0,0.0,2,2,2,1,1
PublicTest_59870219.jpg,0.0,0.0,0.0,2,2,2,1,1
PublicTest_60105774.jpg,0.0,0.0,0.0,2,2,2,1,1
PublicTest_60116868.jpg,0.0,0.0,0.0,0,0,0,1,1
PublicTest_60181461.jpg,0.0,0.0,0.0,2,2,2,1,1
PublicTest_60324042.jpg,0.0,0.0,0.0,6,6,6,1,1
PublicTest_60377876.jpg,0.0,0.0,0.0,6,6,6,1,1
PublicTest_60573222.jpg,0.0,0.0,0.0,2,2,2,1,1
PublicTest_60697499.jpg,0.0,0.0,0.0,0,0,5,1,0
PublicTest_60781650.jpg,0.0,0.0,0.0,5,5,5,1,1
PublicTest_60996780.jpg,0.0,0.0,0.0,5,5,5,1,1
PublicTest_61207963.jpg,0.0,0.0,0.0,2,2,2,1,1
PublicTest_61256129.jpg,0.0,0.0,0.0,6,6,6,1,1
PublicTest_61282469.jpg,0.0,0.0,0.0,4,4,4,1,1
PublicTest_61434389.jpg,0.0,0.0,0.0,0,0,0,1,1
PublicTest_61467201.jpg,0.0,0.0,0.0,2,2,2,1,1
PublicTest_61582364.jpg,0.0,0.0,0.0,2,2,2,1,1
PublicTest_61713521.jpg,0.0,0.0,0.0,2,2,2,1,1
PublicTest_61791922.jpg,0.0,0.0,0.0,3,3,3,1,1
PublicTest_6180816.jpg,0.0,0.0,0.0,2,2,2,1,1
PublicTest_62019015.jpg,0.0,0.0,0.0,2,2,2,1,1
PublicTest_62110858.jpg,0.0,0.0,0.0,2,2,2,1,1
PublicTest_62690337.jpg,0.0,0.0,0.0,4,4,4,1,1
PublicTest_63159695.jpg,0.0,0.0,0.0,2,2,2,1,1
PublicTest_63260440.jpg,0.0,0.0,0.0,5,5,5,1,1
PublicTest_63375987.jpg,0.0,0.0,0.0,2,2,2,1,1
PublicTest_63614172.jpg,0.0,0.0,0.0,0,0,0,1,1
PublicTest_64084550.jpg,0.0,0.0,0.0,2,2,2,1,1
PublicTest_64352058.jpg,0.0,0.0,0.0,2,2,2,1,1
PublicTest_64496362.jpg,0.0,0.0,0.0,2,2,2,1,1
PublicTest_64827479.jpg,0.0,0.0,0.0,2,2,2,1,1
PublicTest_64928275.jpg,0.0,0.0,0.0,6,6,6,1,1
PublicTest_65020419.jpg,0.0,0.0,0.0,6,6,6,1,1
PublicTest_65145260.jpg,0.0,0.0,0.0,5,5,5,1,1
PublicTest_65218414.jpg,0.0,0.0,0.0,0,0,0,1,1
PublicTest_65281658.jpg,0.0,0.0,0.0,2,2,2,1,1
PublicTest_65282549.jpg,0.0,0.0,0.0,0,0,0,1,1
PublicTest_65612985.jpg,0.0,0.0,0.0,2,2,2,1,1
PublicTest_65629669.jpg,0.0,0.0,0.0,0,0,0,1,1
PublicTest_65784448.jpg,0.0,0.0,0.0,2,2,2,1,1
PublicTest_6609653.jpg,0.0,0.0,0.0,4,4,4,1,1
PublicTest_66149019.jpg,0.0,0.0,0.0,4,4,4,1,1
PublicTest_66312779.jpg,0.0,0.0,0.0,2,2,2,1,1
PublicTest_66874367.jpg,0.0,0.0,0.0,4,4,4,1,1
PublicTest_66897941.jpg,0.0,0.0,0.0,2,2,2,1,1
PublicTest_67013660.jpg,0.0,0.0,0.0,5,5,5,1,1
PublicTest_67261410.jpg,0.0,0.0,0.0,6,6,6,1,1
PublicTest_67413951.jpg,0.0,0.0,0.0,2,2,2,1,1
PublicTest_68071658.jpg,0.0,0.0,0.0,2,2,2,1,1
PublicTest_68126601.jpg,0.0,0.0,0.0,5,5,5,1,1
PublicTest_68166619.jpg,0.0,0.0,0.0,2,2,2,1,1
PublicTest_68274080.jpg,0.0,0.0,0.0,0,0,0,1,1
PublicTest_68359885.jpg,0.0,0.0,0.0,6,6,6,1,1
PublicTest_69166196.jpg,0.0,0.0,0.0,4,4,4,1,1
PublicTest_69399676.jpg,0.0,0.0,0.0,3,3,3,1,1
PublicTest_69428968.jpg,0.0,0.0,0.0,2,2,2,1,1
PublicTest_69508371.jpg,0.0,0.0,0.0,4,4,4,1,1
PublicTest_69997208.jpg,0.0,0.0,0.0,2,2,2,1,1
PublicTest_70080254.jpg,0.0,0.0,0.0,4,4,4,1,1
PublicTest_70171879.jpg,0.0,0.0,0.0,2,2,2,1,1
PublicTest_70500941.jpg,0.0,0.0,0.0,2,2,2,1,1
PublicTest_70782868.jpg,0.0,0.0,0.0,2,2,2,1,1
PublicTest_71693971.jpg,0.0,0.0,0.0,0,0,0,1,1
PublicTest_71733747.jpg,0.0,0.0,0.0,2,2,2,1,1
PublicTest_72420658.jpg,0.0,0.0,0.0,2,2,2,1,1
PublicTest_72433846.jpg,0.0,0.0,0.0,5,5,5,1,1
PublicTest_72576934.jpg,0.0,0.0,0.0,6,6,6,1,1
PublicTest_72816882.jpg,0.0,0.0,0.0,2,2,2,1,1
PublicTest_72972722.jpg,0.0,0.0,0.0,2,2,2,1,1
PublicTest_73001107.jpg,0.0,0.0,0.0,5,5,5,1,1
PublicTest_73390964.jpg,0.0,0.0,0.0,3,3,3,1,1
PublicTest_73434044.jpg,0.0,0.0,0.0,6,6,6,1,1
PublicTest_73543530.jpg,0.0,0.0,0.0,2,2,2,1,1
PublicTest_73757922.jpg,0.0,0.0,0.0,5,5,5,1,1
PublicTest_73792151.jpg,0.0,0.0,0.0,2,2,2,1,1
PublicTest_74024215.jpg,0.0,0.0,0.0,2,2,2,1,1
PublicTest_74487623.jpg,0.0,0.0,0.0,4,4,4,1,1
PublicTest_74556324.jpg,0.0,0.0,0.0,6,6,6,1,1
PublicTest_74704260.jpg,0.0,0.0,0.0,4,4,4,1,1
PublicTest_74893406.jpg,0.0,0.0,0.0,5,5,5,1,1
PublicTest_7503003.jpg,0.0,0.0,0.0,2,2,2,1,1
PublicTest_75075294.jpg,0.0,0.0,0.0,2,2,2,1,1
PublicTest_75242098.jpg,0.0,0.0,0.0,5,5,5,1,1
PublicTest_75517835.jpg,0.0,0.0,0.0,4,4,4,1,1
PublicTest_76132669.jpg,0.0,0.0,0.0,2,2,2,1,1
PublicTest_76482833.jpg,0.0,0.0,0.0,0,0,0,1,1
PublicTest_76755224.jpg,0.0,0.0,0.0,2,2,2,1,1
PublicTest_76909587.jpg,0.0,0.0,0.0,5,5,5,1,1
PublicTest_76966880.jpg,0.0,0.0,0.0,6,6,6,1,1
PublicTest_77017947.jpg,0.0,0.0,0.0,0,0,0,1,1
PublicTest_77038537.jpg,0.0,0.0,0.0,2,2,2,1,1
PublicTest_77228617.jpg,0.0,0.0,0.0,2,2,2,1,1
PublicTest_77365224.jpg,0.0,0.0,0.0,5,5,5,1,1
PublicTest_77372831.jpg,0.0,0.0,0.0,2,2,2,1,1
PublicTest_77705753.jpg,0.0,0.0,0.0,2,2,2,1,1
PublicTest_77915100.jpg,0.0,0.0,0.0,2,2,2,1,1
PublicTest_78036016.jpg,0.0,0.0,0.0,6,6,6,1,1
PublicTest_78041636.jpg,0.0,0.0,0.0,6,6,6,1,1
PublicTest_78445046.jpg,0.0,0.0,0.0,5,5,5,1,1
PublicTest_7853521.jpg,0.0,0.0,0.0,4,4,4,1,1
PublicTest_78539134.jpg,0.0,0.0,0.0,4,4,4,1,1
PublicTest_78766606.jpg,0.0,0.0,0.0,4,4,4,1,1
PublicTest_78868711.jpg,0.0,0.0,0.0,5,5,5,1,1
PublicTest_79260979.jpg,0.0,0.0,0.0,4,4,4,1,1
PublicTest_79342560.jpg,0.0,0.0,0.0,4,4,4,1,1
PublicTest_79454602.jpg,0.0,0.0,0.0,2,2,2,1,1
PublicTest_79479245.jpg,0.0,0.0,0.0,2,2,2,1,1
PublicTest_79516066.jpg,0.0,0.0,0.0,2,2,2,1,1
PublicTest_79766546.jpg,0.0,0.0,0.0,0,0,0,1,1
PublicTest_79830173.jpg,0.0,0.0,0.0,5,5,5,1,1
PublicTest_8013756.jpg,0.0,0.0,0.0,4,4,4,1,1
PublicTest_80604057.jpg,0.0,0.0,0.0,4,4,4,1,1
PublicTest_80815678.jpg,0.0,0.0,0.0,0,0,0,1,1
PublicTest_80861502.jpg,0.0,0.0,0.0,2,2,2,1,1
PublicTest_80868449.jpg,0.0,0.0,0.0,6,6,6,1,1
PublicTest_80947140.jpg,0.0,0.0,0.0,2,2,2,1,1
PublicTest_81224281.jpg,0.0,0.0,0.0,4,4,4,1,1
PublicTest_81325541.jpg,0.0,0.0,0.0,2,2,2,1,1
PublicTest_81420955.jpg,0.0,0.0,0.0,2,2,2,1,1
PublicTest_81588344.jpg,0.0,0.0,0.0,2,2,2,1,1
PublicTest_81646674.jpg,0.0,0.0,0.0,2,2,2,1,1
PublicTest_81745978.jpg,0.0,0.0,0.0,6,6,6,1,1
PublicTest_81985956.jpg,0.0,0.0,0.0,5,5,5,1,1
PublicTest_81993157.jpg,0.0,0.0,0.0,2,2,2,1,1
PublicTest_82140859.jpg,0.0,0.0,0.0,2,2,2,1,1
PublicTest_8214715.jpg,0.0,0.0,0.0,5,5,5,1,1
PublicTest_82552414.jpg,0.0,0.0,0.0,5,5,5,1,1
PublicTest_82567274.jpg,0.0,0.0,0.0,2,2,2,1,1
PublicTest_82742487.jpg,0.0,0.0,0.0,2,2,2,1,1
PublicTest_83048829.jpg,0.0,0.0,0.0,0,0,0,1,1
PublicTest_83155635.jpg,0.0,0.0,0.0,4,4,4,1,1
PublicTest_8365577.jpg,0.0,0.0,0.0,2,2,2,1,1
PublicTest_83801080.jpg,0.0,0.0,0.0,5,5,5,1,1
PublicTest_83801776.jpg,0.0,0.0,0.0,6,6,6,1,1
PublicTest_83859907.jpg,0.0,0.0,0.0,2,2,2,1,1
PublicTest_83872938.jpg,0.0,0.0,0.0,2,2,2,1,1
PublicTest_8399321.jpg,0.0,0.0,0.0,5,5,5,1,1
PublicTest_84039470.jpg,0.0,0.0,0.0,2,2,2,1,1
PublicTest_84162729.jpg,0.0,0.0,0.0,2,2,2,1,1
PublicTest_84248157.jpg,0.0,0.0,0.0,5,5,5,1,1
PublicTest_84473277.jpg,0.0,0.0,0.0,2,2,2,1,1
PublicTest_8507890.jpg,0.0,0.0,0.0,2,2,2,1,1
PublicTest_85214966.jpg,0.0,0.0,0.0,6,6,6,1,1
PublicTest_8577582.jpg,0.0,0.0,0.0,5,5,5,1,1
PublicTest_858636.jpg,0.0,0.0,0.0,2,2,2,1,1
PublicTest_86120099.jpg,0.0,0.0,0.0,2,2,2,1,1
PublicTest_86202557.jpg,0.0,0.0,0.0,2,2,2,1,1
PublicTest_86240938.jpg,0.0,0.0,0.0,2,2,2,1,1
PublicTest_86245007.jpg,0.0,0.0,0.0,2,2,2,1,1
PublicTest_86484483.jpg,0.0,0.0,0.0,2,2,2,1,1
PublicTest_86498201.jpg,0.0,0.0,0.0,2,2,2,1,1
PublicTest_86755427.jpg,0.0,0.0,0.0,5,5,5,1,1
PublicTest_86785862.jpg,0.0,0.0,0.0,2,2,2,1,1
PublicTest_87067478.jpg,0.0,0.0,0.0,2,2,2,1,1
PublicTest_87155807.jpg,0.0,0.0,0.0,2,2,2,1,1
PublicTest_87266057.jpg,0.0,0.0,0.0,2,2,2,1,1
PublicTest_88731382.jpg,0.0,0.0,0.0,2,2,2,1,1
PublicTest_8877539.jpg,0.0,0.0,0.0,5,5,5,1,1
PublicTest_89131102.jpg,0.0,0.0,0.0,5,5,5,1,1
PublicTest_89618613.jpg,0.0,0.0,0.0,4,4,4,1,1
PublicTest_89806835.jpg,0.0,0.0,0.0,2,2,2,1,1
PublicTest_90054059.jpg,0.0,0.0,0.0,4,4,4,1,1
PublicTest_9005511.jpg,0.0,0.0,0.0,0,0,0,1,1
PublicTest_900626.jpg,0.0,0.0,0.0,2,2,2,1,1
PublicTest_90376832.jpg,0.0,0.0,0.0,2,2,2,1,1
PublicTest_90994581.jpg,0.0,0.0,0.0,2,2,2,1,1
PublicTest_91000842.jpg,0.0,0.0,0.0,2,2,2,1,1
PublicTest_91136739.jpg,0.0,0.0,0.0,2,2,2,1,1
PublicTest_91188674.jpg,0.0,0.0,0.0,2,2,2,1,1
PublicTest_9140888.jpg,0.0,0.0,0.0,0,0,0,1,1
PublicTest_91428434.jpg,0.0,0.0,0.0,3,3,3,1,1
PublicTest_91481838.jpg,0.0,0.0,0.0,2,2,2,1,1
PublicTest_91606029.jpg,0.0,0.0,0.0,0,0,0,1,1
PublicTest_91839163.jpg,0.0,0.0,0.0,2,2,2,1,1
PublicTest_91907125.jpg,0.0,0.0,0.0,2,2,2,1,1
PublicTest_92013759.jpg,0.0,0.0,0.0,4,4,4,1,1
PublicTest_92046854.jpg,0.0,0.0,0.0,4,4,4,1,1
PublicTest_92531956.jpg,0.0,0.0,0.0,5,5,5,1,1
PublicTest_92576393.jpg,0.0,0.0,0.0,2,2,2,1,1
PublicTest_93211854.jpg,0.0,0.0,0.0,2,2,2,1,1
PublicTest_93505568.jpg,0.0,0.0,0.0,2,2,2,1,1
PublicTest_93669392.jpg,0.0,0.0,0.0,2,2,2,1,1
PublicTest_93717101.jpg,0.0,0.0,0.0,0,0,0,1,1
PublicTest_93745770.jpg,0.0,0.0,0.0,2,2,2,1,1
PublicTest_93770616.jpg,0.0,0.0,0.0,2,2,2,1,1
PublicTest_93843813.jpg,0.0,0.0,0.0,5,5,5,1,1
PublicTest_94013187.jpg,0.0,0.0,0.0,2,2,2,1,1
PublicTest_94139578.jpg,0.0,0.0,0.0,4,4,4,1,1
PublicTest_94212648.jpg,0.0,0.0,0.0,6,6,6,1,1
PublicTest_94232097.jpg,0.0,0.0,0.0,0,0,0,1,1
PublicTest_94395126.jpg,0.0,0.0,0.0,5,5,5,1,1
PublicTest_94855961.jpg,0.0,0.0,0.0,6,6,6,1,1
PublicTest_94992549.jpg,0.0,0.0,0.0,2,2,2,1,1
PublicTest_9506885.jpg,0.0,0.0,0.0,2,2,2,1,1
PublicTest_95143929.jpg,0.0,0.0,0.0,2,2,2,1,1
PublicTest_95240185.jpg,0.0,0.0,0.0,0,0,0,1,1
PublicTest_95508061.jpg,0.0,0.0,0.0,2,2,2,1,1
PublicTest_95604418.jpg,0.0,0.0,0.0,2,2,2,1,1
PublicTest_95720350.jpg,0.0,0.0,0.0,2,2,2,1,1
PublicTest_95993464.jpg,0.0,0.0,0.0,4,4,4,1,1
PublicTest_96013755.jpg,0.0,0.0,0.0,2,2,2,1,1
PublicTest_96199564.jpg,0.0,0.0,0.0,5,5,5,1,1
PublicTest_96284197.jpg,0.0,0.0,0.0,2,2,2,1,1
PublicTest_96393091.jpg,0.0,0.0,0.0,5,5,5,1,1
PublicTest_96542087.jpg,0.0,0.0,0.0,2,2,2,1,1
PublicTest_96632078.jpg,0.0,0.0,0.0,2,2,2,1,1
PublicTest_9695987.jpg,0.0,0.0,0.0,3,3,3,1,1
PublicTest_97108933.jpg,0.0,0.0,0.0,0,0,0,1,1
PublicTest_97223667.jpg,0.0,0.0,0.0,2,2,2,1,1
PublicTest_9757705.jpg,0.0,0.0,0.0,3,3,3,1,1
PublicTest_977248.jpg,0.0,0.0,0.0,2,2,2,1,1
PublicTest_9780746.jpg,0.0,0.0,0.0,2,2,2,1,1
PublicTest_98053324.jpg,0.0,0.0,0.0,5,5,5,1,1
PublicTest_98301645.jpg,0.0,0.0,0.0,6,6,6,1,1
PublicTest_98414766.jpg,0.0,0.0,0.0,2,2,2,1,1
PublicTest_98480835.jpg,0.0,0.0,0.0,2,2,2,1,1
PublicTest_98773801.jpg,0.0,0.0,0.0,5,5,5,1,1
PublicTest_99053302.jpg,0.0,0.0,0.0,2,2,2,1,1
PublicTest_99540987.jpg,0.0,0.0,0.0,4,4,4,1,1
PublicTest_99607417.jpg,0.0,0.0,0.0,5,5,5,1,1
PublicTest_99801821.jpg,0.0,0.0,0.0,2,2,2,1,1
PublicTest_10130075.jpg,0.0,0.0,0.0,3,3,3,1,1
PublicTest_10181609.jpg,0.0,0.0,0.0,3,3,3,1,1
PublicTest_10245799.jpg,0.0,0.0,0.0,3,3,3,1,1
PublicTest_10248771.jpg,0.0,0.0,0.0,3,3,3,1,1
PublicTest_10283102.jpg,0.0,0.0,0.0,3,3,3,1,1
PublicTest_10303060.jpg,0.0,0.0,0.0,5,5,5,1,1
PublicTest_10527411.jpg,0.0,0.0,0.0,3,3,3,1,1
PublicTest_10886374.jpg,0.0,0.0,0.0,0,0,0,1,1
PublicTest_11060787.jpg,0.0,0.0,0.0,3,3,3,1,1
PublicTest_11107518.jpg,0.0,0.0,0.0,3,3,3,1,1
PublicTest_11211241.jpg,0.0,0.0,0.0,3,3,3,1,1
PublicTest_11394394.jpg,0.0,0.0,0.0,3,3,3,1,1
PublicTest_11400293.jpg,0.0,0.0,0.0,3,3,3,1,1
PublicTest_11480715.jpg,0.0,0.0,0.0,4,4,4,1,1
PublicTest_11520713.jpg,0.0,0.0,0.0,2,2,2,1,1
PublicTest_11555220.jpg,0.0,0.0,0.0,3,3,3,1,1
PublicTest_11564784.jpg,0.0,0.0,0.0,4,4,4,1,1
PublicTest_12083982.jpg,0.0,0.0,0.0,3,3,3,1,1
PublicTest_12225602.jpg,0.0,0.0,0.0,3,3,3,1,1
PublicTest_12430625.jpg,0.0,0.0,0.0,3,3,3,1,1
PublicTest_1245723.jpg,0.0,0.0,0.0,3,3,3,1,1
PublicTest_12470753.jpg,0.0,0.0,0.0,4,4,4,1,1
PublicTest_12481108.jpg,0.0,0.0,0.0,3,3,3,1,1
PublicTest_12595220.jpg,0.0,0.0,0.0,4,4,4,1,1
PublicTest_12688725.jpg,0.0,0.0,0.0,3,3,3,1,1
PublicTest_12707362.jpg,0.0,0.0,0.0,3,3,3,1,1
PublicTest_12775164.jpg,0.0,0.0,0.0,3,3,3,1,1
PublicTest_1278010.jpg,0.0,0.0,0.0,3,3,3,1,1
PublicTest_12933636.jpg,0.0,0.0,0.0,3,3,3,1,1
PublicTest_12989085.jpg,0.0,0.0,0.0,3,3,3,1,1
PublicTest_13062825.jpg,0.0,0.0,0.0,3,3,3,1,1
PublicTest_13119862.jpg,0.0,0.0,0.0,3,3,3,1,1
PublicTest_13120972.jpg,0.0,0.0,0.0,3,3,3,1,1
PublicTest_13125314.jpg,0.0,0.0,0.0,3,3,3,1,1
PublicTest_13156241.jpg,0.0,0.0,0.0,3,3,3,1,1
PublicTest_1321030.jpg,0.0,0.0,0.0,3,3,3,1,1
PublicTest_13277039.jpg,0.0,0.0,0.0,4,4,4,1,1
PublicTest_13280750.jpg,0.0,0.0,0.0,3,3,3,1,1
PublicTest_13290545.jpg,0.0,0.0,0.0,3,3,3,1,1
PublicTest_13346348.jpg,0.0,0.0,0.0,3,3,3,1,1
PublicTest_13470122.jpg,0.0,0.0,0.0,3,3,3,1,1
PublicTest_13648674.jpg,0.0,0.0,0.0,3,3,3,1,1
PublicTest_13682694.jpg,0.0,0.0,0.0,3,3,3,1,1
PublicTest_13788513.jpg,0.0,0.0,0.0,3,3,3,1,1
PublicTest_13888087.jpg,0.0,0.0,0.0,4,4,4,1,1
PublicTest_14109909.jpg,0.0,0.0,0.0,3,3,3,1,1
PublicTest_14208618.jpg,0.0,0.0,0.0,3,3,3,1,1
PublicTest_14312737.jpg,0.0,0.0,0.0,3,3,3,1,1
PublicTest_14330803.jpg,0.0,0.0,0.0,3,3,3,1,1
PublicTest_14342101.jpg,0.0,0.0,0.0,3,3,3,1,1
PublicTest_1452886.jpg,0.0,0.0,0.0,3,3,3,1,1
PublicTest_14734177.jpg,0.0,0.0,0.0,4,4,4,1,1
PublicTest_14863387.jpg,0.0,0.0,0.0,3,3,3,1,1
PublicTest_15146220.jpg,0.0,0.0,0.0,3,3,3,1,1
PublicTest_15323474.jpg,0.0,0.0,0.0,3,3,3,1,1
PublicTest_15499192.jpg,0.0,0.0,0.0,3,3,3,1,1
PublicTest_15518721.jpg,0.0,0.0,0.0,3,3,3,1,1
PublicTest_15545954.jpg,0.0,0.0,0.0,3,3,3,1,1
PublicTest_15564000.jpg,0.0,0.0,0.0,3,3,3,1,1
PublicTest_1580581.jpg,0.0,0.0,0.0,3,3,3,1,1
PublicTest_1634253.jpg,0.0,0.0,0.0,3,3,3,1,1
PublicTest_1640397.jpg,0.0,0.0,0.0,2,2,2,1,1
PublicTest_16440360.jpg,0.0,0.0,0.0,3,3,3,1,1
PublicTest_16502022.jpg,0.0,0.0,0.0,3,3,3,1,1
PublicTest_16609356.jpg,0.0,0.0,0.0,3,3,3,1,1
PublicTest_16723643.jpg,0.0,0.0,0.0,3,3,3,1,1
PublicTest_16752382.jpg,0.0,0.0,0.0,5,5,5,1,1
PublicTest_16898559.jpg,0.0,0.0,0.0,3,3,3,1,1
PublicTest_16904324.jpg,0.0,0.0,0.0,3,3,3,1,1
PublicTest_16930057.jpg,0.0,0.0,0.0,3,3,3,1,1
PublicTest_17050267.jpg,0.0,0.0,0.0,3,3,3,1,1
PublicTest_17071643.jpg,0.0,0.0,0.0,3,3,3,1,1
PublicTest_17081079.jpg,0.0,0.0,0.0,3,3,3,1,1
PublicTest_1721551.jpg,0.0,0.0,0.0,3,3,3,1,1
PublicTest_17223895.jpg,0.0,0.0,0.0,3,3,3,1,1
PublicTest_17291388.jpg,0.0,0.0,0.0,3,3,3,1,1
PublicTest_17302120.jpg,0.0,0.0,0.0,3,3,3,1,1
PublicTest_17317594.jpg,0.0,0.0,0.0,6,6,6,1,1
PublicTest_17367817.jpg,0.0,0.0,0.0,3,3,3,1,1
PublicTest_17473157.jpg,0.0,0.0,0.0,3,3,3,1,1
PublicTest_17575282.jpg,0.0,0.0,0.0,3,3,3,1,1
PublicTest_17581682.jpg,0.0,0.0,0.0,3,3,3,1,1
PublicTest_17688489.jpg,0.0,0.0,0.0,3,3,3,1,1
PublicTest_17725226.jpg,0.0,0.0,0.0,3,3,3,1,1
PublicTest_17904919.jpg,0.0,0.0,0.0,3,3,3,1,1
PublicTest_17985509.jpg,0.0,0.0,0.0,3,3,3,1,1
PublicTest_18243231.jpg,0.0,0.0,0.0,3,3,3,1,1
PublicTest_18357588.jpg,0.0,0.0,0.0,3,3,3,1,1
PublicTest_18496904.jpg,0.0,0.0,0.0,3,3,3,1,1
PublicTest_18702897.jpg,0.0,0.0,0.0,3,3,3,1,1
PublicTest_18768.jpg,0.0,0.0,0.0,3,3,3,1,1
PublicTest_1895428.jpg,0.0,0.0,0.0,3,3,3,1,1
PublicTest_19003002.jpg,0.0,0.0,0.0,3,3,3,1,1
PublicTest_19059765.jpg,0.0,0.0,0.0,3,3,3,1,1
PublicTest_19214280.jpg,0.0,0.0,0.0,4,4,4,1,1
PublicTest_19304622.jpg,0.0,0.0,0.0,3,3,3,1,1
PublicTest_19319423.jpg,0.0,0.0,0.0,3,3,3,1,1
PublicTest_1936536.jpg,0.0,0.0,0.0,3,3,3,1,1
PublicTest_19463650.jpg,0.0,0.0,0.0,3,3,3,1,1
PublicTest_19540950.jpg,0.0,0.0,0.0,3,3,3,1,1
PublicTest_19754150.jpg,0.0,0.0,0.0,3,3,3,1,1
PublicTest_19825526.jpg,0.0,0.0,0.0,3,3,3,1,1
PublicTest_19831624.jpg,0.0,0.0,0.0,3,3,3,1,1
PublicTest_19874720.jpg,0.0,0.0,0.0,3,3,3,1,1
PublicTest_19947133.jpg,0.0,0.0,0.0,3,3,3,1,1
PublicTest_20450943.jpg,0.0,0.0,0.0,3,3,3,1,1
PublicTest_20522483.jpg,0.0,0.0,0.0,5,5,5,1,1
PublicTest_2067774.jpg,0.0,0.0,0.0,3,3,3,1,1
PublicTest_21080954.jpg,0.0,0.0,0.0,3,3,3,1,1
PublicTest_21227762.jpg,0.0,0.0,0.0,3,3,3,1,1
PublicTest_21343627.jpg,0.0,0.0,0.0,3,3,3,1,1
PublicTest_21422220.jpg,0.0,0.0,0.0,3,3,3,1,1
PublicTest_21528340.jpg,0.0,0.0,0.0,0,0,0,1,1
PublicTest_21832858.jpg,0.0,0.0,0.0,3,3,3,1,1
PublicTest_22141713.jpg,0.0,0.0,0.0,3,3,3,1,1
PublicTest_22250799.jpg,0.0,0.0,0.0,3,3,3,1,1
PublicTest_22442398.jpg,0.0,0.0,0.0,3,3,3,1,1
PublicTest_22445711.jpg,0.0,0.0,0.0,3,3,3,1,1
PublicTest_22477942.jpg,0.0,0.0,0.0,3,3,3,1,1
PublicTest_22974283.jpg,0.0,0.0,0.0,3,3,3,1,1
PublicTest_2337656.jpg,0.0,0.0,0.0,3,3,3,1,1
PublicTest_23467820.jpg,0.0,0.0,0.0,3,3,3,1,1
PublicTest_23479421.jpg,0.0,0.0,0.0,3,3,3,1,1
PublicTest_2355293.jpg,0.0,0.0,0.0,3,3,3,1,1
PublicTest_2356351.jpg,0.0,0.0,0.0,2,2,2,1,1
PublicTest_23665766.jpg,0.0,0.0,0.0,3,3,3,1,1
PublicTest_23722688.jpg,0.0,0.0,0.0,3,3,3,1,1
PublicTest_23722704.jpg,0.0,0.0,0.0,6,6,6,1,1
PublicTest_23906574.jpg,0.0,0.0,0.0,3,3,3,1,1
PublicTest_2392481.jpg,0.0,0.0,0.0,3,3,3,1,1
PublicTest_24024517.jpg,0.0,0.0,0.0,3,3,3,1,1
PublicTest_24056456.jpg,0.0,0.0,0.0,3,3,3,1,1
PublicTest_24239238.jpg,0.0,0.0,0.0,3,3,3,1,1
PublicTest_24264216.jpg,0.0,0.0,0.0,3,3,3,1,1
PublicTest_24367513.jpg,0.0,0.0,0.0,3,3,3,1,1
PublicTest_24420477.jpg,0.0,0.0,0.0,3,3,3,1,1
PublicTest_24465961.jpg,0.0,0.0,0.0,3,3,3,1,1
PublicTest_24479979.jpg,0.0,0.0,0.0,3,3,3,1,1
PublicTest_24489785.jpg,0.0,0.0,0.0,3,3,3,1,1
PublicTest_24527132.jpg,0.0,0.0,0.0,5,5,5,1,1
PublicTest_24659187.jpg,0.0,0.0,0.0,3,3,3,1,1
PublicTest_24742457.jpg,0.0,0.0,0.0,3,3,3,1,1
PublicTest_248059.jpg,0.0,0.0,0.0,3,3,3,1,1
PublicTest_24830226.jpg,0.0,0.0,0.0,3,3,3,1,1
PublicTest_24899551.jpg,0.0,0.0,0.0,3,3,3,1,1
PublicTest_24902629.jpg,0.0,0.0,0.0,3,3,3,1,1
PublicTest_2494010.jpg,0.0,0.0,0.0,3,3,3,1,1
PublicTest_249914.jpg,0.0,0.0,0.0,3,3,3,1,1
PublicTest_25067863.jpg,0.0,0.0,0.0,4,4,4,1,1
PublicTest_25271883.jpg,0.0,0.0,0.0,3,3,3,1,1
PublicTest_25355871.jpg,0.0,0.0,0.0,3,3,3,1,1
PublicTest_25372349.jpg,0.0,0.0,0.0,3,3,3,1,1
PublicTest_25419903.jpg,0.0,0.0,0.0,3,3,3,1,1
PublicTest_25530597.jpg,0.0,0.0,0.0,3,3,3,1,1
PublicTest_25595566.jpg,0.0,0.0,0.0,3,3,3,1,1
PublicTest_25718007.jpg,0.0,0.0,0.0,3,3,3,1,1
PublicTest_25744028.jpg,0.0,0.0,0.0,3,3,3,1,1
PublicTest_25796473.jpg,0.0,0.0,0.0,3,3,3,1,1
PublicTest_25910909.jpg,0.0,0.0,0.0,3,3,3,1,1
PublicTest_25980060.jpg,0.0,0.0,0.0,3,3,3,1,1
PublicTest_26015636.jpg,0.0,0.0,0.0,3,3,3,1,1
PublicTest_26050607.jpg,0.0,0.0,0.0,3,3,3,1,1
PublicTest_26070763.jpg,0.0,0.0,0.0,3,3,3,1,1
PublicTest_26132018.jpg,0.0,0.0,0.0,3,3,3,1,1
PublicTest_26212146.jpg,0.0,0.0,0.0,3,3,3,1,1
PublicTest_26235161.jpg,0.0,0.0,0.0,3,3,3,1,1
PublicTest_26323914.jpg,0.0,0.0,0.0,3,3,3,1,1
PublicTest_26362776.jpg,0.0,0.0,0.0,3,3,3,1,1
PublicTest_26383670.jpg,0.0,0.0,0.0,3,3,3,1,1
PublicTest_26423926.jpg,0.0,0.0,0.0,3,3,3,1,1
PublicTest_2666482.jpg,0.0,0.0,0.0,3,3,3,1,1
PublicTest_26760043.jpg,0.0,0.0,0.0,3,3,3,1,1
PublicTest_27009464.jpg,0.0,0.0,0.0,0,0,0,1,1
PublicTest_27103431.jpg,0.0,0.0,0.0,3,3,3,1,1
PublicTest_27142487.jpg,0.0,0.0,0.0,3,3,3,1,1
PublicTest_27405208.jpg,0.0,0.0,0.0,3,3,3,1,1
PublicTest_27553200.jpg,0.0,0.0,0.0,3,3,3,1,1
PublicTest_27560971.jpg,0.0,0.0,0.0,3,3,3,1,1
PublicTest_27569127.jpg,0.0,0.0,0.0,3,3,3,1,1
PublicTest_27625077.jpg,0.0,0.0,0.0,3,3,3,1,1
PublicTest_2775909.jpg,0.0,0.0,0.0,3,3,3,1,1
PublicTest_27915686.jpg,0.0,0.0,0.0,3,3,3,1,1
PublicTest_2792371.jpg,0.0,0.0,0.0,3,3,3,1,1
PublicTest_28002550.jpg,0.0,0.0,0.0,4,4,4,1,1
PublicTest_2808905.jpg,0.0,0.0,0.0,3,3,3,1,1
PublicTest_28227092.jpg,0.0,0.0,0.0,3,3,3,1,1
PublicTest_28340669.jpg,0.0,0.0,0.0,4,4,4,1,1
PublicTest_28388726.jpg,0.0,0.0,0.0,3,3,3,1,1
PublicTest_28520544.jpg,0.0,0.0,0.0,3,3,3,1,1
PublicTest_2855387.jpg,0.0,0.0,0.0,3,3,3,1,1
PublicTest_28572682.jpg,0.0,0.0,0.0,3,3,3,1,1
PublicTest_28591237.jpg,0.0,0.0,0.0,3,3,3,1,1
PublicTest_28647115.jpg,0.0,0.0,0.0,4,4,4,1,1
PublicTest_28843796.jpg,0.0,0.0,0.0,3,3,3,1,1
PublicTest_29065605.jpg,0.0,0.0,0.0,3,3,3,1,1
PublicTest_29219156.jpg,0.0,0.0,0.0,3,3,3,1,1
PublicTest_29262077.jpg,0.0,0.0,0.0,4,4,4,1,1
PublicTest_29391129.jpg,0.0,0.0,0.0,4,4,4,1,1
PublicTest_29472726.jpg,0.0,0.0,0.0,3,3,3,1,1
PublicTest_29492318.jpg,0.0,0.0,0.0,3,3,3,1,1
PublicTest_29510480.jpg,0.0,0.0,0.0,3,3,3,1,1
PublicTest_29578299.jpg,0.0,0.0,0.0,3,3,3,1,1
PublicTest_29663397.jpg,0.0,0.0,0.0,3,3,3,1,1
PublicTest_29700651.jpg,0.0,0.0,0.0,3,3,3,1,1
PublicTest_29723076.jpg,0.0,0.0,0.0,3,3,3,1,1
PublicTest_29858208.jpg,0.0,0.0,0.0,0,0,0,1,1
PublicTest_29869981.jpg,0.0,0.0,0.0,5,5,5,1,1
PublicTest_30005286.jpg,0.0,0.0,0.0,5,5,5,1,1
PublicTest_30017789.jpg,0.0,0.0,0.0,2,2,2,1,1
PublicTest_30099109.jpg,0.0,0.0,0.0,3,3,3,1,1
PublicTest_30156147.jpg,0.0,0.0,0.0,3,3,3,1,1
PublicTest_30185681.jpg,0.0,0.0,0.0,3,3,3,1,1
PublicTest_30197896.jpg,0.0,0.0,0.0,3,3,3,1,1
PublicTest_30244131.jpg,0.0,0.0,0.0,3,3,3,1,1
PublicTest_30247797.jpg,0.0,0.0,0.0,3,3,3,1,1
PublicTest_30360811.jpg,0.0,0.0,0.0,3,3,3,1,1
PublicTest_30375920.jpg,0.0,0.0,0.0,3,3,3,1,1
PublicTest_30399028.jpg,0.0,0.0,0.0,3,3,3,1,1
PublicTest_30400469.jpg,0.0,0.0,0.0,3,3,3,1,1
PublicTest_30513151.jpg,0.0,0.0,0.0,3,3,3,1,1
PublicTest_30543773.jpg,0.0,0.0,0.0,3,3,3,1,1
PublicTest_30975522.jpg,0.0,0.0,0.0,3,3,3,1,1
PublicTest_30997651.jpg,0.0,0.0,0.0,3,3,3,1,1
PublicTest_3101855.jpg,0.0,0.0,0.0,4,4,4,1,1
PublicTest_31388152.jpg,0.0,0.0,0.0,3,3,3,1,1
PublicTest_31399969.jpg,0.0,0.0,0.0,3,3,3,1,1
PublicTest_3140321.jpg,0.0,0.0,0.0,3,3,3,1,1
PublicTest_31512315.jpg,0.0,0.0,0.0,3,3,3,1,1
PublicTest_31517868.jpg,0.0,0.0,0.0,3,3,3,1,1
PublicTest_31534814.jpg,0.0,0.0,0.0,3,3,3,1,1
PublicTest_31787410.jpg,0.0,0.0,0.0,3,3,3,1,1
PublicTest_31868973.jpg,0.0,0.0,0.0,3,3,3,1,1
PublicTest_31896598.jpg,0.0,0.0,0.0,3,3,3,1,1
PublicTest_31961008.jpg,0.0,0.0,0.0,3,3,3,1,1
PublicTest_31991576.jpg,0.0,0.0,0.0,3,3,3,1,1
PublicTest_32407283.jpg,0.0,0.0,0.0,2,2,2,1,1
PublicTest_32544065.jpg,0.0,0.0,0.0,4,4,4,1,1
PublicTest_32550046.jpg,0.0,0.0,0.0,3,3,3,1,1
PublicTest_32658045.jpg,0.0,0.0,0.0,3,3,3,1,1
PublicTest_32839417.jpg,0.0,0.0,0.0,3,3,3,1,1
PublicTest_32851310.jpg,0.0,0.0,0.0,3,3,3,1,1
PublicTest_32862356.jpg,0.0,0.0,0.0,3,3,3,1,1
PublicTest_32960343.jpg,0.0,0.0,0.0,3,3,3,1,1
PublicTest_3299093.jpg,0.0,0.0,0.0,3,3,3,1,1
PublicTest_33025709.jpg,0.0,0.0,0.0,3,3,3,1,1
PublicTest_33254956.jpg,0.0,0.0,0.0,2,2,2,1,1
PublicTest_33256402.jpg,0.0,0.0,0.0,3,3,3,1,1
PublicTest_33340944.jpg,0.0,0.0,0.0,3,3,3,1,1
PublicTest_33635814.jpg,0.0,0.0,0.0,4,4,4,1,1
PublicTest_33726932.jpg,0.0,0.0,0.0,3,3,3,1,1
PublicTest_33738386.jpg,0.0,0.0,0.0,3,3,3,1,1
PublicTest_34029739.jpg,0.0,0.0,0.0,3,3,3,1,1
PublicTest_34451492.jpg,0.0,0.0,0.0,3,3,3,1,1
PublicTest_3469437.jpg,0.0,0.0,0.0,4,4,4,1,1
PublicTest_34777524.jpg,0.0,0.0,0.0,3,3,3,1,1
PublicTest_34820323.jpg,0.0,0.0,0.0,3,3,3,1,1
PublicTest_34920736.jpg,0.0,0.0,0.0,3,3,3,1,1
PublicTest_35010457.jpg,0.0,0.0,0.0,3,3,3,1,1
PublicTest_35396194.jpg,0.0,0.0,0.0,3,3,3,1,1
PublicTest_3586567.jpg,0.0,0.0,0.0,3,3,3,1,1
PublicTest_35874394.jpg,0.0,0.0,0.0,3,3,3,1,1
PublicTest_35884954.jpg,0.0,0.0,0.0,3,3,3,1,1
PublicTest_35934455.jpg,0.0,0.0,0.0,3,3,3,1,1
PublicTest_35948511.jpg,0.0,0.0,0.0,3,3,3,1,1
PublicTest_36033729.jpg,0.0,0.0,0.0,3,3,3,1,1
PublicTest_36158334.jpg,0.0,0.0,0.0,3,3,3,1,1
PublicTest_3617474.jpg,0.0,0.0,0.0,3,3,3,1,1
PublicTest_36234157.jpg,0.0,0.0,0.0,3,3,3,1,1
PublicTest_36289799.jpg,0.0,0.0,0.0,0,0,0,1,1
PublicTest_36291152.jpg,0.0,0.0,0.0,3,3,3,1,1
PublicTest_36327304.jpg,0.0,0.0,0.0,3,3,3,1,1
PublicTest_36416014.jpg,0.0,0.0,0.0,3,3,3,1,1
PublicTest_36629520.jpg,0.0,0.0,0.0,3,3,3,1,1
PublicTest_36631165.jpg,0.0,0.0,0.0,3,3,3,1,1
PublicTest_36681517.jpg,0.0,0.0,0.0,3,3,3,1,1
PublicTest_36699377.jpg,0.0,0.0,0.0,3,3,3,1,1
PublicTest_36823992.jpg,0.0,0.0,0.0,3,3,3,1,1
PublicTest_37311642.jpg,0.0,0.0,0.0,3,3,3,1,1
PublicTest_37503906.jpg,0.0,0.0,0.0,3,3,3,1,1
PublicTest_37515030.jpg,0.0,0.0,0.0,3,3,3,1,1
PublicTest_37570229.jpg,0.0,0.0,0.0,4,4,4,1,1
PublicTest_37717440.jpg,0.0,0.0,0.0,3,3,3,1,1
PublicTest_37805784.jpg,0.0,0.0,0.0,3,3,3,1,1
PublicTest_37829809.jpg,0.0,0.0,0.0,3,3,3,1,1
PublicTest_37842132.jpg,0.0,0.0,0.0,3,3,3,1,1
PublicTest_3787754.jpg,0.0,0.0,0.0,3,3,3,1,1
PublicTest_38027064.jpg,0.0,0.0,0.0,3,3,3,1,1
PublicTest_3830494.jpg,0.0,0.0,0.0,3,3,3,1,1
PublicTest_38473713.jpg,0.0,0.0,0.0,4,4,4,1,1
PublicTest_38513744.jpg,0.0,0.0,0.0,3,3,3,1,1
PublicTest_38561327.jpg,0.0,0.0,0.0,3,3,3,1,1
PublicTest_38575874.jpg,0.0,0.0,0.0,3,3,3,1,1
PublicTest_38619150.jpg,0.0,0.0,0.0,3,3,3,1,1
PublicTest_38668874.jpg,0.0,0.0,0.0,3,3,3,1,1
PublicTest_38721089.jpg,0.0,0.0,0.0,3,3,3,1,1
PublicTest_38805151.jpg,0.0,0.0,0.0,3,3,3,1,1
PublicTest_38935497.jpg,0.0,0.0,0.0,3,3,3,1,1
PublicTest_39055004.jpg,0.0,0.0,0.0,3,3,3,1,1
PublicTest_39105756.jpg,0.0,0.0,0.0,3,3,3,1,1
PublicTest_39209416.jpg,0.0,0.0,0.0,3,3,3,1,1
PublicTest_3923345.jpg,0.0,0.0,0.0,3,3,3,1,1
PublicTest_39688575.jpg,0.0,0.0,0.0,3,3,3,1,1
PublicTest_39979134.jpg,0.0,0.0,0.0,3,3,3,1,1
PublicTest_40147832.jpg,0.0,0.0,0.0,6,6,6,1,1
PublicTest_40225649.jpg,0.0,0.0,0.0,3,3,3,1,1
PublicTest_40237639.jpg,0.0,0.0,0.0,0,0,0,1,1
PublicTest_40414118.jpg,0.0,0.0,0.0,2,2,2,1,1
PublicTest_40541412.jpg,0.0,0.0,0.0,4,4,4,1,1
PublicTest_40565658.jpg,0.0,0.0,0.0,5,5,5,1,1
PublicTest_40705304.jpg,0.0,0.0,0.0,3,3,3,1,1
PublicTest_40838607.jpg,0.0,0.0,0.0,3,3,3,1,1
PublicTest_40882120.jpg,0.0,0.0,0.0,3,3,3,1,1
PublicTest_40930163.jpg,0.0,0.0,0.0,3,3,3,1,1
PublicTest_41014329.jpg,0.0,0.0,0.0,3,3,3,1,1
PublicTest_41043600.jpg,0.0,0.0,0.0,4,4,4,1,1
PublicTest_41104919.jpg,0.0,0.0,0.0,3,3,3,1,1
PublicTest_41203031.jpg,0.0,0.0,0.0,3,3,3,1,1
PublicTest_41209739.jpg,0.0,0.0,0.0,3,3,3,1,1
PublicTest_41450041.jpg,0.0,0.0,0.0,3,3,3,1,1
PublicTest_41498575.jpg,0.0,0.0,0.0,3,3,3,1,1
PublicTest_41592701.jpg,0.0,0.0,0.0,4,4,4,1,1
PublicTest_41655835.jpg,0.0,0.0,0.0,3,3,3,1,1
PublicTest_41704060.jpg,0.0,0.0,0.0,4,4,3,1,0
PublicTest_41805156.jpg,0.0,0.0,0.0,3,3,3,1,1
PublicTest_42056841.jpg,0.0,0.0,0.0,3,3,3,1,1
PublicTest_42178721.jpg,0.0,0.0,0.0,3,3,3,1,1
PublicTest_4223507.jpg,0.0,0.0,0.0,3,3,3,1,1
PublicTest_42351654.jpg,0.0,0.0,0.0,3,3,3,1,1
PublicTest_42454296.jpg,0.0,0.0,0.0,3,3,3,1,1
PublicTest_42518134.jpg,0.0,0.0,0.0,3,3,3,1,1
PublicTest_42531026.jpg,0.0,0.0,0.0,3,3,3,1,1
PublicTest_42656224.jpg,0.0,0.0,0.0,5,5,5,1,1
PublicTest_42659166.jpg,0.0,0.0,0.0,3,3,3,1,1
PublicTest_4269714.jpg,0.0,0.0,0.0,3,3,3,1,1
PublicTest_42722923.jpg,0.0,0.0,0.0,3,3,3,1,1
PublicTest_42800608.jpg,0.0,0.0,0.0,3,3,3,1,1
PublicTest_42905383.jpg,0.0,0.0,0.0,3,3,3,1,1
PublicTest_43044972.jpg,0.0,0.0,0.0,3,3,3,1,1
PublicTest_4325988.jpg,0.0,0.0,0.0,3,3,3,1,1
PublicTest_43275871.jpg,0.0,0.0,0.0,3,3,3,1,1
PublicTest_43687012.jpg,0.0,0.0,0.0,3,3,3,1,1
PublicTest_43734039.jpg,0.0,0.0,0.0,3,3,3,1,1
PublicTest_43836286.jpg,0.0,0.0,0.0,3,3,3,1,1
PublicTest_43945833.jpg,0.0,0.0,0.0,4,4,4,1,1
PublicTest_4395460.jpg,0.0,0.0,0.0,6,6,6,1,1
PublicTest_4411038.jpg,0.0,0.0,0.0,2,2,2,1,1
PublicTest_44449594.jpg,0.0,0.0,0.0,3,3,3,1,1
PublicTest_44535619.jpg,0.0,0.0,0.0,3,3,3,1,1
PublicTest_44694203.jpg,0.0,0.0,0.0,3,3,3,1,1
PublicTest_44770869.jpg,0.0,0.0,0.0,3,3,3,1,1
PublicTest_44803062.jpg,0.0,0.0,0.0,3,3,3,1,1
PublicTest_44912224.jpg,0.0,0.0,0.0,3,3,3,1,1
PublicTest_454273.jpg,0.0,0.0,0.0,3,3,3,1,1
PublicTest_45517414.jpg,0.0,0.0,0.0,3,3,3,1,1
PublicTest_45682182.jpg,0.0,0.0,0.0,3,3,3,1,1
PublicTest_45715095.jpg,0.0,0.0,0.0,3,3,3,1,1
PublicTest_45776620.jpg,0.0,0.0,0.0,3,3,3,1,1
PublicTest_45784121.jpg,0.0,0.0,0.0,3,3,3,1,1
PublicTest_45792370.jpg,0.0,0.0,0.0,3,3,3,1,1
PublicTest_45795345.jpg,0.0,0.0,0.0,3,3,3,1,1
PublicTest_45800514.jpg,0.0,0.0,0.0,3,3,3,1,1
PublicTest_45859307.jpg,0.0,0.0,0.0,3,3,3,1,1
PublicTest_45906897.jpg,0.0,0.0,0.0,3,3,3,1,1
PublicTest_45911168.jpg,0.0,0.0,0.0,3,3,3,1,1
PublicTest_4598337.jpg,0.0,0.0,0.0,3,3,3,1,1
PublicTest_4611414.jpg,0.0,0.0,0.0,3,3,3,1,1
PublicTest_46143386.jpg,0.0,0.0,0.0,3,3,3,1,1
PublicTest_46576772.jpg,0.0,0.0,0.0,3,3,3,1,1
PublicTest_46582110.jpg,0.0,0.0,0.0,3,3,3,1,1
PublicTest_46791931.jpg,0.0,0.0,0.0,3,3,3,1,1
PublicTest_46945921.jpg,0.0,0.0,0.0,3,3,3,1,1
PublicTest_46988474.jpg,0.0,0.0,0.0,6,6,6,1,1
PublicTest_47231616.jpg,0.0,0.0,0.0,3,3,3,1,1
PublicTest_47319080.jpg,0.0,0.0,0.0,3,3,3,1,1
PublicTest_47396062.jpg,0.0,0.0,0.0,3,3,3,1,1
PublicTest_47524154.jpg,0.0,0.0,0.0,4,4,4,1,1
PublicTest_47530190.jpg,0.0,0.0,0.0,3,3,3,1,1
PublicTest_4754356.jpg,0.0,0.0,0.0,3,3,3,1,1
PublicTest_47544452.jpg,0.0,0.0,0.0,3,3,3,1,1
PublicTest_47700797.jpg,0.0,0.0,0.0,3,3,3,1,1
PublicTest_4815338.jpg,0.0,0.0,0.0,3,3,3,1,1
PublicTest_48170323.jpg,0.0,0.0,0.0,3,3,3,1,1
PublicTest_48213101.jpg,0.0,0.0,0.0,3,3,3,1,1
PublicTest_48364789.jpg,0.0,0.0,0.0,3,3,3,1,1
PublicTest_48464730.jpg,0.0,0.0,0.0,3,3,3,1,1
PublicTest_48509199.jpg,0.0,0.0,0.0,3,3,3,1,1
PublicTest_48707071.jpg,0.0,0.0,0.0,3,3,3,1,1
PublicTest_48757021.jpg,0.0,0.0,0.0,5,5,5,1,1
PublicTest_48917305.jpg,0.0,0.0,0.0,3,3,3,1,1
PublicTest_49119556.jpg,0.0,0.0,0.0,4,4,4,1,1
PublicTest_49174878.jpg,0.0,0.0,0.0,4,4,4,1,1
PublicTest_49452096.jpg,0.0,0.0,0.0,3,3,3,1,1
PublicTest_49478900.jpg,0.0,0.0,0.0,3,3,3,1,1
PublicTest_49497886.jpg,0.0,0.0,0.0,3,3,3,1,1
PublicTest_49657111.jpg,0.0,0.0,0.0,3,3,3,1,1
PublicTest_49692370.jpg,0.0,0.0,0.0,3,3,3,1,1
PublicTest_49770561.jpg,0.0,0.0,0.0,3,3,3,1,1
PublicTest_50024142.jpg,0.0,0.0,0.0,3,3,3,1,1
PublicTest_50055950.jpg,0.0,0.0,0.0,3,3,3,1,1
PublicTest_50274770.jpg,0.0,0.0,0.0,4,4,4,1,1
PublicTest_50392408.jpg,0.0,0.0,0.0,3,3,3,1,1
PublicTest_5044962.jpg,0.0,0.0,0.0,3,3,3,1,1
PublicTest_50611385.jpg,0.0,0.0,0.0,3,3,3,1,1
PublicTest_50642041.jpg,0.0,0.0,0.0,3,3,3,1,1
PublicTest_50782200.jpg,0.0,0.0,0.0,3,3,3,1,1
PublicTest_5080928.jpg,0.0,0.0,0.0,3,3,3,1,1
PublicTest_50918771.jpg,0.0,0.0,0.0,3,3,3,1,1
PublicTest_5093398.jpg,0.0,0.0,0.0,3,3,3,1,1
PublicTest_51140422.jpg,0.0,0.0,0.0,3,3,3,1,1
PublicTest_51214990.jpg,0.0,0.0,0.0,3,3,3,1,1
PublicTest_51392628.jpg,0.0,0.0,0.0,3,3,3,1,1
PublicTest_51402520.jpg,0.0,0.0,0.0,4,4,4,1,1
PublicTest_51418951.jpg,0.0,0.0,0.0,3,3,3,1,1
PublicTest_51439.jpg,0.0,0.0,0.0,3,3,3,1,1
PublicTest_51464297.jpg,0.0,0.0,0.0,3,3,3,1,1
PublicTest_51587555.jpg,0.0,0.0,0.0,3,3,3,1,1
PublicTest_51659203.jpg,0.0,0.0,0.0,3,3,3,1,1
PublicTest_51862731.jpg,0.0,0.0,0.0,3,3,3,1,1
PublicTest_5212595.jpg,0.0,0.0,0.0,3,3,3,1,1
PublicTest_52321655.jpg,0.0,0.0,0.0,0,0,0,1,1
PublicTest_52430874.jpg,0.0,0.0,0.0,3,3,3,1,1
PublicTest_52451195.jpg,0.0,0.0,0.0,3,3,3,1,1
PublicTest_52662964.jpg,0.0,0.0,0.0,3,3,3,1,1
PublicTest_52731318.jpg,0.0,0.0,0.0,4,4,4,1,1
PublicTest_5287444.jpg,0.0,0.0,0.0,3,3,3,1,1
PublicTest_52922636.jpg,0.0,0.0,0.0,3,3,3,1,1
PublicTest_53203543.jpg,0.0,0.0,0.0,2,2,2,1,1
PublicTest_53234028.jpg,0.0,0.0,0.0,3,3,3,1,1
PublicTest_53296753.jpg,0.0,0.0,0.0,3,3,3,1,1
PublicTest_53549215.jpg,0.0,0.0,0.0,3,3,3,1,1
PublicTest_53593603.jpg,0.0,0.0,0.0,3,3,3,1,1
PublicTest_53602715.jpg,0.0,0.0,0.0,3,3,3,1,1
PublicTest_53617644.jpg,0.0,0.0,0.0,3,3,3,1,1
PublicTest_53649908.jpg,0.0,0.0,0.0,3,3,3,1,1
PublicTest_53662896.jpg,0.0,0.0,0.0,5,5,5,1,1
PublicTest_53667303.jpg,0.0,0.0,0.0,5,5,5,1,1
PublicTest_53681781.jpg,0.0,0.0,0.0,3,3,3,1,1
PublicTest_53743637.jpg,0.0,0.0,0.0,3,3,3,1,1
PublicTest_53756182.jpg,0.0,0.0,0.0,3,3,3,1,1
PublicTest_53850550.jpg,0.0,0.0,0.0,3,3,3,1,1
PublicTest_53908496.jpg,0.0,0.0,0.0,3,3,3,1,1
PublicTest_54116817.jpg,0.0,0.0,0.0,3,3,3,1,1
PublicTest_54130548.jpg,0.0,0.0,0.0,3,3,3,1,1
PublicTest_54137688.jpg,0.0,0.0,0.0,3,3,3,1,1
PublicTest_54175608.jpg,0.0,0.0,0.0,3,3,3,1,1
PublicTest_54232205.jpg,0.0,0.0,0.0,3,3,3,1,1
PublicTest_54623349.jpg,0.0,0.0,0.0,3,3,3,1,1
PublicTest_54656943.jpg,0.0,0.0,0.0,3,3,3,1,1
PublicTest_54714677.jpg,0.0,0.0,0.0,3,3,3,1,1
PublicTest_54801370.jpg,0.0,0.0,0.0,3,3,3,1,1
PublicTest_5500184.jpg,0.0,0.0,0.0,3,3,3,1,1
PublicTest_55023104.jpg,0.0,0.0,0.0,3,3,3,1,1
PublicTest_55041624.jpg,0.0,0.0,0.0,3,3,3,1,1
PublicTest_55178437.jpg,0.0,0.0,0.0,3,3,3,1,1
PublicTest_55239463.jpg,0.0,0.0,0.0,3,3,3,1,1
PublicTest_55281637.jpg,0.0,0.0,0.0,4,4,4,1,1
PublicTest_55349529.jpg,0.0,0.0,0.0,3,3,3,1,1
PublicTest_5553117.jpg,0.0,0.0,0.0,3,3,3,1,1
PublicTest_55596965.jpg,0.0,0.0,0.0,3,3,3,1,1
PublicTest_55677946.jpg,0.0,0.0,0.0,4,4,4,1,1
PublicTest_55742864.jpg,0.0,0.0,0.0,3,3,3,1,1
PublicTest_55830513.jpg,0.0,0.0,0.0,4,4,4,1,1
PublicTest_55880738.jpg,0.0,0.0,0.0,3,3,3,1,1
PublicTest_55888619.jpg,0.0,0.0,0.0,4,4,4,1,1
PublicTest_55984717.jpg,0.0,0.0,0.0,3,3,3,1,1
PublicTest_55999637.jpg,0.0,0.0,0.0,4,4,4,1,1
PublicTest_56093808.jpg,0.0,0.0,0.0,3,3,3,1,1
PublicTest_56109958.jpg,0.0,0.0,0.0,4,4,4,1,1
PublicTest_56321010.jpg,0.0,0.0,0.0,3,3,3,1,1
PublicTest_56507759.jpg,0.0,0.0,0.0,3,3,3,1,1
PublicTest_56692159.jpg,0.0,0.0,0.0,3,3,3,1,1
PublicTest_56724970.jpg,0.0,0.0,0.0,4,4,4,1,1
PublicTest_56793753.jpg,0.0,0.0,0.0,3,3,3,1,1
PublicTest_56887879.jpg,0.0,0.0,0.0,4,4,4,1,1
PublicTest_56920575.jpg,0.0,0.0,0.0,5,5,5,1,1
PublicTest_56948344.jpg,0.0,0.0,0.0,3,3,3,1,1
PublicTest_56951379.jpg,0.0,0.0,0.0,3,3,3,1,1
PublicTest_57005696.jpg,0.0,0.0,0.0,5,5,5,1,1
PublicTest_57427256.jpg,0.0,0.0,0.0,3,3,3,1,1
PublicTest_57503225.jpg,0.0,0.0,0.0,3,3,3,1,1
PublicTest_57526339.jpg,0.0,0.0,0.0,3,3,3,1,1
PublicTest_57534121.jpg,0.0,0.0,0.0,3,3,3,1,1
PublicTest_57540446.jpg,0.0,0.0,0.0,3,3,3,1,1
PublicTest_57583021.jpg,0.0,0.0,0.0,4,4,4,1,1
PublicTest_57757862.jpg,0.0,0.0,0.0,3,3,3,1,1
PublicTest_57762304.jpg,0.0,0.0,0.0,3,3,3,1,1
PublicTest_57849780.jpg,0.0,0.0,0.0,0,0,0,1,1
PublicTest_57914938.jpg,0.0,0.0,0.0,3,3,3,1,1
PublicTest_57978510.jpg,0.0,0.0,0.0,3,3,3,1,1
PublicTest_58068244.jpg,0.0,0.0,0.0,3,3,3,1,1
PublicTest_58330512.jpg,0.0,0.0,0.0,3,3,3,1,1
PublicTest_58354136.jpg,0.0,0.0,0.0,3,3,3,1,1
PublicTest_58440067.jpg,0.0,0.0,0.0,3,3,3,1,1
PublicTest_58503319.jpg,0.0,0.0,0.0,3,3,3,1,1
PublicTest_58527899.jpg,0.0,0.0,0.0,3,3,3,1,1
PublicTest_58707644.jpg,0.0,0.0,0.0,3,3,3,1,1
PublicTest_5882653.jpg,0.0,0.0,0.0,3,3,3,1,1
PublicTest_58836396.jpg,0.0,0.0,0.0,3,3,3,1,1
PublicTest_58836555.jpg,0.0,0.0,0.0,3,3,3,1,1
PublicTest_58849515.jpg,0.0,0.0,0.0,3,3,3,1,1
PublicTest_58870672.jpg,0.0,0.0,0.0,3,3,3,1,1
PublicTest_58895662.jpg,0.0,0.0,0.0,3,3,3,1,1
PublicTest_58933255.jpg,0.0,0.0,0.0,3,3,3,1,1
PublicTest_59100137.jpg,0.0,0.0,0.0,3,3,3,1,1
PublicTest_59119992.jpg,0.0,0.0,0.0,3,3,3,1,1
PublicTest_59401293.jpg,0.0,0.0,0.0,3,3,3,1,1
PublicTest_59955381.jpg,0.0,0.0,0.0,0,0,0,1,1
PublicTest_60150278.jpg,0.0,0.0,0.0,3,3,3,1,1
PublicTest_60696854.jpg,0.0,0.0,0.0,3,3,3,1,1
PublicTest_60745458.jpg,0.0,0.0,0.0,4,4,4,1,1
PublicTest_60827120.jpg,0.0,0.0,0.0,3,3,3,1,1
PublicTest_60835739.jpg,0.0,0.0,0.0,3,3,3,1,1
PublicTest_60884527.jpg,0.0,0.0,0.0,3,3,3,1,1
PublicTest_60919933.jpg,0.0,0.0,0.0,3,3,3,1,1
PublicTest_61045546.jpg,0.0,0.0,0.0,3,3,3,1,1
PublicTest_61066077.jpg,0.0,0.0,0.0,4,4,4,1,1
PublicTest_61141696.jpg,0.0,0.0,0.0,0,0,0,1,1
PublicTest_61195059.jpg,0.0,0.0,0.0,3,3,3,1,1
PublicTest_61223675.jpg,0.0,0.0,0.0,3,3,3,1,1
PublicTest_61260500.jpg,0.0,0.0,0.0,3,3,3,1,1
PublicTest_612835.jpg,0.0,0.0,0.0,3,3,3,1,1
PublicTest_61324346.jpg,0.0,0.0,0.0,3,3,3,1,1
PublicTest_61433379.jpg,0.0,0.0,0.0,3,3,3,1,1
PublicTest_61593327.jpg,0.0,0.0,0.0,3,3,3,1,1
PublicTest_61645809.jpg,0.0,0.0,0.0,2,2,2,1,1
PublicTest_61733697.jpg,0.0,0.0,0.0,0,0,0,1,1
PublicTest_61776443.jpg,0.0,0.0,0.0,5,5,5,1,1
PublicTest_61861662.jpg,0.0,0.0,0.0,3,3,3,1,1
PublicTest_62055903.jpg,0.0,0.0,0.0,3,3,3,1,1
PublicTest_62130282.jpg,0.0,0.0,0.0,3,3,3,1,1
PublicTest_62157531.jpg,0.0,0.0,0.0,3,3,3,1,1
PublicTest_62214865.jpg,0.0,0.0,0.0,3,3,3,1,1
PublicTest_62276045.jpg,0.0,0.0,0.0,3,3,3,1,1
PublicTest_62369620.jpg,0.0,0.0,0.0,1,1,1,1,1
PublicTest_62445662.jpg,0.0,0.0,0.0,3,3,3,1,1
PublicTest_63070151.jpg,0.0,0.0,0.0,3,3,3,1,1
PublicTest_63310337.jpg,0.0,0.0,0.0,3,3,3,1,1
PublicTest_63326304.jpg,0.0,0.0,0.0,6,6,6,1,1
PublicTest_63413374.jpg,0.0,0.0,0.0,3,3,3,1,1
PublicTest_63512926.jpg,0.0,0.0,0.0,3,3,3,1,1
PublicTest_63745648.jpg,0.0,0.0,0.0,3,3,3,1,1
PublicTest_63946411.jpg,0.0,0.0,0.0,4,4,4,1,1
PublicTest_63997638.jpg,0.0,0.0,0.0,3,3,3,1,1
PublicTest_64135505.jpg,0.0,0.0,0.0,3,3,3,1,1
PublicTest_64261256.jpg,0.0,0.0,0.0,3,3,3,1,1
PublicTest_64268372.jpg,0.0,0.0,0.0,3,3,3,1,1
PublicTest_64293527.jpg,0.0,0.0,0.0,2,2,2,1,1
PublicTest_64414749.jpg,0.0,0.0,0.0,3,3,3,1,1
PublicTest_64448661.jpg,0.0,0.0,0.0,4,4,4,1,1
PublicTest_64608623.jpg,0.0,0.0,0.0,3,3,3,1,1
PublicTest_64665821.jpg,0.0,0.0,0.0,3,3,3,1,1
PublicTest_64717014.jpg,0.0,0.0,0.0,3,3,3,1,1
PublicTest_64847708.jpg,0.0,0.0,0.0,3,3,3,1,1
PublicTest_64932365.jpg,0.0,0.0,0.0,3,3,3,1,1
PublicTest_64945856.jpg,0.0,0.0,0.0,3,3,3,1,1
PublicTest_65112748.jpg,0.0,0.0,0.0,3,3,3,1,1
PublicTest_65248638.jpg,0.0,0.0,0.0,3,3,3,1,1
PublicTest_65309766.jpg,0.0,0.0,0.0,3,3,3,1,1
PublicTest_65592818.jpg,0.0,0.0,0.0,3,3,3,1,1
PublicTest_65653301.jpg,0.0,0.0,0.0,3,3,3,1,1
PublicTest_65732845.jpg,0.0,0.0,0.0,3,3,3,1,1
PublicTest_65949833.jpg,0.0,0.0,0.0,3,3,3,1,1
PublicTest_66233719.jpg,0.0,0.0,0.0,3,3,3,1,1
PublicTest_66651438.jpg,0.0,0.0,0.0,3,3,3,1,1
PublicTest_66678662.jpg,0.0,0.0,0.0,3,3,3,1,1
PublicTest_66901645.jpg,0.0,0.0,0.0,4,4,4,1,1
PublicTest_67039159.jpg,0.0,0.0,0.0,3,3,3,1,1
PublicTest_67220819.jpg,0.0,0.0,0.0,3,3,3,1,1
PublicTest_67331274.jpg,0.0,0.0,0.0,3,3,3,1,1
PublicTest_67695369.jpg,0.0,0.0,0.0,3,3,3,1,1
PublicTest_68051083.jpg,0.0,0.0,0.0,2,2,2,1,1
PublicTest_68085838.jpg,0.0,0.0,0.0,3,3,3,1,1
PublicTest_681901.jpg,0.0,0.0,0.0,0,0,0,1,1
PublicTest_68342513.jpg,0.0,0.0,0.0,6,6,6,1,1
PublicTest_68508040.jpg,0.0,0.0,0.0,3,3,3,1,1
PublicTest_68735258.jpg,0.0,0.0,0.0,3,3,3,1,1
PublicTest_69118674.jpg,0.0,0.0,0.0,3,3,3,1,1
PublicTest_69166455.jpg,0.0,0.0,0.0,3,3,3,1,1
PublicTest_69207826.jpg,0.0,0.0,0.0,3,3,3,1,1
PublicTest_69213552.jpg,0.0,0.0,0.0,5,5,5,1,1
PublicTest_69431221.jpg,0.0,0.0,0.0,3,3,3,1,1
PublicTest_6945961.jpg,0.0,0.0,0.0,3,3,3,1,1
PublicTest_6949642.jpg,0.0,0.0,0.0,3,3,3,1,1
PublicTest_69543442.jpg,0.0,0.0,0.0,4,4,4,1,1
PublicTest_69592237.jpg,0.0,0.0,0.0,3,3,3,1,1
PublicTest_69600712.jpg,0.0,0.0,0.0,3,3,3,1,1
PublicTest_70054677.jpg,0.0,0.0,0.0,3,3,3,1,1
PublicTest_70273384.jpg,0.0,0.0,0.0,3,3,3,1,1
PublicTest_70347145.jpg,0.0,0.0,0.0,4,4,4,1,1
PublicTest_70398362.jpg,0.0,0.0,0.0,3,3,3,1,1
PublicTest_70428748.jpg,0.0,0.0,0.0,3,3,3,1,1
PublicTest_70446845.jpg,0.0,0.0,0.0,3,3,3,1,1
PublicTest_70696031.jpg,0.0,0.0,0.0,2,2,2,1,1
PublicTest_70698912.jpg,0.0,0.0,0.0,3,3,3,1,1
PublicTest_70815438.jpg,0.0,0.0,0.0,3,3,3,1,1
PublicTest_70825824.jpg,0.0,0.0,0.0,6,6,6,1,1
PublicTest_7087310.jpg,0.0,0.0,0.0,3,3,3,1,1
PublicTest_70884558.jpg,0.0,0.0,0.0,4,4,4,1,1
PublicTest_71371671.jpg,0.0,0.0,0.0,3,3,3,1,1
PublicTest_71379924.jpg,0.0,0.0,0.0,3,3,3,1,1
PublicTest_71400238.jpg,0.0,0.0,0.0,3,3,3,1,1
PublicTest_71479198.jpg,0.0,0.0,0.0,3,3,3,1,1
PublicTest_71507439.jpg,0.0,0.0,0.0,3,3,3,1,1
PublicTest_7154955.jpg,0.0,0.0,0.0,3,3,3,1,1
PublicTest_71593709.jpg,0.0,0.0,0.0,3,3,3,1,1
PublicTest_71618622.jpg,0.0,0.0,0.0,3,3,3,1,1
PublicTest_71872296.jpg,0.0,0.0,0.0,3,3,3,1,1
PublicTest_72145841.jpg,0.0,0.0,0.0,3,3,3,1,1
PublicTest_72269762.jpg,0.0,0.0,0.0,3,3,3,1,1
PublicTest_72481044.jpg,0.0,0.0,0.0,3,3,3,1,1
PublicTest_72748939.jpg,0.0,0.0,0.0,3,3,3,1,1
PublicTest_72906876.jpg,0.0,0.0,0.0,3,3,3,1,1
PublicTest_7291428.jpg,0.0,0.0,0.0,3,3,3,1,1
PublicTest_72926889.jpg,0.0,0.0,0.0,3,3,3,1,1
PublicTest_72964768.jpg,0.0,0.0,0.0,3,3,3,1,1
PublicTest_73176666.jpg,0.0,0.0,0.0,3,3,3,1,1
PublicTest_73276308.jpg,0.0,0.0,0.0,3,3,3,1,1
PublicTest_73368258.jpg,0.0,0.0,0.0,3,3,3,1,1
PublicTest_73443038.jpg,0.0,0.0,0.0,3,3,3,1,1
PublicTest_73451807.jpg,0.0,0.0,0.0,3,3,3,1,1
PublicTest_73539778.jpg,0.0,0.0,0.0,5,5,5,1,1
PublicTest_73609973.jpg,0.0,0.0,0.0,3,3,3,1,1
PublicTest_73676066.jpg,0.0,0.0,0.0,5,5,5,1,1
PublicTest_73677078.jpg,0.0,0.0,0.0,3,3,3,1,1
PublicTest_73693458.jpg,0.0,0.0,0.0,3,3,3,1,1
PublicTest_73864122.jpg,0.0,0.0,0.0,3,3,3,1,1
PublicTest_7387516.jpg,0.0,0.0,0.0,3,3,3,1,1
PublicTest_74006209.jpg,0.0,0.0,0.0,3,3,3,1,1
PublicTest_74169704.jpg,0.0,0.0,0.0,3,3,3,1,1
PublicTest_74227592.jpg,0.0,0.0,0.0,3,3,3,1,1
PublicTest_74274614.jpg,0.0,0.0,0.0,3,3,3,1,1
PublicTest_74292053.jpg,0.0,0.0,0.0,3,3,3,1,1
PublicTest_74406905.jpg,0.0,0.0,0.0,2,2,2,1,1
PublicTest_74596575.jpg,0.0,0.0,0.0,3,3,3,1,1
PublicTest_74706037.jpg,0.0,0.0,0.0,3,3,3,1,1
PublicTest_74759378.jpg,0.0,0.0,0.0,3,3,3,1,1
PublicTest_74825222.jpg,0.0,0.0,0.0,2,2,2,1,1
PublicTest_74852131.jpg,0.0,0.0,0.0,3,3,3,1,1
PublicTest_75052431.jpg,0.0,0.0,0.0,3,3,3,1,1
PublicTest_75137991.jpg,0.0,0.0,0.0,3,3,3,1,1
PublicTest_75188569.jpg,0.0,0.0,0.0,3,3,3,1,1
PublicTest_75309971.jpg,0.0,0.0,0.0,3,3,3,1,1
PublicTest_75536077.jpg,0.0,0.0,0.0,3,3,3,1,1
PublicTest_75590746.jpg,0.0,0.0,0.0,3,3,3,1,1
PublicTest_75615517.jpg,0.0,0.0,0.0,3,3,3,1,1
PublicTest_75764670.jpg,0.0,0.0,0.0,3,3,3,1,1
PublicTest_75875276.jpg,0.0,0.0,0.0,3,3,3,1,1
PublicTest_76109223.jpg,0.0,0.0,0.0,3,3,3,1,1
PublicTest_76152057.jpg,0.0,0.0,0.0,0,0,0,1,1
PublicTest_76161999.jpg,0.0,0.0,0.0,3,3,3,1,1
PublicTest_76492533.jpg,0.0,0.0,0.0,3,3,3,1,1
PublicTest_77181904.jpg,0.0,0.0,0.0,3,3,3,1,1
PublicTest_77271061.jpg,0.0,0.0,0.0,3,3,3,1,1
PublicTest_77291754.jpg,0.0,0.0,0.0,3,3,3,1,1
PublicTest_77414793.jpg,0.0,0.0,0.0,3,3,3,1,1
PublicTest_77496236.jpg,0.0,0.0,0.0,3,3,3,1,1
PublicTest_77511580.jpg,0.0,0.0,0.0,3,3,3,1,1
PublicTest_77667388.jpg,0.0,0.0,0.0,3,3,3,1,1
PublicTest_7780799.jpg,0.0,0.0,0.0,3,3,3,1,1
PublicTest_77857288.jpg,0.0,0.0,0.0,3,3,3,1,1
PublicTest_77947604.jpg,0.0,0.0,0.0,3,3,3,1,1
PublicTest_77964955.jpg,0.0,0.0,0.0,3,3,3,1,1
PublicTest_7797976.jpg,0.0,0.0,0.0,3,3,3,1,1
PublicTest_78110412.jpg,0.0,0.0,0.0,3,3,3,1,1
PublicTest_78208355.jpg,0.0,0.0,0.0,3,3,3,1,1
PublicTest_78209331.jpg,0.0,0.0,0.0,3,3,3,1,1
PublicTest_78408507.jpg,0.0,0.0,0.0,4,4,4,1,1
PublicTest_78531221.jpg,0.0,0.0,0.0,4,4,4,1,1
PublicTest_78768094.jpg,0.0,0.0,0.0,4,4,4,1,1
PublicTest_79133631.jpg,0.0,0.0,0.0,3,3,3,1,1
PublicTest_79198999.jpg,0.0,0.0,0.0,2,2,2,1,1
PublicTest_79481503.jpg,0.0,0.0,0.0,3,3,3,1,1
PublicTest_79555329.jpg,0.0,0.0,0.0,4,4,4,1,1
PublicTest_79601118.jpg,0.0,0.0,0.0,3,3,3,1,1
PublicTest_79612333.jpg,0.0,0.0,0.0,3,3,3,1,1
PublicTest_79620437.jpg,0.0,0.0,0.0,3,3,3,1,1
PublicTest_79742484.jpg,0.0,0.0,0.0,3,3,3,1,1
PublicTest_79803230.jpg,0.0,0.0,0.0,6,6,6,1,1
PublicTest_79820268.jpg,0.0,0.0,0.0,3,3,3,1,1
PublicTest_79893432.jpg,0.0,0.0,0.0,3,3,3,1,1
PublicTest_79959175.jpg,0.0,0.0,0.0,3,3,3,1,1
PublicTest_80028662.jpg,0.0,0.0,0.0,3,3,3,1,1
PublicTest_80225878.jpg,0.0,0.0,0.0,4,4,4,1,1
PublicTest_80238560.jpg,0.0,0.0,0.0,3,3,3,1,1
PublicTest_80253726.jpg,0.0,0.0,0.0,3,3,3,1,1
PublicTest_80554550.jpg,0.0,0.0,0.0,3,3,3,1,1
PublicTest_80591096.jpg,0.0,0.0,0.0,3,3,3,1,1
PublicTest_80609952.jpg,0.0,0.0,0.0,3,3,3,1,1
PublicTest_80753326.jpg,0.0,0.0,0.0,3,3,3,1,1
PublicTest_808777.jpg,0.0,0.0,0.0,3,3,3,1,1
PublicTest_80906126.jpg,0.0,0.0,0.0,0,0,0,1,1
PublicTest_80974227.jpg,0.0,0.0,0.0,0,0,0,1,1
PublicTest_80992661.jpg,0.0,0.0,0.0,3,3,3,1,1
PublicTest_81147127.jpg,0.0,0.0,0.0,3,3,3,1,1
PublicTest_8121981.jpg,0.0,0.0,0.0,3,3,3,1,1
PublicTest_81325093.jpg,0.0,0.0,0.0,3,3,3,1,1
PublicTest_81354018.jpg,0.0,0.0,0.0,4,4,4,1,1
PublicTest_81362125.jpg,0.0,0.0,0.0,3,3,3,1,1
PublicTest_81626629.jpg,0.0,0.0,0.0,3,3,3,1,1
PublicTest_81658576.jpg,0.0,0.0,0.0,3,3,3,1,1
PublicTest_81700311.jpg,0.0,0.0,0.0,3,3,3,1,1
PublicTest_81760346.jpg,0.0,0.0,0.0,3,3,3,1,1
PublicTest_81772748.jpg,0.0,0.0,0.0,3,3,3,1,1
PublicTest_81836376.jpg,0.0,0.0,0.0,3,3,3,1,1
PublicTest_81846677.jpg,0.0,0.0,0.0,6,6,6,1,1
PublicTest_81917786.jpg,0.0,0.0,0.0,3,3,3,1,1
PublicTest_81973751.jpg,0.0,0.0,0.0,3,3,3,1,1
PublicTest_81977925.jpg,0.0,0.0,0.0,3,3,3,1,1
PublicTest_82051328.jpg,0.0,0.0,0.0,3,3,3,1,1
PublicTest_82117064.jpg,0.0,0.0,0.0,3,3,3,1,1
PublicTest_82127741.jpg,0.0,0.0,0.0,3,3,3,1,1
PublicTest_82254087.jpg,0.0,0.0,0.0,3,3,3,1,1
PublicTest_82319730.jpg,0.0,0.0,0.0,3,3,3,1,1
PublicTest_82333206.jpg,0.0,0.0,0.0,3,3,3,1,1
PublicTest_82553712.jpg,0.0,0.0,0.0,3,3,3,1,1
PublicTest_82604675.jpg,0.0,0.0,0.0,3,3,3,1,1
PublicTest_82650885.jpg,0.0,0.0,0.0,3,3,3,1,1
PublicTest_82737911.jpg,0.0,0.0,0.0,3,3,3,1,1
PublicTest_82778435.jpg,0.0,0.0,0.0,3,3,3,1,1
PublicTest_82778847.jpg,0.0,0.0,0.0,3,3,3,1,1
PublicTest_8281675.jpg,0.0,0.0,0.0,4,4,4,1,1
PublicTest_82840335.jpg,0.0,0.0,0.0,3,3,3,1,1
PublicTest_82875599.jpg,0.0,0.0,0.0,4,4,4,1,1
PublicTest_82925571.jpg,0.0,0.0,0.0,3,3,3,1,1
PublicTest_82930379.jpg,0.0,0.0,0.0,3,3,3,1,1
PublicTest_82996944.jpg,0.0,0.0,0.0,3,3,3,1,1
PublicTest_83097075.jpg,0.0,0.0,0.0,3,3,3,1,1
PublicTest_83110821.jpg,0.0,0.0,0.0,3,3,3,1,1
PublicTest_83164532.jpg,0.0,0.0,0.0,3,3,3,1,1
PublicTest_83470129.jpg,0.0,0.0,0.0,3,3,3,1,1
PublicTest_83623488.jpg,0.0,0.0,0.0,3,3,3,1,1
PublicTest_83630896.jpg,0.0,0.0,0.0,3,3,3,1,1
PublicTest_83646668.jpg,0.0,0.0,0.0,3,3,3,1,1
PublicTest_83745997.jpg,0.0,0.0,0.0,3,3,3,1,1
PublicTest_83758530.jpg,0.0,0.0,0.0,3,3,3,1,1
PublicTest_83862042.jpg,0.0,0.0,0.0,3,3,3,1,1
PublicTest_83894124.jpg,0.0,0.0,0.0,3,3,3,1,1
PublicTest_83928777.jpg,0.0,0.0,0.0,3,3,3,1,1
PublicTest_83955949.jpg,0.0,0.0,0.0,5,5,5,1,1
PublicTest_83985015.jpg,0.0,0.0,0.0,3,3,3,1,1
PublicTest_84044130.jpg,0.0,0.0,0.0,3,3,3,1,1
PublicTest_84097244.jpg,0.0,0.0,0.0,3,3,3,1,1
PublicTest_84258954.jpg,0.0,0.0,0.0,3,3,3,1,1
PublicTest_84299957.jpg,0.0,0.0,0.0,3,3,3,1,1
PublicTest_84477627.jpg,0.0,0.0,0.0,3,3,3,1,1
PublicTest_8451615.jpg,0.0,0.0,0.0,3,3,3,1,1
PublicTest_84654969.jpg,0.0,0.0,0.0,3,3,3,1,1
PublicTest_848748.jpg,0.0,0.0,0.0,3,3,3,1,1
PublicTest_85039358.jpg,0.0,0.0,0.0,6,6,6,1,1
PublicTest_85202965.jpg,0.0,0.0,0.0,3,3,3,1,1
PublicTest_85314325.jpg,0.0,0.0,0.0,3,3,3,1,1
PublicTest_85325911.jpg,0.0,0.0,0.0,3,3,3,1,1
PublicTest_85457087.jpg,0.0,0.0,0.0,4,4,4,1,1
PublicTest_8573713.jpg,0.0,0.0,0.0,3,3,3,1,1
PublicTest_85766163.jpg,0.0,0.0,0.0,3,3,3,1,1
PublicTest_858686.jpg,0.0,0.0,0.0,3,3,3,1,1
PublicTest_86236119.jpg,0.0,0.0,0.0,3,3,3,1,1
PublicTest_86306334.jpg,0.0,0.0,0.0,3,3,3,1,1
PublicTest_86341575.jpg,0.0,0.0,0.0,3,3,3,1,1
PublicTest_86561203.jpg,0.0,0.0,0.0,3,3,3,1,1
PublicTest_86875815.jpg,0.0,0.0,0.0,3,3,3,1,1
PublicTest_86914236.jpg,0.0,0.0,0.0,3,3,3,1,1
PublicTest_86961415.jpg,0.0,0.0,0.0,3,3,3,1,1
PublicTest_86983790.jpg,0.0,0.0,0.0,4,4,4,1,1
PublicTest_87031342.jpg,0.0,0.0,0.0,3,3,3,1,1
PublicTest_87222808.jpg,0.0,0.0,0.0,3,3,3,1,1
PublicTest_87276715.jpg,0.0,0.0,0.0,3,3,3,1,1
PublicTest_87336025.jpg,0.0,0.0,0.0,3,3,3,1,1
PublicTest_87449224.jpg,0.0,0.0,0.0,3,3,3,1,1
PublicTest_87513106.jpg,0.0,0.0,0.0,3,3,3,1,1
PublicTest_87520269.jpg,0.0,0.0,0.0,3,3,3,1,1
PublicTest_87576767.jpg,0.0,0.0,0.0,3,3,3,1,1
PublicTest_87715051.jpg,0.0,0.0,0.0,3,3,3,1,1
PublicTest_87871362.jpg,0.0,0.0,0.0,4,4,4,1,1
PublicTest_87921546.jpg,0.0,0.0,0.0,3,3,3,1,1
PublicTest_88015304.jpg,0.0,0.0,0.0,3,3,3,1,1
PublicTest_88089268.jpg,0.0,0.0,0.0,3,3,3,1,1
PublicTest_88249373.jpg,0.0,0.0,0.0,3,3,3,1,1
PublicTest_88458359.jpg,0.0,0.0,0.0,3,3,3,1,1
PublicTest_88473367.jpg,0.0,0.0,0.0,3,3,3,1,1
PublicTest_88525502.jpg,0.0,0.0,0.0,3,3,3,1,1
PublicTest_88721792.jpg,0.0,0.0,0.0,3,3,3,1,1
PublicTest_8909872.jpg,0.0,0.0,0.0,3,3,3,1,1
PublicTest_89100836.jpg,0.0,0.0,0.0,3,3,3,1,1
PublicTest_89359277.jpg,0.0,0.0,0.0,3,3,3,1,1
PublicTest_89481334.jpg,0.0,0.0,0.0,0,0,0,1,1
PublicTest_89497262.jpg,0.0,0.0,0.0,3,3,3,1,1
PublicTest_89522352.jpg,0.0,0.0,0.0,4,4,4,1,1
PublicTest_89636551.jpg,0.0,0.0,0.0,4,4,4,1,1
PublicTest_8964320.jpg,0.0,0.0,0.0,3,3,3,1,1
PublicTest_8970135.jpg,0.0,0.0,0.0,3,3,3,1,1
PublicTest_89784089.jpg,0.0,0.0,0.0,3,3,3,1,1
PublicTest_89797477.jpg,0.0,0.0,0.0,3,3,3,1,1
PublicTest_8979920.jpg,0.0,0.0,0.0,3,3,3,1,1
PublicTest_89893238.jpg,0.0,0.0,0.0,3,3,3,1,1
PublicTest_90183500.jpg,0.0,0.0,0.0,3,3,3,1,1
PublicTest_90303149.jpg,0.0,0.0,0.0,3,3,3,1,1
PublicTest_90305658.jpg,0.0,0.0,0.0,3,3,3,1,1
PublicTest_90322194.jpg,0.0,0.0,0.0,3,3,3,1,1
PublicTest_9034522.jpg,0.0,0.0,0.0,3,3,3,1,1
PublicTest_90528183.jpg,0.0,0.0,0.0,4,4,4,1,1
PublicTest_90836209.jpg,0.0,0.0,0.0,3,3,3,1,1
PublicTest_90837676.jpg,0.0,0.0,0.0,3,3,3,1,1
PublicTest_90967377.jpg,0.0,0.0,0.0,3,3,3,1,1
PublicTest_90974681.jpg,0.0,0.0,0.0,3,3,3,1,1
PublicTest_90998942.jpg,0.0,0.0,0.0,3,3,3,1,1
PublicTest_91100624.jpg,0.0,0.0,0.0,3,3,3,1,1
PublicTest_91253521.jpg,0.0,0.0,0.0,3,3,3,1,1
PublicTest_91311469.jpg,0.0,0.0,0.0,3,3,3,1,1
PublicTest_91470334.jpg,0.0,0.0,0.0,3,3,3,1,1
PublicTest_91510448.jpg,0.0,0.0,0.0,3,3,3,1,1
PublicTest_9155884.jpg,0.0,0.0,0.0,3,3,3,1,1
PublicTest_91577571.jpg,0.0,0.0,0.0,3,3,3,1,1
PublicTest_91632302.jpg,0.0,0.0,0.0,4,4,4,1,1
PublicTest_91750793.jpg,0.0,0.0,0.0,4,4,4,1,1
PublicTest_91755638.jpg,0.0,0.0,0.0,2,2,2,1,1
PublicTest_91860499.jpg,0.0,0.0,0.0,3,3,3,1,1
PublicTest_91909656.jpg,0.0,0.0,0.0,3,3,3,1,1
PublicTest_92086904.jpg,0.0,0.0,0.0,3,3,3,1,1
PublicTest_92106280.jpg,0.0,0.0,0.0,5,5,5,1,1
PublicTest_92475886.jpg,0.0,0.0,0.0,4,4,4,1,1
PublicTest_92513002.jpg,0.0,0.0,0.0,3,3,3,1,1
PublicTest_92799343.jpg,0.0,0.0,0.0,0,0,0,1,1
PublicTest_92936239.jpg,0.0,0.0,0.0,3,3,3,1,1
PublicTest_92956265.jpg,0.0,0.0,0.0,3,3,3,1,1
PublicTest_93051514.jpg,0.0,0.0,0.0,3,3,3,1,1
PublicTest_93184422.jpg,0.0,0.0,0.0,3,3,3,1,1
PublicTest_93250546.jpg,0.0,0.0,0.0,3,3,3,1,1
PublicTest_93296642.jpg,0.0,0.0,0.0,3,3,3,1,1
PublicTest_93332316.jpg,0.0,0.0,0.0,3,3,3,1,1
PublicTest_93552353.jpg,0.0,0.0,0.0,3,3,3,1,1
PublicTest_93593490.jpg,0.0,0.0,0.0,4,4,4,1,1
PublicTest_93658944.jpg,0.0,0.0,0.0,5,5,5,1,1
PublicTest_93745195.jpg,0.0,0.0,0.0,3,3,3,1,1
PublicTest_93746530.jpg,0.0,0.0,0.0,3,3,3,1,1
PublicTest_9386651.jpg,0.0,0.0,0.0,3,3,3,1,1
PublicTest_93971981.jpg,0.0,0.0,0.0,3,3,3,1,1
PublicTest_94706825.jpg,0.0,0.0,0.0,3,3,3,1,1
PublicTest_94796042.jpg,0.0,0.0,0.0,4,4,4,1,1
PublicTest_94841947.jpg,0.0,0.0,0.0,3,3,3,1,1
PublicTest_94893.jpg,0.0,0.0,0.0,3,3,3,1,1
PublicTest_94956892.jpg,0.0,0.0,0.0,3,3,3,1,1
PublicTest_94957156.jpg,0.0,0.0,0.0,3,3,3,1,1
PublicTest_94958028.jpg,0.0,0.0,0.0,3,3,3,1,1
PublicTest_9537841.jpg,0.0,0.0,0.0,3,3,3,1,1
PublicTest_95830682.jpg,0.0,0.0,0.0,3,3,3,1,1
PublicTest_95963284.jpg,0.0,0.0,0.0,3,3,3,1,1
PublicTest_96081587.jpg,0.0,0.0,0.0,3,3,3,1,1
PublicTest_96171452.jpg,0.0,0.0,0.0,4,4,4,1,1
PublicTest_96323620.jpg,0.0,0.0,0.0,3,3,3,1,1
PublicTest_96402798.jpg,0.0,0.0,0.0,3,3,3,1,1
PublicTest_96527788.jpg,0.0,0.0,0.0,2,2,2,1,1
PublicTest_96556647.jpg,0.0,0.0,0.0,3,3,3,1,1
PublicTest_9655665.jpg,0.0,0.0,0.0,3,3,3,1,1
PublicTest_9659355.jpg,0.0,0.0,0.0,3,3,3,1,1
PublicTest_96596476.jpg,0.0,0.0,0.0,3,3,3,1,1
PublicTest_96621578.jpg,0.0,0.0,0.0,3,3,3,1,1
PublicTest_96797506.jpg,0.0,0.0,0.0,3,3,3,1,1
PublicTest_96895780.jpg,0.0,0.0,0.0,3,3,3,1,1
PublicTest_96920832.jpg,0.0,0.0,0.0,2,2,2,1,1
PublicTest_96979522.jpg,0.0,0.0,0.0,3,3,3,1,1
PublicTest_97013386.jpg,0.0,0.0,0.0,3,3,3,1,1
PublicTest_97144802.jpg,0.0,0.0,0.0,3,3,3,1,1
PublicTest_97150877.jpg,0.0,0.0,0.0,4,4,4,1,1
PublicTest_97161581.jpg,0.0,0.0,0.0,3,3,3,1,1
PublicTest_97173493.jpg,0.0,0.0,0.0,3,3,3,1,1
PublicTest_97297069.jpg,0.0,0.0,0.0,5,5,5,1,1
PublicTest_97435785.jpg,0.0,0.0,0.0,3,3,3,1,1
PublicTest_97542823.jpg,0.0,0.0,0.0,3,3,3,1,1
PublicTest_97618815.jpg,0.0,0.0,0.0,3,3,3,1,1
PublicTest_97661985.jpg,0.0,0.0,0.0,3,3,3,1,1
PublicTest_97807894.jpg,0.0,0.0,0.0,3,3,3,1,1
PublicTest_9789737.jpg,0.0,0.0,0.0,3,3,3,1,1
PublicTest_9795756.jpg,0.0,0.0,0.0,3,3,3,1,1
PublicTest_98111104.jpg,0.0,0.0,0.0,3,3,3,1,1
PublicTest_98121424.jpg,0.0,0.0,0.0,3,3,3,1,1
PublicTest_9818602.jpg,0.0,0.0,0.0,3,3,3,1,1
PublicTest_9827448.jpg,0.0,0.0,0.0,3,3,3,1,1
PublicTest_98276713.jpg,0.0,0.0,0.0,3,3,3,1,1
PublicTest_98334368.jpg,0.0,0.0,0.0,4,4,4,1,1
PublicTest_98367054.jpg,0.0,0.0,0.0,3,3,3,1,1
PublicTest_98367611.jpg,0.0,0.0,0.0,3,3,3,1,1
PublicTest_98400798.jpg,0.0,0.0,0.0,4,4,4,1,1
PublicTest_98506083.jpg,0.0,0.0,0.0,3,3,3,1,1
PublicTest_98594654.jpg,0.0,0.0,0.0,3,3,3,1,1
PublicTest_98770281.jpg,0.0,0.0,0.0,3,3,3,1,1
PublicTest_98838334.jpg,0.0,0.0,0.0,4,4,4,1,1
PublicTest_98860460.jpg,0.0,0.0,0.0,3,3,3,1,1
PublicTest_99092052.jpg,0.0,0.0,0.0,3,3,3,1,1
PublicTest_99250082.jpg,0.0,0.0,0.0,3,3,3,1,1
PublicTest_99399200.jpg,0.0,0.0,0.0,3,3,3,1,1
PublicTest_99531861.jpg,0.0,0.0,0.0,3,3,3,1,1
PublicTest_99626406.jpg,0.0,0.0,0.0,3,3,3,1,1
PublicTest_99753173.jpg,0.0,0.0,0.0,3,3,3,1,1
PublicTest_99849498.jpg,0.0,0.0,0.0,3,3,3,1,1
PublicTest_10014592.jpg,0.0,0.0,0.0,4,4,4,1,1
PublicTest_10262886.jpg,0.0,0.0,0.0,4,4,4,1,1
PublicTest_10549803.jpg,0.0,0.0,0.0,3,3,3,1,1
PublicTest_10594126.jpg,0.0,0.0,0.0,4,4,4,1,1
PublicTest_10682784.jpg,0.0,0.0,0.0,4,4,4,1,1
PublicTest_1070870.jpg,0.0,0.0,0.0,4,4,4,1,1
PublicTest_10726845.jpg,0.0,0.0,0.0,3,3,3,1,1
PublicTest_10751192.jpg,0.0,0.0,0.0,4,4,4,1,1
PublicTest_10935488.jpg,0.0,0.0,0.0,4,4,4,1,1
PublicTest_10998240.jpg,0.0,0.0,0.0,4,4,4,1,1
PublicTest_11074159.jpg,0.0,0.0,0.0,2,2,2,1,1
PublicTest_11291773.jpg,0.0,0.0,0.0,3,3,3,1,1
PublicTest_11503793.jpg,0.0,0.0,0.0,4,4,4,1,1
PublicTest_1153675.jpg,0.0,0.0,0.0,0,0,0,1,1
PublicTest_11939741.jpg,0.0,0.0,0.0,4,4,4,1,1
PublicTest_12006719.jpg,0.0,0.0,0.0,4,4,4,1,1
PublicTest_12088381.jpg,0.0,0.0,0.0,4,4,4,1,1
PublicTest_12155590.jpg,0.0,0.0,0.0,0,0,0,1,1
PublicTest_12186348.jpg,0.0,0.0,0.0,3,3,3,1,1
PublicTest_12240375.jpg,0.0,0.0,0.0,4,4,4,1,1
PublicTest_12712093.jpg,0.0,0.0,0.0,4,4,4,1,1
PublicTest_12725760.jpg,0.0,0.0,0.0,5,5,5,1,1
PublicTest_12967712.jpg,0.0,0.0,0.0,4,4,4,1,1
PublicTest_12993964.jpg,0.0,0.0,0.0,4,4,4,1,1
PublicTest_13006166.jpg,0.0,0.0,0.0,0,0,0,1,1
PublicTest_13142070.jpg,0.0,0.0,0.0,2,2,2,1,1
PublicTest_132870.jpg,0.0,0.0,0.0,6,6,6,1,1
PublicTest_13335599.jpg,0.0,0.0,0.0,4,4,4,1,1
PublicTest_13489471.jpg,0.0,0.0,0.0,4,4,4,1,1
PublicTest_13547400.jpg,0.0,0.0,0.0,5,5,5,1,1
PublicTest_13778892.jpg,0.0,0.0,0.0,4,4,4,1,1
PublicTest_13798819.jpg,0.0,0.0,0.0,4,4,4,1,1
PublicTest_13905296.jpg,0.0,0.0,0.0,2,2,2,1,1
PublicTest_14132514.jpg,0.0,0.0,0.0,4,4,4,1,1
PublicTest_14136410.jpg,0.0,0.0,0.0,6,6,6,1,1
PublicTest_14191068.jpg,0.0,0.0,0.0,1,1,1,1,1
PublicTest_14220243.jpg,0.0,0.0,0.0,0,0,0,1,1
PublicTest_1428441.jpg,0.0,0.0,0.0,0,0,0,1,1
PublicTest_14444813.jpg,0.0,0.0,0.0,4,4,4,1,1
PublicTest_1459972.jpg,0.0,0.0,0.0,4,4,4,1,1
PublicTest_14668058.jpg,0.0,0.0,0.0,0,0,0,1,1
PublicTest_147590.jpg,0.0,0.0,0.0,2,2,2,1,1
PublicTest_14790723.jpg,0.0,0.0,0.0,4,4,4,1,1
PublicTest_1492943.jpg,0.0,0.0,0.0,5,5,5,1,1
PublicTest_15092823.jpg,0.0,0.0,0.0,3,3,3,1,1
PublicTest_15308477.jpg,0.0,0.0,0.0,3,3,3,1,1
PublicTest_1534576.jpg,0.0,0.0,0.0,4,4,4,1,1
PublicTest_15463065.jpg,0.0,0.0,0.0,4,4,4,1,1
PublicTest_15550175.jpg,0.0,0.0,0.0,2,2,2,1,1
PublicTest_15581038.jpg,0.0,0.0,0.0,4,4,4,1,1
PublicTest_15597876.jpg,0.0,0.0,0.0,4,4,4,1,1
PublicTest_15640368.jpg,0.0,0.0,0.0,4,4,4,1,1
PublicTest_15723362.jpg,0.0,0.0,0.0,6,6,6,1,1
PublicTest_15917705.jpg,0.0,0.0,0.0,4,4,4,1,1
PublicTest_16168281.jpg,0.0,0.0,0.0,6,6,6,1,1
PublicTest_1635393.jpg,0.0,0.0,0.0,2,2,2,1,1
PublicTest_16495313.jpg,0.0,0.0,0.0,4,4,4,1,1
PublicTest_16573905.jpg,0.0,0.0,0.0,5,5,5,1,1
PublicTest_16659547.jpg,0.0,0.0,0.0,4,4,4,1,1
PublicTest_16726298.jpg,0.0,0.0,0.0,2,2,2,1,1
PublicTest_16769769.jpg,0.0,0.0,0.0,5,5,5,1,1
PublicTest_1685350.jpg,0.0,0.0,0.0,4,4,4,1,1
PublicTest_16854328.jpg,0.0,0.0,0.0,4,4,4,1,1
PublicTest_17920889.jpg,0.0,0.0,0.0,4,4,4,1,1
PublicTest_18045560.jpg,0.0,0.0,0.0,3,3,3,1,1
PublicTest_1814034.jpg,0.0,0.0,0.0,2,2,2,1,1
PublicTest_18202121.jpg,0.0,0.0,0.0,4,4,4,1,1
PublicTest_18245411.jpg,0.0,0.0,0.0,0,0,0,1,1
PublicTest_18251492.jpg,0.0,0.0,0.0,2,2,2,1,1
PublicTest_18275833.jpg,0.0,0.0,0.0,4,4,4,1,1
PublicTest_18382637.jpg,0.0,0.0,0.0,2,2,2,1,1
PublicTest_18452360.jpg,0.0,0.0,0.0,4,4,4,1,1
PublicTest_18643957.jpg,0.0,0.0,0.0,5,5,5,1,1
PublicTest_19021101.jpg,0.0,0.0,0.0,0,0,0,1,1
PublicTest_19416116.jpg,0.0,0.0,0.0,3,3,3,1,1
PublicTest_19489926.jpg,0.0,0.0,0.0,4,4,4,1,1
PublicTest_19492189.jpg,0.0,0.0,0.0,4,4,4,1,1
PublicTest_19683855.jpg,0.0,0.0,0.0,3,3,3,1,1
PublicTest_19690534.jpg,0.0,0.0,0.0,4,4,4,1,1
PublicTest_1986714.jpg,0.0,0.0,0.0,4,4,4,1,1
PublicTest_19913638.jpg,0.0,0.0,0.0,4,4,4,1,1
PublicTest_19950909.jpg,0.0,0.0,0.0,4,4,4,1,1
PublicTest_20164355.jpg,0.0,0.0,0.0,2,2,2,1,1
PublicTest_20632333.jpg,0.0,0.0,0.0,4,4,4,1,1
PublicTest_21099480.jpg,0.0,0.0,0.0,5,5,5,1,1
PublicTest_21141989.jpg,0.0,0.0,0.0,4,4,4,1,1
PublicTest_21166959.jpg,0.0,0.0,0.0,3,3,3,1,1
PublicTest_21238956.jpg,0.0,0.0,0.0,3,3,3,1,1
PublicTest_21267677.jpg,0.0,0.0,0.0,4,4,4,1,1
PublicTest_21312247.jpg,0.0,0.0,0.0,0,0,0,1,1
PublicTest_2178283.jpg,0.0,0.0,0.0,4,4,4,1,1
PublicTest_21955065.jpg,0.0,0.0,0.0,4,4,4,1,1
PublicTest_22115617.jpg,0.0,0.0,0.0,2,2,2,1,1
PublicTest_22397103.jpg,0.0,0.0,0.0,0,0,0,1,1
PublicTest_22536640.jpg,0.0,0.0,0.0,0,0,0,1,1
PublicTest_22752690.jpg,0.0,0.0,0.0,3,3,3,1,1
PublicTest_23091041.jpg,0.0,0.0,0.0,3,3,3,1,1
PublicTest_23169385.jpg,0.0,0.0,0.0,4,4,4,1,1
PublicTest_23417843.jpg,0.0,0.0,0.0,4,4,4,1,1
PublicTest_23608603.jpg,0.0,0.0,0.0,4,4,4,1,1
PublicTest_23734237.jpg,0.0,0.0,0.0,4,4,4,1,1
PublicTest_24268857.jpg,0.0,0.0,0.0,4,4,4,1,1
PublicTest_24444588.jpg,0.0,0.0,0.0,4,4,4,1,1
PublicTest_24691289.jpg,0.0,0.0,0.0,1,1,1,1,1
PublicTest_24698430.jpg,0.0,0.0,0.0,0,0,0,1,1
PublicTest_24773421.jpg,0.0,0.0,0.0,4,4,4,1,1
PublicTest_24870692.jpg,0.0,0.0,0.0,5,5,5,1,1
PublicTest_25894490.jpg,0.0,0.0,0.0,4,4,4,1,1
PublicTest_25990562.jpg,0.0,0.0,0.0,4,4,4,1,1
PublicTest_26149578.jpg,0.0,0.0,0.0,0,0,0,1,1
PublicTest_265313.jpg,0.0,0.0,0.0,6,6,6,1,1
PublicTest_26571135.jpg,0.0,0.0,0.0,4,4,4,1,1
PublicTest_26979925.jpg,0.0,0.0,0.0,4,4,4,1,1
PublicTest_27177058.jpg,0.0,0.0,0.0,4,4,4,1,1
PublicTest_2729310.jpg,0.0,0.0,0.0,4,4,4,1,1
PublicTest_27472256.jpg,0.0,0.0,0.0,4,4,4,1,1
PublicTest_27506364.jpg,0.0,0.0,0.0,4,4,4,1,1
PublicTest_27542435.jpg,0.0,0.0,0.0,4,4,4,1,1
PublicTest_27662575.jpg,0.0,0.0,0.0,5,5,5,1,1
PublicTest_27885302.jpg,0.0,0.0,0.0,4,4,4,1,1
PublicTest_2790951.jpg,0.0,0.0,0.0,3,3,3,1,1
PublicTest_28123281.jpg,0.0,0.0,0.0,4,4,4,1,1
PublicTest_28380934.jpg,0.0,0.0,0.0,4,4,4,1,1
PublicTest_28610462.jpg,0.0,0.0,0.0,4,4,4,1,1
PublicTest_28861626.jpg,0.0,0.0,0.0,4,4,4,1,1
PublicTest_29091719.jpg,0.0,0.0,0.0,0,0,0,1,1
PublicTest_29140052.jpg,0.0,0.0,0.0,3,3,3,1,1
PublicTest_29220579.jpg,0.0,0.0,0.0,5,5,5,1,1
PublicTest_29302752.jpg,0.0,0.0,0.0,4,4,4,1,1
PublicTest_29589397.jpg,0.0,0.0,0.0,4,4,4,1,1
PublicTest_29642839.jpg,0.0,0.0,0.0,0,0,0,1,1
PublicTest_29733316.jpg,0.0,0.0,0.0,4,4,4,1,1
PublicTest_29754793.jpg,0.0,0.0,0.0,4,4,4,1,1
PublicTest_29780168.jpg,0.0,0.0,0.0,4,4,4,1,1
PublicTest_29922615.jpg,0.0,0.0,0.0,4,4,4,1,1
PublicTest_29922866.jpg,0.0,0.0,0.0,4,4,4,1,1
PublicTest_30202464.jpg,0.0,0.0,0.0,4,4,4,1,1
PublicTest_30327569.jpg,0.0,0.0,0.0,0,0,0,1,1
PublicTest_30462460.jpg,0.0,0.0,0.0,4,4,4,1,1
PublicTest_31605221.jpg,0.0,0.0,0.0,4,4,4,1,1
PublicTest_3179259.jpg,0.0,0.0,0.0,4,4,4,1,1
PublicTest_31832565.jpg,0.0,0.0,0.0,4,4,4,1,1
PublicTest_32156077.jpg,0.0,0.0,0.0,2,2,2,1,1
PublicTest_32318525.jpg,0.0,0.0,0.0,4,4,4,1,1
PublicTest_32703921.jpg,0.0,0.0,0.0,6,6,6,1,1
PublicTest_32792872.jpg,0.0,0.0,0.0,4,4,4,1,1
PublicTest_3286786.jpg,0.0,0.0,0.0,4,4,4,1,1
PublicTest_32884045.jpg,0.0,0.0,0.0,4,4,4,1,1
PublicTest_33008529.jpg,0.0,0.0,0.0,4,4,4,1,1
PublicTest_33060882.jpg,0.0,0.0,0.0,4,4,4,1,1
PublicTest_33104445.jpg,0.0,0.0,0.0,4,4,4,1,1
PublicTest_33284059.jpg,0.0,0.0,0.0,4,4,4,1,1
PublicTest_33419198.jpg,0.0,0.0,0.0,4,4,4,1,1
PublicTest_33602850.jpg,0.0,0.0,0.0,4,4,4,1,1
PublicTest_33630556.jpg,0.0,0.0,0.0,3,3,3,1,1
PublicTest_33942757.jpg,0.0,0.0,0.0,2,2,2,1,1
PublicTest_3397116.jpg,0.0,0.0,0.0,4,4,4,1,1
PublicTest_34002131.jpg,0.0,0.0,0.0,4,4,4,1,1
PublicTest_34052482.jpg,0.0,0.0,0.0,4,4,4,1,1
PublicTest_34157941.jpg,0.0,0.0,0.0,4,4,4,1,1
PublicTest_34288814.jpg,0.0,0.0,0.0,4,4,4,1,1
PublicTest_34345576.jpg,0.0,0.0,0.0,4,4,4,1,1
PublicTest_34505620.jpg,0.0,0.0,0.0,4,4,4,1,1
PublicTest_3468296.jpg,0.0,0.0,0.0,4,4,4,1,1
PublicTest_34864860.jpg,0.0,0.0,0.0,5,5,5,1,1
PublicTest_34947022.jpg,0.0,0.0,0.0,5,5,5,1,1
PublicTest_34971246.jpg,0.0,0.0,0.0,3,3,3,1,1
PublicTest_35123586.jpg,0.0,0.0,0.0,4,4,4,1,1
PublicTest_35421934.jpg,0.0,0.0,0.0,5,5,5,1,1
PublicTest_35641560.jpg,0.0,0.0,0.0,5,5,5,1,1
PublicTest_35807859.jpg,0.0,0.0,0.0,3,3,3,1,1
PublicTest_35914921.jpg,0.0,0.0,0.0,5,5,5,1,1
PublicTest_3615243.jpg,0.0,0.0,0.0,2,2,2,1,1
PublicTest_36186792.jpg,0.0,0.0,0.0,3,3,3,1,1
PublicTest_36417383.jpg,0.0,0.0,0.0,4,4,4,1,1
PublicTest_36569724.jpg,0.0,0.0,0.0,4,4,4,1,1
PublicTest_36640550.jpg,0.0,0.0,0.0,4,4,4,1,1
PublicTest_36847706.jpg,0.0,0.0,0.0,4,4,4,1,1
PublicTest_37042364.jpg,0.0,0.0,0.0,4,4,4,1,1
PublicTest_37199908.jpg,0.0,0.0,0.0,4,4,4,1,1
PublicTest_37453982.jpg,0.0,0.0,0.0,4,4,4,1,1
PublicTest_37455494.jpg,0.0,0.0,0.0,4,4,4,1,1
PublicTest_37464818.jpg,0.0,0.0,0.0,2,2,2,1,1
PublicTest_3762401.jpg,0.0,0.0,0.0,4,4,4,1,1
PublicTest_37663840.jpg,0.0,0.0,0.0,4,4,4,1,1
PublicTest_37740054.jpg,0.0,0.0,0.0,5,5,5,1,1
PublicTest_37742296.jpg,0.0,0.0,0.0,4,4,4,1,1
PublicTest_37850371.jpg,0.0,0.0,0.0,4,4,4,1,1
PublicTest_38095903.jpg,0.0,0.0,0.0,3,3,3,1,1
PublicTest_38223740.jpg,0.0,0.0,0.0,4,4,4,1,1
PublicTest_3852772.jpg,0.0,0.0,0.0,0,0,0,1,1
PublicTest_38780269.jpg,0.0,0.0,0.0,0,0,0,1,1
PublicTest_39019852.jpg,0.0,0.0,0.0,4,4,4,1,1
PublicTest_39677088.jpg,0.0,0.0,0.0,5,5,5,1,1
PublicTest_3973440.jpg,0.0,0.0,0.0,5,5,5,1,1
PublicTest_39803274.jpg,0.0,0.0,0.0,3,3,3,1,1
PublicTest_3996065.jpg,0.0,0.0,0.0,4,4,4,1,1
PublicTest_40027557.jpg,0.0,0.0,0.0,2,2,2,1,1
PublicTest_40041446.jpg,0.0,0.0,0.0,4,4,4,1,1
PublicTest_40060261.jpg,0.0,0.0,0.0,4,4,4,1,1
PublicTest_40154523.jpg,0.0,0.0,0.0,4,4,4,1,1
PublicTest_40165038.jpg,0.0,0.0,0.0,0,0,0,1,1
PublicTest_4051764.jpg,0.0,0.0,0.0,4,4,4,1,1
PublicTest_4052090.jpg,0.0,0.0,0.0,4,4,4,1,1
PublicTest_40964978.jpg,0.0,0.0,0.0,4,4,4,1,1
PublicTest_41463579.jpg,0.0,0.0,0.0,4,4,4,1,1
PublicTest_4168105.jpg,0.0,0.0,0.0,3,3,3,1,1
PublicTest_41718208.jpg,0.0,0.0,0.0,3,3,3,1,1
PublicTest_41748290.jpg,0.0,0.0,0.0,4,4,4,1,1
PublicTest_41896002.jpg,0.0,0.0,0.0,4,4,4,1,1
PublicTest_42128856.jpg,0.0,0.0,0.0,4,4,4,1,1
PublicTest_42145564.jpg,0.0,0.0,0.0,3,3,3,1,1
PublicTest_42666134.jpg,0.0,0.0,0.0,0,0,0,1,1
PublicTest_42753252.jpg,0.0,0.0,0.0,4,4,4,1,1
PublicTest_42832284.jpg,0.0,0.0,0.0,4,4,4,1,1
PublicTest_42839788.jpg,0.0,0.0,0.0,0,0,0,1,1
PublicTest_42861467.jpg,0.0,0.0,0.0,4,4,4,1,1
PublicTest_43113063.jpg,0.0,0.0,0.0,4,4,4,1,1
PublicTest_43180245.jpg,0.0,0.0,0.0,0,0,0,1,1
PublicTest_43328313.jpg,0.0,0.0,0.0,5,5,5,1,1
PublicTest_43477229.jpg,0.0,0.0,0.0,4,4,4,1,1
PublicTest_43646303.jpg,0.0,0.0,0.0,4,4,4,1,1
PublicTest_43846619.jpg,0.0,0.0,0.0,4,4,4,1,1
PublicTest_44039271.jpg,0.0,0.0,0.0,3,3,3,1,1
PublicTest_44337060.jpg,0.0,0.0,0.0,0,0,0,1,1
PublicTest_4445691.jpg,0.0,0.0,0.0,4,4,4,1,1
PublicTest_44664076.jpg,0.0,0.0,0.0,2,2,2,1,1
PublicTest_44836790.jpg,0.0,0.0,0.0,4,4,4,1,1
PublicTest_44866906.jpg,0.0,0.0,0.0,4,4,4,1,1
PublicTest_44881174.jpg,0.0,0.0,0.0,4,4,4,1,1
PublicTest_45090015.jpg,0.0,0.0,0.0,5,5,5,1,1
PublicTest_45279125.jpg,0.0,0.0,0.0,4,4,4,1,1
PublicTest_45397697.jpg,0.0,0.0,0.0,4,4,4,1,1
PublicTest_45584084.jpg,0.0,0.0,0.0,4,4,4,1,1
PublicTest_46300400.jpg,0.0,0.0,0.0,5,5,5,1,1
PublicTest_46377137.jpg,0.0,0.0,0.0,4,4,4,1,1
PublicTest_46498247.jpg,0.0,0.0,0.0,4,4,4,1,1
PublicTest_46552887.jpg,0.0,0.0,0.0,0,0,0,1,1
PublicTest_46731402.jpg,0.0,0.0,0.0,4,4,4,1,1
PublicTest_46749562.jpg,0.0,0.0,0.0,3,3,3,1,1
PublicTest_47030522.jpg,0.0,0.0,0.0,4,4,4,1,1
PublicTest_47185362.jpg,0.0,0.0,0.0,2,2,2,1,1
PublicTest_47436339.jpg,0.0,0.0,0.0,4,4,4,1,1
PublicTest_47800884.jpg,0.0,0.0,0.0,4,4,4,1,1
PublicTest_47877321.jpg,0.0,0.0,0.0,4,4,4,1,1
PublicTest_47890160.jpg,0.0,0.0,0.0,3,3,3,1,1
PublicTest_47955706.jpg,0.0,0.0,0.0,4,4,4,1,1
PublicTest_47958709.jpg,0.0,0.0,0.0,4,4,4,1,1
PublicTest_48432702.jpg,0.0,0.0,0.0,5,5,5,1,1
PublicTest_48457790.jpg,0.0,0.0,0.0,4,4,4,1,1
PublicTest_48467678.jpg,0.0,0.0,0.0,4,4,4,1,1
PublicTest_48557002.jpg,0.0,0.0,0.0,4,4,4,1,1
PublicTest_49010808.jpg,0.0,0.0,0.0,4,4,4,1,1
PublicTest_4923344.jpg,0.0,0.0,0.0,3,3,3,1,1
PublicTest_4936632.jpg,0.0,0.0,0.0,5,5,5,1,1
PublicTest_49444980.jpg,0.0,0.0,0.0,4,4,4,1,1
PublicTest_49498332.jpg,0.0,0.0,0.0,4,4,4,1,1
PublicTest_4951112.jpg,0.0,0.0,0.0,4,4,4,1,1
PublicTest_4971720.jpg,0.0,0.0,0.0,5,5,0,1,0
PublicTest_49816149.jpg,0.0,0.0,0.0,4,4,4,1,1
PublicTest_49949167.jpg,0.0,0.0,0.0,5,5,5,1,1
PublicTest_49985118.jpg,0.0,0.0,0.0,4,4,4,1,1
PublicTest_50125598.jpg,0.0,0.0,0.0,4,4,4,1,1
PublicTest_50196852.jpg,0.0,0.0,0.0,5,5,5,1,1
PublicTest_50206070.jpg,0.0,0.0,0.0,4,4,4,1,1
PublicTest_50573359.jpg,0.0,0.0,0.0,4,4,4,1,1
PublicTest_50829889.jpg,0.0,0.0,0.0,5,5,5,1,1
PublicTest_50921146.jpg,0.0,0.0,0.0,4,4,4,1,1
PublicTest_51165729.jpg,0.0,0.0,0.0,3,3,3,1,1
PublicTest_51382282.jpg,0.0,0.0,0.0,6,6,6,1,1
PublicTest_51441832.jpg,0.0,0.0,0.0,4,4,4,1,1
PublicTest_51623246.jpg,0.0,0.0,0.0,5,5,5,1,1
PublicTest_51742224.jpg,0.0,0.0,0.0,5,5,5,1,1
PublicTest_51756327.jpg,0.0,0.0,0.0,5,5,5,1,1
PublicTest_51894055.jpg,0.0,0.0,0.0,4,4,4,1,1
PublicTest_52156191.jpg,0.0,0.0,0.0,4,4,4,1,1
PublicTest_52256375.jpg,0.0,0.0,0.0,5,5,5,1,1
PublicTest_52474338.jpg,0.0,0.0,0.0,4,4,4,1,1
PublicTest_52510808.jpg,0.0,0.0,0.0,4,4,4,1,1
PublicTest_52634620.jpg,0.0,0.0,0.0,0,0,0,1,1
PublicTest_52674764.jpg,0.0,0.0,0.0,4,4,4,1,1
PublicTest_53331541.jpg,0.0,0.0,0.0,4,4,4,1,1
PublicTest_53666068.jpg,0.0,0.0,0.0,4,4,4,1,1
PublicTest_53746155.jpg,0.0,0.0,0.0,4,4,4,1,1
PublicTest_53839202.jpg,0.0,0.0,0.0,3,3,3,1,1
PublicTest_53885711.jpg,0.0,0.0,0.0,4,4,4,1,1
PublicTest_54283680.jpg,0.0,0.0,0.0,4,4,4,1,1
PublicTest_5452396.jpg,0.0,0.0,0.0,0,0,0,1,1
PublicTest_54608315.jpg,0.0,0.0,0.0,4,4,4,1,1
PublicTest_54940641.jpg,0.0,0.0,0.0,4,4,4,1,1
PublicTest_55002211.jpg,0.0,0.0,0.0,4,4,4,1,1
PublicTest_55005596.jpg,0.0,0.0,0.0,4,4,4,1,1
PublicTest_55088612.jpg,0.0,0.0,0.0,5,5,5,1,1
PublicTest_55261472.jpg,0.0,0.0,0.0,4,4,4,1,1
PublicTest_55302959.jpg,0.0,0.0,0.0,4,4,4,1,1
PublicTest_55476858.jpg,0.0,0.0,0.0,4,4,4,1,1
PublicTest_55521436.jpg,0.0,0.0,0.0,4,4,4,1,1
PublicTest_55659919.jpg,0.0,0.0,0.0,4,4,4,1,1
PublicTest_55756691.jpg,0.0,0.0,0.0,4,4,4,1,1
PublicTest_55967224.jpg,0.0,0.0,0.0,4,4,4,1,1
PublicTest_56071206.jpg,0.0,0.0,0.0,4,4,4,1,1
PublicTest_56326100.jpg,0.0,0.0,0.0,4,4,4,1,1
PublicTest_56395100.jpg,0.0,0.0,0.0,4,4,4,1,1
PublicTest_5648996.jpg,0.0,0.0,0.0,3,3,3,1,1
PublicTest_5697329.jpg,0.0,0.0,0.0,5,5,5,1,1
PublicTest_57043161.jpg,0.0,0.0,0.0,4,4,4,1,1
PublicTest_57151026.jpg,0.0,0.0,0.0,5,5,5,1,1
PublicTest_57163272.jpg,0.0,0.0,0.0,5,5,5,1,1
PublicTest_57173908.jpg,0.0,0.0,0.0,4,4,4,1,1
PublicTest_57341253.jpg,0.0,0.0,0.0,3,3,3,1,1
PublicTest_57391803.jpg,0.0,0.0,0.0,5,5,5,1,1
PublicTest_58053260.jpg,0.0,0.0,0.0,0,0,0,1,1
PublicTest_58081975.jpg,0.0,0.0,0.0,4,4,4,1,1
PublicTest_58306571.jpg,0.0,0.0,0.0,3,3,3,1,1
PublicTest_58656041.jpg,0.0,0.0,0.0,4,4,4,1,1
PublicTest_58693274.jpg,0.0,0.0,0.0,0,0,0,1,1
PublicTest_58713171.jpg,0.0,0.0,0.0,4,4,4,1,1
PublicTest_58942546.jpg,0.0,0.0,0.0,4,4,4,1,1
PublicTest_59596378.jpg,0.0,0.0,0.0,4,4,4,1,1
PublicTest_59740213.jpg,0.0,0.0,0.0,4,4,4,1,1
PublicTest_59837541.jpg,0.0,0.0,0.0,6,6,6,1,1
PublicTest_59912520.jpg,0.0,0.0,0.0,4,4,4,1,1
PublicTest_6008295.jpg,0.0,0.0,0.0,4,4,4,1,1
PublicTest_60198319.jpg,0.0,0.0,0.0,4,4,4,1,1
PublicTest_60279263.jpg,0.0,0.0,0.0,4,4,4,1,1
PublicTest_60499098.jpg,0.0,0.0,0.0,4,4,4,1,1
PublicTest_605316.jpg,0.0,0.0,0.0,5,5,5,1,1
PublicTest_60659593.jpg,0.0,0.0,0.0,4,4,4,1,1
PublicTest_60838687.jpg,0.0,0.0,0.0,5,5,5,1,1
PublicTest_6092134.jpg,0.0,0.0,0.0,4,4,4,1,1
PublicTest_61295836.jpg,0.0,0.0,0.0,4,4,4,1,1
PublicTest_61313241.jpg,0.0,0.0,0.0,3,3,3,1,1
PublicTest_61328272.jpg,0.0,0.0,0.0,4,4,4,1,1
PublicTest_61886772.jpg,0.0,0.0,0.0,4,4,4,1,1
PublicTest_61944854.jpg,0.0,0.0,0.0,4,4,4,1,1
PublicTest_62426646.jpg,0.0,0.0,0.0,3,3,3,1,1
PublicTest_62455644.jpg,0.0,0.0,0.0,4,4,4,1,1
PublicTest_62729304.jpg,0.0,0.0,0.0,4,4,4,1,1
PublicTest_63290241.jpg,0.0,0.0,0.0,3,3,3,1,1
PublicTest_63454133.jpg,0.0,0.0,0.0,2,2,2,1,1
PublicTest_63640849.jpg,0.0,0.0,0.0,4,4,4,1,1
PublicTest_63723339.jpg,0.0,0.0,0.0,4,4,4,1,1
PublicTest_63944896.jpg,0.0,0.0,0.0,4,4,4,1,1
PublicTest_64004024.jpg,0.0,0.0,0.0,4,4,4,1,1
PublicTest_64598105.jpg,0.0,0.0,0.0,0,0,0,1,1
PublicTest_64610783.jpg,0.0,0.0,0.0,4,4,4,1,1
PublicTest_64688698.jpg,0.0,0.0,0.0,4,4,4,1,1
PublicTest_64856942.jpg,0.0,0.0,0.0,3,3,3,1,1
PublicTest_65256004.jpg,0.0,0.0,0.0,5,5,5,1,1
PublicTest_65439988.jpg,0.0,0.0,0.0,2,2,2,1,1
PublicTest_65538215.jpg,0.0,0.0,0.0,0,0,0,1,1
PublicTest_65717627.jpg,0.0,0.0,0.0,4,4,4,1,1
PublicTest_65803714.jpg,0.0,0.0,0.0,6,6,6,1,1
PublicTest_66168751.jpg,0.0,0.0,0.0,2,2,2,1,1
PublicTest_66548039.jpg,0.0,0.0,0.0,4,4,4,1,1
PublicTest_66678442.jpg,0.0,0.0,0.0,4,4,4,1,1
PublicTest_66786769.jpg,0.0,0.0,0.0,0,0,0,1,1
PublicTest_66823417.jpg,0.0,0.0,0.0,4,4,4,1,1
PublicTest_67094310.jpg,0.0,0.0,0.0,5,5,5,1,1
PublicTest_67564551.jpg,0.0,0.0,0.0,4,4,4,1,1
PublicTest_67747988.jpg,0.0,0.0,0.0,2,2,2,1,1
PublicTest_67808581.jpg,0.0,0.0,0.0,5,5,5,1,1
PublicTest_68097202.jpg,0.0,0.0,0.0,4,4,4,1,1
PublicTest_68104078.jpg,0.0,0.0,0.0,4,4,4,1,1
PublicTest_68217650.jpg,0.0,0.0,0.0,5,5,5,1,1
PublicTest_68623235.jpg,0.0,0.0,0.0,4,4,4,1,1
PublicTest_68723852.jpg,0.0,0.0,0.0,4,4,4,1,1
PublicTest_68726009.jpg,0.0,0.0,0.0,4,4,4,1,1
PublicTest_69096583.jpg,0.0,0.0,0.0,2,2,2,1,1
PublicTest_69204976.jpg,0.0,0.0,0.0,5,5,5,1,1
PublicTest_69266622.jpg,0.0,0.0,0.0,0,0,0,1,1
PublicTest_69342366.jpg,0.0,0.0,0.0,3,3,3,1,1
PublicTest_69383833.jpg,0.0,0.0,0.0,4,4,4,1,1
PublicTest_6939854.jpg,0.0,0.0,0.0,5,5,5,1,1
PublicTest_69405051.jpg,0.0,0.0,0.0,4,4,4,1,1
PublicTest_69442455.jpg,0.0,0.0,0.0,4,4,4,1,1
PublicTest_6959498.jpg,0.0,0.0,0.0,3,3,3,1,1
PublicTest_69631140.jpg,0.0,0.0,0.0,2,2,2,1,1
PublicTest_6995663.jpg,0.0,0.0,0.0,4,4,4,1,1
PublicTest_7003175.jpg,0.0,0.0,0.0,4,4,4,1,1
PublicTest_70049237.jpg,0.0,0.0,0.0,5,5,5,1,1
PublicTest_7011194.jpg,0.0,0.0,0.0,3,3,3,1,1
PublicTest_7016616.jpg,0.0,0.0,0.0,4,4,4,1,1
PublicTest_70184304.jpg,0.0,0.0,0.0,0,0,0,1,1
PublicTest_7027162.jpg,0.0,0.0,0.0,4,4,4,1,1
PublicTest_70348234.jpg,0.0,0.0,0.0,4,4,4,1,1
PublicTest_70542158.jpg,0.0,0.0,0.0,3,3,3,1,1
PublicTest_7059610.jpg,0.0,0.0,0.0,6,6,6,1,1
PublicTest_70732901.jpg,0.0,0.0,0.0,4,4,4,1,1
PublicTest_70884590.jpg,0.0,0.0,0.0,5,5,5,1,1
PublicTest_71358939.jpg,0.0,0.0,0.0,0,0,0,1,1
PublicTest_715636.jpg,0.0,0.0,0.0,4,4,4,1,1
PublicTest_71671654.jpg,0.0,0.0,0.0,3,3,3,1,1
PublicTest_71706318.jpg,0.0,0.0,0.0,4,4,4,1,1
PublicTest_7173587.jpg,0.0,0.0,0.0,4,4,4,1,1
PublicTest_71762673.jpg,0.0,0.0,0.0,5,5,5,1,1
PublicTest_7216315.jpg,0.0,0.0,0.0,4,4,4,1,1
PublicTest_72206434.jpg,0.0,0.0,0.0,4,4,4,1,1
PublicTest_72388456.jpg,0.0,0.0,0.0,2,2,2,1,1
PublicTest_72671781.jpg,0.0,0.0,0.0,3,3,3,1,1
PublicTest_7279458.jpg,0.0,0.0,0.0,4,4,4,1,1
PublicTest_72994915.jpg,0.0,0.0,0.0,5,5,5,1,1
PublicTest_73189561.jpg,0.0,0.0,0.0,3,3,3,1,1
PublicTest_73263992.jpg,0.0,0.0,0.0,4,4,4,1,1
PublicTest_73354593.jpg,0.0,0.0,0.0,4,4,4,1,1
PublicTest_73571135.jpg,0.0,0.0,0.0,4,4,4,1,1
PublicTest_73603157.jpg,0.0,0.0,0.0,6,6,6,1,1
PublicTest_7370719.jpg,0.0,0.0,0.0,3,3,3,1,1
PublicTest_73925620.jpg,0.0,0.0,0.0,4,4,4,1,1
PublicTest_74185009.jpg,0.0,0.0,0.0,4,4,4,1,1
PublicTest_7431241.jpg,0.0,0.0,0.0,4,4,4,1,1
PublicTest_74372912.jpg,0.0,0.0,0.0,6,6,6,1,1
PublicTest_74446133.jpg,0.0,0.0,0.0,3,3,3,1,1
PublicTest_74490810.jpg,0.0,0.0,0.0,3,3,3,1,1
PublicTest_74656877.jpg,0.0,0.0,0.0,0,0,0,1,1
PublicTest_74743310.jpg,0.0,0.0,0.0,5,5,5,1,1
PublicTest_74866970.jpg,0.0,0.0,0.0,4,4,4,1,1
PublicTest_74907719.jpg,0.0,0.0,0.0,3,3,3,1,1
PublicTest_74968210.jpg,0.0,0.0,0.0,4,4,4,1,1
PublicTest_75078346.jpg,0.0,0.0,0.0,4,4,4,1,1
PublicTest_75147266.jpg,0.0,0.0,0.0,4,4,4,1,1
PublicTest_75168713.jpg,0.0,0.0,0.0,0,0,0,1,1
PublicTest_75223347.jpg,0.0,0.0,0.0,5,5,5,1,1
PublicTest_75489812.jpg,0.0,0.0,0.0,4,4,4,1,1
PublicTest_75514810.jpg,0.0,0.0,0.0,4,4,4,1,1
PublicTest_75542889.jpg,0.0,0.0,0.0,4,4,4,1,1
PublicTest_75648174.jpg,0.0,0.0,0.0,4,4,4,1,1
PublicTest_75651978.jpg,0.0,0.0,0.0,5,5,5,1,1
PublicTest_75671769.jpg,0.0,0.0,0.0,4,4,4,1,1
PublicTest_75760032.jpg,0.0,0.0,0.0,3,3,3,1,1
PublicTest_75793409.jpg,0.0,0.0,0.0,4,4,4,1,1
PublicTest_75795367.jpg,0.0,0.0,0.0,4,4,4,1,1
PublicTest_75801211.jpg,0.0,0.0,0.0,4,4,4,1,1
PublicTest_7588518.jpg,0.0,0.0,0.0,4,4,4,1,1
PublicTest_75922715.jpg,0.0,0.0,0.0,4,4,4,1,1
PublicTest_76234399.jpg,0.0,0.0,0.0,5,5,5,1,1
PublicTest_7632633.jpg,0.0,0.0,0.0,3,3,3,1,1
PublicTest_76826286.jpg,0.0,0.0,0.0,0,0,0,1,1
PublicTest_77041736.jpg,0.0,0.0,0.0,4,4,4,1,1
PublicTest_77136259.jpg,0.0,0.0,0.0,4,4,4,1,1
PublicTest_77506815.jpg,0.0,0.0,0.0,4,4,4,1,1
PublicTest_77519151.jpg,0.0,0.0,0.0,0,0,0,1,1
PublicTest_7755294.jpg,0.0,0.0,0.0,4,4,4,1,1
PublicTest_77723397.jpg,0.0,0.0,0.0,4,4,4,1,1
PublicTest_77939200.jpg,0.0,0.0,0.0,3,3,3,1,1
PublicTest_77953887.jpg,0.0,0.0,0.0,4,4,4,1,1
PublicTest_78125500.jpg,0.0,0.0,0.0,5,5,5,1,1
PublicTest_78276062.jpg,0.0,0.0,0.0,4,4,4,1,1
PublicTest_78461949.jpg,0.0,0.0,0.0,4,4,4,1,1
PublicTest_78533093.jpg,0.0,0.0,0.0,4,4,4,1,1
PublicTest_78811277.jpg,0.0,0.0,0.0,4,4,4,1,1
PublicTest_79208590.jpg,0.0,0.0,0.0,4,4,4,1,1
PublicTest_79605878.jpg,0.0,0.0,0.0,2,2,2,1,1
PublicTest_79679960.jpg,0.0,0.0,0.0,2,2,2,1,1
PublicTest_79793968.jpg,0.0,0.0,0.0,4,4,4,1,1
PublicTest_79833395.jpg,0.0,0.0,0.0,3,3,3,1,1
PublicTest_79955666.jpg,0.0,0.0,0.0,4,4,4,1,1
PublicTest_80029307.jpg,0.0,0.0,0.0,5,5,5,1,1
PublicTest_80241027.jpg,0.0,0.0,0.0,4,4,4,1,1
PublicTest_80317721.jpg,0.0,0.0,0.0,4,4,4,1,1
PublicTest_80584959.jpg,0.0,0.0,0.0,4,4,4,1,1
PublicTest_80701941.jpg,0.0,0.0,0.0,3,3,3,1,1
PublicTest_80962899.jpg,0.0,0.0,0.0,3,3,3,1,1
PublicTest_81006917.jpg,0.0,0.0,0.0,4,4,4,1,1
PublicTest_81062943.jpg,0.0,0.0,0.0,4,4,4,1,1
PublicTest_81108212.jpg,0.0,0.0,0.0,4,4,4,1,1
PublicTest_81199.jpg,0.0,0.0,0.0,2,2,2,1,1
PublicTest_81566084.jpg,0.0,0.0,0.0,4,4,4,1,1
PublicTest_81953501.jpg,0.0,0.0,0.0,5,5,5,1,1
PublicTest_82104569.jpg,0.0,0.0,0.0,4,4,4,1,1
PublicTest_82257667.jpg,0.0,0.0,0.0,0,0,0,1,1
PublicTest_82378484.jpg,0.0,0.0,0.0,4,4,4,1,1
PublicTest_82715334.jpg,0.0,0.0,0.0,2,2,2,1,1
PublicTest_82976900.jpg,0.0,0.0,0.0,4,4,4,1,1
PublicTest_83023537.jpg,0.0,0.0,0.0,4,4,4,1,1
PublicTest_83217470.jpg,0.0,0.0,0.0,5,5,5,1,1
PublicTest_83378856.jpg,0.0,0.0,0.0,4,4,4,1,1
PublicTest_83531309.jpg,0.0,0.0,0.0,4,4,4,1,1
PublicTest_83625115.jpg,0.0,0.0,0.0,4,4,4,1,1
PublicTest_83833485.jpg,0.0,0.0,0.0,4,4,4,1,1
PublicTest_83882331.jpg,0.0,0.0,0.0,4,4,4,1,1
PublicTest_84039346.jpg,0.0,0.0,0.0,5,5,5,1,1
PublicTest_84113329.jpg,0.0,0.0,0.0,5,5,5,1,1
PublicTest_84444870.jpg,0.0,0.0,0.0,4,4,4,1,1
PublicTest_84496878.jpg,0.0,0.0,0.0,4,4,4,1,1
PublicTest_84591473.jpg,0.0,0.0,0.0,4,4,4,1,1
PublicTest_84605588.jpg,0.0,0.0,0.0,4,4,4,1,1
PublicTest_84796810.jpg,0.0,0.0,0.0,4,4,4,1,1
PublicTest_84943287.jpg,0.0,0.0,0.0,3,3,3,1,1
PublicTest_8501160.jpg,0.0,0.0,0.0,4,4,4,1,1
PublicTest_85042822.jpg,0.0,0.0,0.0,2,2,2,1,1
PublicTest_85150398.jpg,0.0,0.0,0.0,3,3,3,1,1
PublicTest_85247626.jpg,0.0,0.0,0.0,2,2,2,1,1
PublicTest_85444449.jpg,0.0,0.0,0.0,5,5,5,1,1
PublicTest_85599431.jpg,0.0,0.0,0.0,3,3,3,1,1
PublicTest_85787847.jpg,0.0,0.0,0.0,4,4,4,1,1
PublicTest_85809857.jpg,0.0,0.0,0.0,4,4,4,1,1
PublicTest_85861501.jpg,0.0,0.0,0.0,4,4,4,1,1
PublicTest_85862002.jpg,0.0,0.0,0.0,4,4,4,1,1
PublicTest_85967214.jpg,0.0,0.0,0.0,4,4,4,1,1
PublicTest_86106076.jpg,0.0,0.0,0.0,4,4,4,1,1
PublicTest_8610634.jpg,0.0,0.0,0.0,2,2,2,1,1
PublicTest_86168446.jpg,0.0,0.0,0.0,0,0,0,1,1
PublicTest_86444127.jpg,0.0,0.0,0.0,4,4,4,1,1
PublicTest_86522152.jpg,0.0,0.0,0.0,4,4,4,1,1
PublicTest_86802249.jpg,0.0,0.0,0.0,4,4,4,1,1
PublicTest_86869293.jpg,0.0,0.0,0.0,4,4,4,1,1
PublicTest_86872627.jpg,0.0,0.0,0.0,4,4,4,1,1
PublicTest_87128613.jpg,0.0,0.0,0.0,4,4,4,1,1
PublicTest_87228416.jpg,0.0,0.0,0.0,4,4,4,1,1
PublicTest_8723090.jpg,0.0,0.0,0.0,4,4,4,1,1
PublicTest_87302299.jpg,0.0,0.0,0.0,4,4,4,1,1
PublicTest_87314736.jpg,0.0,0.0,0.0,3,3,3,1,1
PublicTest_87517191.jpg,0.0,0.0,0.0,4,4,4,1,1
PublicTest_8756262.jpg,0.0,0.0,0.0,4,4,4,1,1
PublicTest_88163370.jpg,0.0,0.0,0.0,4,4,4,1,1
PublicTest_88280806.jpg,0.0,0.0,0.0,5,5,5,1,1
PublicTest_88385583.jpg,0.0,0.0,0.0,3,3,3,1,1
PublicTest_88733920.jpg,0.0,0.0,0.0,4,4,4,1,1
PublicTest_88825884.jpg,0.0,0.0,0.0,0,0,0,1,1
PublicTest_89000558.jpg,0.0,0.0,0.0,5,5,5,1,1
PublicTest_89496782.jpg,0.0,0.0,0.0,4,4,4,1,1
PublicTest_89519100.jpg,0.0,0.0,0.0,5,5,5,1,1
PublicTest_89665046.jpg,0.0,0.0,0.0,4,4,4,1,1
PublicTest_89717306.jpg,0.0,0.0,0.0,4,4,4,1,1
PublicTest_89904184.jpg,0.0,0.0,0.0,2,2,2,1,1
PublicTest_90324891.jpg,0.0,0.0,0.0,4,4,4,1,1
PublicTest_90382483.jpg,0.0,0.0,0.0,5,5,5,1,1
PublicTest_90494085.jpg,0.0,0.0,0.0,5,5,5,1,1
PublicTest_9076186.jpg,0.0,0.0,0.0,4,4,4,1,1
PublicTest_90878386.jpg,0.0,0.0,0.0,5,5,5,1,1
PublicTest_90902282.jpg,0.0,0.0,0.0,4,4,4,1,1
PublicTest_90946837.jpg,0.0,0.0,0.0,5,5,5,1,1
PublicTest_90974564.jpg,0.0,0.0,0.0,4,4,4,1,1
PublicTest_91056764.jpg,0.0,0.0,0.0,5,5,5,1,1
PublicTest_91128943.jpg,0.0,0.0,0.0,0,0,0,1,1
PublicTest_91265960.jpg,0.0,0.0,0.0,0,0,0,1,1
PublicTest_91361027.jpg,0.0,0.0,0.0,4,4,4,1,1
PublicTest_91506978.jpg,0.0,0.0,0.0,4,4,4,1,1
PublicTest_91778170.jpg,0.0,0.0,0.0,4,4,4,1,1
PublicTest_91836372.jpg,0.0,0.0,0.0,4,4,4,1,1
PublicTest_91846620.jpg,0.0,0.0,0.0,5,5,5,1,1
PublicTest_91865460.jpg,0.0,0.0,0.0,0,0,0,1,1
PublicTest_92470782.jpg,0.0,0.0,0.0,0,0,0,1,1
PublicTest_92682266.jpg,0.0,0.0,0.0,0,0,0,1,1
PublicTest_92759294.jpg,0.0,0.0,0.0,6,6,6,1,1
PublicTest_92784039.jpg,0.0,0.0,0.0,4,4,4,1,1
PublicTest_92867331.jpg,0.0,0.0,0.0,5,5,5,1,1
PublicTest_92911055.jpg,0.0,0.0,0.0,4,4,4,1,1
PublicTest_93238047.jpg,0.0,0.0,0.0,4,4,4,1,1
PublicTest_93279355.jpg,0.0,0.0,0.0,5,5,5,1,1
PublicTest_93325661.jpg,0.0,0.0,0.0,4,4,4,1,1
PublicTest_93391116.jpg,0.0,0.0,0.0,4,4,4,1,1
PublicTest_93473885.jpg,0.0,0.0,0.0,4,4,4,1,1
PublicTest_93474083.jpg,0.0,0.0,0.0,5,5,5,1,1
PublicTest_93506663.jpg,0.0,0.0,0.0,4,4,4,1,1
PublicTest_93513913.jpg,0.0,0.0,0.0,5,5,5,1,1
PublicTest_93615155.jpg,0.0,0.0,0.0,4,4,4,1,1
PublicTest_93645615.jpg,0.0,0.0,0.0,4,4,4,1,1
PublicTest_93678137.jpg,0.0,0.0,0.0,3,3,3,1,1
PublicTest_93737590.jpg,0.0,0.0,0.0,4,4,4,1,1
PublicTest_93759800.jpg,0.0,0.0,0.0,4,4,4,1,1
PublicTest_93816871.jpg,0.0,0.0,0.0,4,4,4,1,1
PublicTest_93824954.jpg,0.0,0.0,0.0,4,4,4,1,1
PublicTest_93950999.jpg,0.0,0.0,0.0,4,4,4,1,1
PublicTest_94171660.jpg,0.0,0.0,0.0,0,0,0,1,1
PublicTest_9423754.jpg,0.0,0.0,0.0,4,4,4,1,1
PublicTest_94303398.jpg,0.0,0.0,0.0,4,4,4,1,1
PublicTest_94393386.jpg,0.0,0.0,0.0,4,4,4,1,1
PublicTest_94559519.jpg,0.0,0.0,0.0,4,4,4,1,1
PublicTest_94818493.jpg,0.0,0.0,0.0,4,4,4,1,1
PublicTest_94872045.jpg,0.0,0.0,0.0,5,5,5,1,1
PublicTest_948908.jpg,0.0,0.0,0.0,4,4,4,1,1
PublicTest_95036842.jpg,0.0,0.0,0.0,0,0,0,1,1
PublicTest_95434594.jpg,0.0,0.0,0.0,5,5,5,1,1
PublicTest_95575433.jpg,0.0,0.0,0.0,3,3,3,1,1
PublicTest_95794164.jpg,0.0,0.0,0.0,4,4,4,1,1
PublicTest_95798581.jpg,0.0,0.0,0.0,4,4,4,1,1
PublicTest_95854318.jpg,0.0,0.0,0.0,2,2,2,1,1
PublicTest_95903779.jpg,0.0,0.0,0.0,4,4,4,1,1
PublicTest_95967292.jpg,0.0,0.0,0.0,3,3,3,1,1
PublicTest_96155978.jpg,0.0,0.0,0.0,0,0,0,1,1
PublicTest_96351143.jpg,0.0,0.0,0.0,4,4,4,1,1
PublicTest_96375410.jpg,0.0,0.0,0.0,2,2,2,1,1
PublicTest_9675198.jpg,0.0,0.0,0.0,5,5,5,1,1
PublicTest_96804574.jpg,0.0,0.0,0.0,4,4,4,1,1
PublicTest_96833924.jpg,0.0,0.0,0.0,4,4,4,1,1
PublicTest_97009196.jpg,0.0,0.0,0.0,3,3,3,1,1
PublicTest_97265242.jpg,0.0,0.0,0.0,3,3,3,1,1
PublicTest_97376000.jpg,0.0,0.0,0.0,0,0,0,1,1
PublicTest_97469237.jpg,0.0,0.0,0.0,3,3,3,1,1
PublicTest_9748046.jpg,0.0,0.0,0.0,4,4,4,1,1
PublicTest_97525707.jpg,0.0,0.0,0.0,0,0,0,1,1
PublicTest_97844767.jpg,0.0,0.0,0.0,5,5,5,1,1
PublicTest_97855765.jpg,0.0,0.0,0.0,0,0,0,1,1
PublicTest_98138554.jpg,0.0,0.0,0.0,5,5,5,1,1
PublicTest_98333211.jpg,0.0,0.0,0.0,5,5,5,1,1
PublicTest_98470790.jpg,0.0,0.0,0.0,4,4,4,1,1
PublicTest_98518810.jpg,0.0,0.0,0.0,6,6,6,1,1
PublicTest_99095616.jpg,0.0,0.0,0.0,4,4,4,1,1
PublicTest_99172303.jpg,0.0,0.0,0.0,3,3,3,1,1
PublicTest_99219117.jpg,0.0,0.0,0.0,4,4,4,1,1
PublicTest_99297618.jpg,0.0,0.0,0.0,4,4,4,1,1
PublicTest_99340375.jpg,0.0,0.0,0.0,4,4,4,1,1
PublicTest_99462811.jpg,0.0,0.0,0.0,4,4,4,1,1
PublicTest_99491200.jpg,0.0,0.0,0.0,4,4,4,1,1
PublicTest_99862107.jpg,0.0,0.0,0.0,4,4,4,1,1
PublicTest_10404299.jpg,0.0,0.0,0.0,2,2,2,1,1
PublicTest_10760798.jpg,0.0,0.0,0.0,5,5,5,1,1
PublicTest_10897412.jpg,0.0,0.0,0.0,2,2,2,1,1
PublicTest_10974073.jpg,0.0,0.0,0.0,4,4,4,1,1
PublicTest_11285899.jpg,0.0,0.0,0.0,5,5,5,1,1
PublicTest_11314873.jpg,0.0,0.0,0.0,4,4,4,1,1
PublicTest_11391359.jpg,0.0,0.0,0.0,5,5,5,1,1
PublicTest_11651237.jpg,0.0,0.0,0.0,5,5,5,1,1
PublicTest_11691697.jpg,0.0,0.0,0.0,5,5,5,1,1
PublicTest_120079.jpg,0.0,0.0,0.0,3,3,3,1,1
PublicTest_12383172.jpg,0.0,0.0,0.0,5,5,5,1,1
PublicTest_12445901.jpg,0.0,0.0,0.0,5,5,5,1,1
PublicTest_12632735.jpg,0.0,0.0,0.0,2,2,2,1,1
PublicTest_12828896.jpg,0.0,0.0,0.0,5,5,5,1,1
PublicTest_12838222.jpg,0.0,0.0,0.0,6,6,6,1,1
PublicTest_12864027.jpg,0.0,0.0,0.0,4,4,4,1,1
PublicTest_13317897.jpg,0.0,0.0,0.0,4,4,4,1,1
PublicTest_13416655.jpg,0.0,0.0,0.0,5,5,5,1,1
PublicTest_13680376.jpg,0.0,0.0,0.0,4,4,4,1,1
PublicTest_13725132.jpg,0.0,0.0,0.0,5,5,5,1,1
PublicTest_13830262.jpg,0.0,0.0,0.0,4,4,4,1,1
PublicTest_14008187.jpg,0.0,0.0,0.0,5,5,5,1,1
PublicTest_14406911.jpg,0.0,0.0,0.0,5,5,5,1,1
PublicTest_14475126.jpg,0.0,0.0,0.0,5,5,5,1,1
PublicTest_14489755.jpg,0.0,0.0,0.0,2,2,2,1,1
PublicTest_14591455.jpg,0.0,0.0,0.0,2,2,2,1,1
PublicTest_14653915.jpg,0.0,0.0,0.0,4,4,4,1,1
PublicTest_14726225.jpg,0.0,0.0,0.0,5,5,5,1,1
PublicTest_14736537.jpg,0.0,0.0,0.0,0,0,0,1,1
PublicTest_14793982.jpg,0.0,0.0,0.0,2,2,2,1,1
PublicTest_15348300.jpg,0.0,0.0,0.0,5,5,5,1,1
PublicTest_15372592.jpg,0.0,0.0,0.0,5,5,5,1,1
PublicTest_15977663.jpg,0.0,0.0,0.0,3,3,3,1,1
PublicTest_15987805.jpg,0.0,0.0,0.0,4,4,4,1,1
PublicTest_16001813.jpg,0.0,0.0,0.0,5,5,5,1,1
PublicTest_16035970.jpg,0.0,0.0,0.0,0,0,0,1,1
PublicTest_16294592.jpg,0.0,0.0,0.0,2,2,2,1,1
PublicTest_16345442.jpg,0.0,0.0,0.0,0,0,0,1,1
PublicTest_16367587.jpg,0.0,0.0,0.0,4,4,4,1,1
PublicTest_16705730.jpg,0.0,0.0,0.0,0,0,0,1,1
PublicTest_16753968.jpg,0.0,0.0,0.0,3,3,3,1,1
PublicTest_1701224.jpg,0.0,0.0,0.0,5,5,5,1,1
PublicTest_17445718.jpg,0.0,0.0,0.0,5,5,5,1,1
PublicTest_17526108.jpg,0.0,0.0,0.0,5,5,5,1,1
PublicTest_17539627.jpg,0.0,0.0,0.0,0,0,0,1,1
PublicTest_17595707.jpg,0.0,0.0,0.0,0,0,0,1,1
PublicTest_17603948.jpg,0.0,0.0,0.0,0,0,0,1,1
PublicTest_17986995.jpg,0.0,0.0,0.0,6,6,6,1,1
PublicTest_18104359.jpg,0.0,0.0,0.0,5,5,0,1,0
PublicTest_1831779.jpg,0.0,0.0,0.0,5,5,5,1,1
PublicTest_18419813.jpg,0.0,0.0,0.0,0,0,0,1,1
PublicTest_18607341.jpg,0.0,0.0,0.0,3,3,3,1,1
PublicTest_18656306.jpg,0.0,0.0,0.0,5,5,5,1,1
PublicTest_18767838.jpg,0.0,0.0,0.0,5,5,5,1,1
PublicTest_18802845.jpg,0.0,0.0,0.0,0,0,0,1,1
PublicTest_1890964.jpg,0.0,0.0,0.0,2,2,2,1,1
PublicTest_19305056.jpg,0.0,0.0,0.0,5,5,5,1,1
PublicTest_1936564.jpg,0.0,0.0,0.0,2,2,2,1,1
PublicTest_19663674.jpg,0.0,0.0,0.0,5,5,5,1,1
PublicTest_19989301.jpg,0.0,0.0,0.0,5,5,5,1,1
PublicTest_20014869.jpg,0.0,0.0,0.0,4,4,4,1,1
PublicTest_20224413.jpg,0.0,0.0,0.0,5,5,5,1,1
PublicTest_20281055.jpg,0.0,0.0,0.0,4,4,4,1,1
PublicTest_20297135.jpg,0.0,0.0,0.0,2,2,2,1,1
PublicTest_20668878.jpg,0.0,0.0,0.0,5,5,5,1,1
PublicTest_20922566.jpg,0.0,0.0,0.0,2,2,2,1,1
PublicTest_20957094.jpg,0.0,0.0,0.0,3,3,3,1,1
PublicTest_21091393.jpg,0.0,0.0,0.0,5,5,5,1,1
PublicTest_21175427.jpg,0.0,0.0,0.0,5,5,5,1,1
PublicTest_21178862.jpg,0.0,0.0,0.0,5,5,5,1,1
PublicTest_21312852.jpg,0.0,0.0,0.0,5,5,5,1,1
PublicTest_21404225.jpg,0.0,0.0,0.0,5,5,5,1,1
PublicTest_21419251.jpg,0.0,0.0,0.0,5,5,5,1,1
PublicTest_21899498.jpg,0.0,0.0,0.0,5,5,5,1,1
PublicTest_21942158.jpg,0.0,0.0,0.0,5,5,5,1,1
PublicTest_22088521.jpg,0.0,0.0,0.0,3,3,3,1,1
PublicTest_22093964.jpg,0.0,0.0,0.0,5,5,5,1,1
PublicTest_2212492.jpg,0.0,0.0,0.0,5,5,5,1,1
PublicTest_22486597.jpg,0.0,0.0,0.0,2,2,2,1,1
PublicTest_22869580.jpg,0.0,0.0,0.0,0,0,0,1,1
PublicTest_2291252.jpg,0.0,0.0,0.0,4,4,4,1,1
PublicTest_22935346.jpg,0.0,0.0,0.0,2,2,2,1,1
PublicTest_22944375.jpg,0.0,0.0,0.0,5,5,5,1,1
PublicTest_22967870.jpg,0.0,0.0,0.0,5,5,5,1,1
PublicTest_23038302.jpg,0.0,0.0,0.0,0,0,0,1,1
PublicTest_23168745.jpg,0.0,0.0,0.0,5,5,5,1,1
PublicTest_23252039.jpg,0.0,0.0,0.0,2,2,2,1,1
PublicTest_23286340.jpg,0.0,0.0,0.0,2,2,2,1,1
PublicTest_23355730.jpg,0.0,0.0,0.0,5,5,5,1,1
PublicTest_23586952.jpg,0.0,0.0,0.0,0,0,0,1,1
PublicTest_23705098.jpg,0.0,0.0,0.0,4,4,4,1,1
PublicTest_23782142.jpg,0.0,0.0,0.0,5,5,5,1,1
PublicTest_23931269.jpg,0.0,0.0,0.0,5,5,5,1,1
PublicTest_23975491.jpg,0.0,0.0,0.0,2,2,2,1,1
PublicTest_24118890.jpg,0.0,0.0,0.0,4,4,4,1,1
PublicTest_2430252.jpg,0.0,0.0,0.0,5,5,5,1,1
PublicTest_24450659.jpg,0.0,0.0,0.0,5,5,5,1,1
PublicTest_24625025.jpg,0.0,0.0,0.0,5,5,5,1,1
PublicTest_24665748.jpg,0.0,0.0,0.0,4,4,4,1,1
PublicTest_24845545.jpg,0.0,0.0,0.0,4,4,4,1,1
PublicTest_24926639.jpg,0.0,0.0,0.0,4,4,4,1,1
PublicTest_24936833.jpg,0.0,0.0,0.0,5,5,5,1,1
PublicTest_25033798.jpg,0.0,0.0,0.0,2,2,2,1,1
PublicTest_25058253.jpg,0.0,0.0,0.0,5,5,5,1,1
PublicTest_2511126.jpg,0.0,0.0,0.0,0,0,0,1,1
PublicTest_25487288.jpg,0.0,0.0,0.0,0,0,0,1,1
PublicTest_25598608.jpg,0.0,0.0,0.0,5,5,5,1,1
PublicTest_25722558.jpg,0.0,0.0,0.0,5,5,5,1,1
PublicTest_26039746.jpg,0.0,0.0,0.0,3,3,3,1,1
PublicTest_26204727.jpg,0.0,0.0,0.0,4,4,4,1,1
PublicTest_2627547.jpg,0.0,0.0,0.0,5,5,5,1,1
PublicTest_26277427.jpg,0.0,0.0,0.0,3,3,3,1,1
PublicTest_2639637.jpg,0.0,0.0,0.0,5,5,5,1,1
PublicTest_26441514.jpg,0.0,0.0,0.0,2,2,2,1,1
PublicTest_26481065.jpg,0.0,0.0,0.0,4,4,4,1,1
PublicTest_26504705.jpg,0.0,0.0,0.0,4,4,4,1,1
PublicTest_27225920.jpg,0.0,0.0,0.0,5,5,5,1,1
PublicTest_27302872.jpg,0.0,0.0,0.0,4,4,4,1,1
PublicTest_27524139.jpg,0.0,0.0,0.0,5,5,5,1,1
PublicTest_27864303.jpg,0.0,0.0,0.0,5,5,5,1,1
PublicTest_28215339.jpg,0.0,0.0,0.0,0,0,0,1,1
PublicTest_28336133.jpg,0.0,0.0,0.0,5,5,5,1,1
PublicTest_28434609.jpg,0.0,0.0,0.0,2,2,2,1,1
PublicTest_28548894.jpg,0.0,0.0,0.0,3,3,3,1,1
PublicTest_28585807.jpg,0.0,0.0,0.0,5,5,5,1,1
PublicTest_28587428.jpg,0.0,0.0,0.0,4,4,4,1,1
PublicTest_28601756.jpg,0.0,0.0,0.0,5,5,5,1,1
PublicTest_28691129.jpg,0.0,0.0,0.0,5,5,5,1,1
PublicTest_28707949.jpg,0.0,0.0,0.0,5,5,5,1,1
PublicTest_28848037.jpg,0.0,0.0,0.0,2,2,2,1,1
PublicTest_2906783.jpg,0.0,0.0,0.0,5,5,5,1,1
PublicTest_2910538.jpg,0.0,0.0,0.0,5,5,5,1,1
PublicTest_29286867.jpg,0.0,0.0,0.0,2,2,2,1,1
PublicTest_29475577.jpg,0.0,0.0,0.0,5,5,5,1,1
PublicTest_29510675.jpg,0.0,0.0,0.0,5,5,5,1,1
PublicTest_29583734.jpg,0.0,0.0,0.0,5,5,5,1,1
PublicTest_29660027.jpg,0.0,0.0,0.0,5,5,5,1,1
PublicTest_29714936.jpg,0.0,0.0,0.0,4,4,4,1,1
PublicTest_29737159.jpg,0.0,0.0,0.0,5,5,5,1,1
PublicTest_29746792.jpg,0.0,0.0,0.0,3,3,3,1,1
PublicTest_29822400.jpg,0.0,0.0,0.0,5,5,5,1,1
PublicTest_29994513.jpg,0.0,0.0,0.0,3,3,3,1,1
PublicTest_3007417.jpg,0.0,0.0,0.0,5,5,5,1,1
PublicTest_30113586.jpg,0.0,0.0,0.0,5,5,5,1,1
PublicTest_30251925.jpg,0.0,0.0,0.0,2,2,2,1,1
PublicTest_3039573.jpg,0.0,0.0,0.0,5,5,5,1,1
PublicTest_30579707.jpg,0.0,0.0,0.0,5,5,5,1,1
PublicTest_30637212.jpg,0.0,0.0,0.0,5,5,5,1,1
PublicTest_30717850.jpg,0.0,0.0,0.0,5,5,5,1,1
PublicTest_30799574.jpg,0.0,0.0,0.0,4,4,4,1,1
PublicTest_31246071.jpg,0.0,0.0,0.0,0,0,0,1,1
PublicTest_31266486.jpg,0.0,0.0,0.0,2,2,2,1,1
PublicTest_3136229.jpg,0.0,0.0,0.0,0,0,0,1,1
PublicTest_31362351.jpg,0.0,0.0,0.0,5,5,5,1,1
PublicTest_31501222.jpg,0.0,0.0,0.0,3,3,3,1,1
PublicTest_31572261.jpg,0.0,0.0,0.0,2,2,2,1,1
PublicTest_31756938.jpg,0.0,0.0,0.0,4,4,4,1,1
PublicTest_31832699.jpg,0.0,0.0,0.0,5,5,5,1,1
PublicTest_31882260.jpg,0.0,0.0,0.0,5,5,5,1,1
PublicTest_32322308.jpg,0.0,0.0,0.0,5,5,5,1,1
PublicTest_32644585.jpg,0.0,0.0,0.0,4,4,4,1,1
PublicTest_32730155.jpg,0.0,0.0,0.0,5,5,5,1,1
PublicTest_32829892.jpg,0.0,0.0,0.0,4,4,4,1,1
PublicTest_32923630.jpg,0.0,0.0,0.0,5,5,5,1,1
PublicTest_33096127.jpg,0.0,0.0,0.0,6,6,6,1,1
PublicTest_33151772.jpg,0.0,0.0,0.0,5,5,5,1,1
PublicTest_33237183.jpg,0.0,0.0,0.0,5,5,5,1,1
PublicTest_33324770.jpg,0.0,0.0,0.0,5,5,5,1,1
PublicTest_33620072.jpg,0.0,0.0,0.0,2,2,2,1,1
PublicTest_3392243.jpg,0.0,0.0,0.0,4,4,4,1,1
PublicTest_34124403.jpg,0.0,0.0,0.0,5,5,5,1,1
PublicTest_34182409.jpg,0.0,0.0,0.0,5,5,5,1,1
PublicTest_34425161.jpg,0.0,0.0,0.0,4,4,4,1,1
PublicTest_34487688.jpg,0.0,0.0,0.0,5,5,5,1,1
PublicTest_34653403.jpg,0.0,0.0,0.0,4,4,4,1,1
PublicTest_34658156.jpg,0.0,0.0,0.0,5,5,5,1,1
PublicTest_34850619.jpg,0.0,0.0,0.0,5,5,5,1,1
PublicTest_34867089.jpg,0.0,0.0,0.0,0,0,0,1,1
PublicTest_34910878.jpg,0.0,0.0,0.0,5,5,5,1,1
PublicTest_3519789.jpg,0.0,0.0,0.0,0,0,0,1,1
PublicTest_35413050.jpg,0.0,0.0,0.0,3,3,3,1,1
PublicTest_35627075.jpg,0.0,0.0,0.0,3,3,3,1,1
PublicTest_35657256.jpg,0.0,0.0,0.0,5,5,5,1,1
PublicTest_35827395.jpg,0.0,0.0,0.0,5,5,5,1,1
PublicTest_36094109.jpg,0.0,0.0,0.0,4,4,4,1,1
PublicTest_36281063.jpg,0.0,0.0,0.0,6,6,6,1,1
PublicTest_36293917.jpg,0.0,0.0,0.0,5,5,5,1,1
PublicTest_36374107.jpg,0.0,0.0,0.0,3,3,3,1,1
PublicTest_36454160.jpg,0.0,0.0,0.0,5,5,5,1,1
PublicTest_36640748.jpg,0.0,0.0,0.0,4,4,4,1,1
PublicTest_36845562.jpg,0.0,0.0,0.0,4,4,4,1,1
PublicTest_36856590.jpg,0.0,0.0,0.0,5,5,5,1,1
PublicTest_36924389.jpg,0.0,0.0,0.0,5,5,5,1,1
PublicTest_37213655.jpg,0.0,0.0,0.0,5,5,5,1,1
PublicTest_37222742.jpg,0.0,0.0,0.0,5,5,5,1,1
PublicTest_37286202.jpg,0.0,0.0,0.0,0,0,0,1,1
PublicTest_37314285.jpg,0.0,0.0,0.0,0,0,0,1,1
PublicTest_37479286.jpg,0.0,0.0,0.0,4,4,4,1,1
PublicTest_37564943.jpg,0.0,0.0,0.0,4,4,4,1,1
PublicTest_3756677.jpg,0.0,0.0,0.0,5,5,5,1,1
PublicTest_37567574.jpg,0.0,0.0,0.0,5,5,5,1,1
PublicTest_376099.jpg,0.0,0.0,0.0,0,0,0,1,1
PublicTest_37674590.jpg,0.0,0.0,0.0,5,5,5,1,1
PublicTest_37735455.jpg,0.0,0.0,0.0,5,5,5,1,1
PublicTest_38013120.jpg,0.0,0.0,0.0,2,2,2,1,1
PublicTest_38251667.jpg,0.0,0.0,0.0,4,4,4,1,1
PublicTest_3833581.jpg,0.0,0.0,0.0,5,5,5,1,1
PublicTest_38437094.jpg,0.0,0.0,0.0,2,2,2,1,1
PublicTest_38478868.jpg,0.0,0.0,0.0,5,5,5,1,1
PublicTest_38685191.jpg,0.0,0.0,0.0,5,5,5,1,1
PublicTest_38870662.jpg,0.0,0.0,0.0,0,0,0,1,1
PublicTest_39038271.jpg,0.0,0.0,0.0,5,5,5,1,1
PublicTest_39057061.jpg,0.0,0.0,0.0,5,5,5,1,1
PublicTest_39234195.jpg,0.0,0.0,0.0,5,5,5,1,1
PublicTest_39261327.jpg,0.0,0.0,0.0,5,5,5,1,1
PublicTest_39271643.jpg,0.0,0.0,0.0,4,4,4,1,1
PublicTest_39628936.jpg,0.0,0.0,0.0,5,5,5,1,1
PublicTest_39817717.jpg,0.0,0.0,0.0,5,5,5,1,1
PublicTest_39920252.jpg,0.0,0.0,0.0,5,5,5,1,1
PublicTest_39982771.jpg,0.0,0.0,0.0,5,5,5,1,1
PublicTest_40063649.jpg,0.0,0.0,0.0,6,6,6,1,1
PublicTest_40104653.jpg,0.0,0.0,0.0,0,0,0,1,1
PublicTest_40110702.jpg,0.0,0.0,0.0,5,5,5,1,1
PublicTest_40128205.jpg,0.0,0.0,0.0,3,3,3,1,1
PublicTest_40543993.jpg,0.0,0.0,0.0,5,5,5,1,1
PublicTest_40599442.jpg,0.0,0.0,0.0,4,4,4,1,1
PublicTest_40637892.jpg,0.0,0.0,0.0,5,5,5,1,1
PublicTest_40686855.jpg,0.0,0.0,0.0,5,5,5,1,1
PublicTest_40834308.jpg,0.0,0.0,0.0,5,5,5,1,1
PublicTest_4084269.jpg,0.0,0.0,0.0,5,5,5,1,1
PublicTest_40857959.jpg,0.0,0.0,0.0,0,0,0,1,1
PublicTest_41091993.jpg,0.0,0.0,0.0,0,0,0,1,1
PublicTest_41127334.jpg,0.0,0.0,0.0,0,0,0,1,1
PublicTest_41226489.jpg,0.0,0.0,0.0,5,5,5,1,1
PublicTest_41382653.jpg,0.0,0.0,0.0,4,4,4,1,1
PublicTest_41753361.jpg,0.0,0.0,0.0,2,2,2,1,1
PublicTest_41961089.jpg,0.0,0.0,0.0,4,4,4,1,1
PublicTest_41978325.jpg,0.0,0.0,0.0,2,2,2,1,1
PublicTest_4219115.jpg,0.0,0.0,0.0,3,3,3,1,1
PublicTest_423747.jpg,0.0,0.0,0.0,5,5,5,1,1
PublicTest_42381351.jpg,0.0,0.0,0.0,2,2,2,1,1
PublicTest_42467378.jpg,0.0,0.0,0.0,5,5,5,1,1
PublicTest_42711133.jpg,0.0,0.0,0.0,4,4,4,1,1
PublicTest_42981420.jpg,0.0,0.0,0.0,5,5,5,1,1
PublicTest_43011794.jpg,0.0,0.0,0.0,4,4,4,1,1
PublicTest_43202166.jpg,0.0,0.0,0.0,5,5,5,1,1
PublicTest_4332403.jpg,0.0,0.0,0.0,5,5,5,1,1
PublicTest_43383329.jpg,0.0,0.0,0.0,0,0,0,1,1
PublicTest_43513297.jpg,0.0,0.0,0.0,5,5,5,1,1
PublicTest_43785810.jpg,0.0,0.0,0.0,4,4,4,1,1
PublicTest_44164524.jpg,0.0,0.0,0.0,5,5,5,1,1
PublicTest_4422105.jpg,0.0,0.0,0.0,0,0,0,1,1
PublicTest_44362743.jpg,0.0,0.0,0.0,0,0,0,1,1
PublicTest_44484688.jpg,0.0,0.0,0.0,0,0,0,1,1
PublicTest_4475358.jpg,0.0,0.0,0.0,5,5,5,1,1
PublicTest_45083333.jpg,0.0,0.0,0.0,4,4,4,1,1
PublicTest_4526445.jpg,0.0,0.0,0.0,3,3,3,1,1
PublicTest_45496747.jpg,0.0,0.0,0.0,4,4,4,1,1
PublicTest_45566352.jpg,0.0,0.0,0.0,4,4,4,1,1
PublicTest_46006300.jpg,0.0,0.0,0.0,4,4,4,1,1
PublicTest_46296079.jpg,0.0,0.0,0.0,5,5,5,1,1
PublicTest_46344328.jpg,0.0,0.0,0.0,5,5,5,1,1
PublicTest_46362067.jpg,0.0,0.0,0.0,5,5,5,1,1
PublicTest_46364108.jpg,0.0,0.0,0.0,5,5,5,1,1
PublicTest_46544903.jpg,0.0,0.0,0.0,5,5,5,1,1
PublicTest_46847733.jpg,0.0,0.0,0.0,0,0,0,1,1
PublicTest_46856539.jpg,0.0,0.0,0.0,0,0,0,1,1
PublicTest_47189437.jpg,0.0,0.0,0.0,4,4,4,1,1
PublicTest_47191174.jpg,0.0,0.0,0.0,5,5,5,1,1
PublicTest_47690310.jpg,0.0,0.0,0.0,2,2,2,1,1
PublicTest_47761948.jpg,0.0,0.0,0.0,5,5,5,1,1
PublicTest_47790990.jpg,0.0,0.0,0.0,3,3,3,1,1
PublicTest_47814152.jpg,0.0,0.0,0.0,5,5,5,1,1
PublicTest_47929790.jpg,0.0,0.0,0.0,5,5,5,1,1
PublicTest_48059828.jpg,0.0,0.0,0.0,4,4,4,1,1
PublicTest_48078671.jpg,0.0,0.0,0.0,3,3,3,1,1
PublicTest_48143515.jpg,0.0,0.0,0.0,0,0,0,1,1
PublicTest_48149003.jpg,0.0,0.0,0.0,6,6,6,1,1
PublicTest_4878633.jpg,0.0,0.0,0.0,5,5,5,1,1
PublicTest_48893233.jpg,0.0,0.0,0.0,5,5,5,1,1
PublicTest_49178232.jpg,0.0,0.0,0.0,3,3,3,1,1
PublicTest_49194442.jpg,0.0,0.0,0.0,2,2,2,1,1
PublicTest_49324808.jpg,0.0,0.0,0.0,5,5,5,1,1
PublicTest_4956999.jpg,0.0,0.0,0.0,5,5,5,1,1
PublicTest_49699221.jpg,0.0,0.0,0.0,5,5,5,1,1
PublicTest_49738803.jpg,0.0,0.0,0.0,5,5,5,1,1
PublicTest_49946426.jpg,0.0,0.0,0.0,5,5,5,1,1
PublicTest_50152754.jpg,0.0,0.0,0.0,5,5,5,1,1
PublicTest_50175956.jpg,0.0,0.0,0.0,0,0,0,1,1
PublicTest_50378206.jpg,0.0,0.0,0.0,2,2,2,1,1
PublicTest_50385779.jpg,0.0,0.0,0.0,4,4,4,1,1
PublicTest_50511069.jpg,0.0,0.0,0.0,4,4,4,1,1
PublicTest_50697101.jpg,0.0,0.0,0.0,4,4,4,1,1
PublicTest_50787769.jpg,0.0,0.0,0.0,5,5,5,1,1
PublicTest_5084106.jpg,0.0,0.0,0.0,2,2,2,1,1
PublicTest_50867484.jpg,0.0,0.0,0.0,4,4,4,1,1
PublicTest_50905235.jpg,0.0,0.0,0.0,4,4,4,1,1
PublicTest_50927771.jpg,0.0,0.0,0.0,2,2,2,1,1
PublicTest_50942295.jpg,0.0,0.0,0.0,5,5,5,1,1
PublicTest_50982536.jpg,0.0,0.0,0.0,5,5,5,1,1
PublicTest_51178509.jpg,0.0,0.0,0.0,5,5,5,1,1
PublicTest_5122477.jpg,0.0,0.0,0.0,2,2,2,1,1
PublicTest_51391114.jpg,0.0,0.0,0.0,5,5,5,1,1
PublicTest_51670009.jpg,0.0,0.0,0.0,0,0,0,1,1
PublicTest_51707422.jpg,0.0,0.0,0.0,2,2,2,1,1
PublicTest_51806686.jpg,0.0,0.0,0.0,5,5,5,1,1
PublicTest_51894157.jpg,0.0,0.0,0.0,5,5,5,1,1
PublicTest_51989266.jpg,0.0,0.0,0.0,3,3,3,1,1
PublicTest_52052256.jpg,0.0,0.0,0.0,2,2,2,1,1
PublicTest_52110673.jpg,0.0,0.0,0.0,4,4,4,1,1
PublicTest_52218367.jpg,0.0,0.0,0.0,4,4,4,1,1
PublicTest_52333186.jpg,0.0,0.0,0.0,4,4,4,1,1
PublicTest_52417696.jpg,0.0,0.0,0.0,2,2,2,1,1
PublicTest_52432135.jpg,0.0,0.0,0.0,5,5,5,1,1
PublicTest_52734398.jpg,0.0,0.0,0.0,0,0,0,1,1
PublicTest_52813921.jpg,0.0,0.0,0.0,4,4,4,1,1
PublicTest_53323555.jpg,0.0,0.0,0.0,3,3,3,1,1
PublicTest_53341812.jpg,0.0,0.0,0.0,2,2,2,1,1
PublicTest_53363028.jpg,0.0,0.0,0.0,3,3,3,1,1
PublicTest_53469582.jpg,0.0,0.0,0.0,5,5,5,1,1
PublicTest_53567370.jpg,0.0,0.0,0.0,0,0,0,1,1
PublicTest_53799315.jpg,0.0,0.0,0.0,4,4,4,1,1
PublicTest_53807292.jpg,0.0,0.0,0.0,2,2,2,1,1
PublicTest_53839113.jpg,0.0,0.0,0.0,5,5,5,1,1
PublicTest_53864730.jpg,0.0,0.0,0.0,5,5,5,1,1
PublicTest_54133282.jpg,0.0,0.0,0.0,5,5,5,1,1
PublicTest_54291759.jpg,0.0,0.0,0.0,5,5,5,1,1
PublicTest_54325763.jpg,0.0,0.0,0.0,5,5,5,1,1
PublicTest_54671937.jpg,0.0,0.0,0.0,5,5,5,1,1
PublicTest_54738171.jpg,0.0,0.0,0.0,5,5,5,1,1
PublicTest_54785893.jpg,0.0,0.0,0.0,0,0,0,1,1
PublicTest_55147999.jpg,0.0,0.0,0.0,5,5,5,1,1
PublicTest_55161728.jpg,0.0,0.0,0.0,4,4,4,1,1
PublicTest_55177909.jpg,0.0,0.0,0.0,5,5,5,1,1
PublicTest_5528555.jpg,0.0,0.0,0.0,5,5,5,1,1
PublicTest_55333410.jpg,0.0,0.0,0.0,5,5,5,1,1
PublicTest_55396594.jpg,0.0,0.0,0.0,3,3,3,1,1
PublicTest_55826660.jpg,0.0,0.0,0.0,2,2,2,1,1
PublicTest_55865085.jpg,0.0,0.0,0.0,0,0,0,1,1
PublicTest_56195310.jpg,0.0,0.0,0.0,0,0,0,1,1
PublicTest_56379288.jpg,0.0,0.0,0.0,0,0,0,1,1
PublicTest_56398671.jpg,0.0,0.0,0.0,5,5,5,1,1
PublicTest_5643728.jpg,0.0,0.0,0.0,5,5,5,1,1
PublicTest_56624502.jpg,0.0,0.0,0.0,5,5,5,1,1
PublicTest_56646498.jpg,0.0,0.0,0.0,6,6,6,1,1
PublicTest_56797865.jpg,0.0,0.0,0.0,5,5,5,1,1
PublicTest_56874737.jpg,0.0,0.0,0.0,5,5,5,1,1
PublicTest_56889959.jpg,0.0,0.0,0.0,0,0,0,1,1
PublicTest_5691968.jpg,0.0,0.0,0.0,5,5,5,1,1
PublicTest_5757614.jpg,0.0,0.0,0.0,5,5,5,1,1
PublicTest_57708094.jpg,0.0,0.0,0.0,3,3,3,1,1
PublicTest_57856524.jpg,0.0,0.0,0.0,5,5,5,1,1
PublicTest_57904634.jpg,0.0,0.0,0.0,0,0,0,1,1
PublicTest_58101919.jpg,0.0,0.0,0.0,5,5,5,1,1
PublicTest_58116323.jpg,0.0,0.0,0.0,5,5,5,1,1
PublicTest_58490297.jpg,0.0,0.0,0.0,0,0,0,1,1
PublicTest_5855566.jpg,0.0,0.0,0.0,5,5,5,1,1
PublicTest_58832520.jpg,0.0,0.0,0.0,5,5,5,1,1
PublicTest_5889461.jpg,0.0,0.0,0.0,5,5,5,1,1
PublicTest_5904336.jpg,0.0,0.0,0.0,4,4,4,1,1
PublicTest_59278872.jpg,0.0,0.0,0.0,3,3,3,1,1
PublicTest_59458907.jpg,0.0,0.0,0.0,5,5,5,1,1
PublicTest_59509827.jpg,0.0,0.0,0.0,2,2,2,1,1
PublicTest_59813906.jpg,0.0,0.0,0.0,5,5,5,1,1
PublicTest_59816922.jpg,0.0,0.0,0.0,0,0,0,1,1
PublicTest_60061352.jpg,0.0,0.0,0.0,5,5,5,1,1
PublicTest_60393961.jpg,0.0,0.0,0.0,4,4,4,1,1
PublicTest_60414831.jpg,0.0,0.0,0.0,0,0,0,1,1
PublicTest_60435499.jpg,0.0,0.0,0.0,4,4,4,1,1
PublicTest_60510521.jpg,0.0,0.0,0.0,4,4,4,1,1
PublicTest_60589560.jpg,0.0,0.0,0.0,5,5,5,1,1
PublicTest_60783446.jpg,0.0,0.0,0.0,5,5,5,1,1
PublicTest_61297727.jpg,0.0,0.0,0.0,5,5,5,1,1
PublicTest_61315405.jpg,0.0,0.0,0.0,5,5,5,1,1
PublicTest_6137385.jpg,0.0,0.0,0.0,0,0,0,1,1
PublicTest_61379075.jpg,0.0,0.0,0.0,2,2,2,1,1
PublicTest_61463449.jpg,0.0,0.0,0.0,2,2,2,1,1
PublicTest_61495817.jpg,0.0,0.0,0.0,5,5,5,1,1
PublicTest_61505344.jpg,0.0,0.0,0.0,5,5,5,1,1
PublicTest_61865676.jpg,0.0,0.0,0.0,0,0,0,1,1
PublicTest_61908134.jpg,0.0,0.0,0.0,4,4,4,1,1
PublicTest_61948626.jpg,0.0,0.0,0.0,5,5,5,1,1
PublicTest_61990960.jpg,0.0,0.0,0.0,4,4,4,1,1
PublicTest_62056614.jpg,0.0,0.0,0.0,4,4,4,1,1
PublicTest_62098967.jpg,0.0,0.0,0.0,4,4,4,1,1
PublicTest_62261424.jpg,0.0,0.0,0.0,3,3,3,1,1
PublicTest_623530.jpg,0.0,0.0,0.0,2,2,2,1,1
PublicTest_62517424.jpg,0.0,0.0,0.0,5,5,5,1,1
PublicTest_62603749.jpg,0.0,0.0,0.0,5,5,5,1,1
PublicTest_62618483.jpg,0.0,0.0,0.0,6,6,6,1,1
PublicTest_62757931.jpg,0.0,0.0,0.0,2,2,2,1,1
PublicTest_62765556.jpg,0.0,0.0,0.0,5,5,5,1,1
PublicTest_63175217.jpg,0.0,0.0,0.0,5,5,5,1,1
PublicTest_63397672.jpg,0.0,0.0,0.0,5,5,5,1,1
PublicTest_63973159.jpg,0.0,0.0,0.0,0,0,0,1,1
PublicTest_64425707.jpg,0.0,0.0,0.0,4,4,4,1,1
PublicTest_64746852.jpg,0.0,0.0,0.0,5,5,5,1,1
PublicTest_64953069.jpg,0.0,0.0,0.0,2,2,2,1,1
PublicTest_65197175.jpg,0.0,0.0,0.0,0,0,0,1,1
PublicTest_65603591.jpg,0.0,0.0,0.0,5,5,5,1,1
PublicTest_65608841.jpg,0.0,0.0,0.0,5,5,5,1,1
PublicTest_65657538.jpg,0.0,0.0,0.0,4,4,4,1,1
PublicTest_65696296.jpg,0.0,0.0,0.0,0,0,0,1,1
PublicTest_65970977.jpg,0.0,0.0,0.0,5,5,5,1,1
PublicTest_66286339.jpg,0.0,0.0,0.0,0,0,0,1,1
PublicTest_66693020.jpg,0.0,0.0,0.0,4,4,4,1,1
PublicTest_6674118.jpg,0.0,0.0,0.0,5,5,5,1,1
PublicTest_66863695.jpg,0.0,0.0,0.0,2,2,2,1,1
PublicTest_66896111.jpg,0.0,0.0,0.0,5,5,5,1,1
PublicTest_66968155.jpg,0.0,0.0,0.0,5,5,5,1,1
PublicTest_6716675.jpg,0.0,0.0,0.0,5,5,5,1,1
PublicTest_67376184.jpg,0.0,0.0,0.0,5,5,5,1,1
PublicTest_67544144.jpg,0.0,0.0,0.0,5,5,5,1,1
PublicTest_67828734.jpg,0.0,0.0,0.0,0,0,0,1,1
PublicTest_67987207.jpg,0.0,0.0,0.0,5,5,5,1,1
PublicTest_68003302.jpg,0.0,0.0,0.0,0,0,0,1,1
PublicTest_68155166.jpg,0.0,0.0,0.0,5,5,5,1,1
PublicTest_68205299.jpg,0.0,0.0,0.0,4,4,4,1,1
PublicTest_68395386.jpg,0.0,0.0,0.0,4,4,4,1,1
PublicTest_68478226.jpg,0.0,0.0,0.0,4,4,4,1,1
PublicTest_68573017.jpg,0.0,0.0,0.0,3,3,3,1,1
PublicTest_68643745.jpg,0.0,0.0,0.0,5,5,5,1,1
PublicTest_68851454.jpg,0.0,0.0,0.0,4,4,4,1,1
PublicTest_69107577.jpg,0.0,0.0,0.0,5,5,5,1,1
PublicTest_69351314.jpg,0.0,0.0,0.0,5,5,5,1,1
PublicTest_69378300.jpg,0.0,0.0,0.0,5,5,5,1,1
PublicTest_69545620.jpg,0.0,0.0,0.0,4,4,4,1,1
PublicTest_69587246.jpg,0.0,0.0,0.0,5,5,5,1,1
PublicTest_69589440.jpg,0.0,0.0,0.0,3,3,3,1,1
PublicTest_69840372.jpg,0.0,0.0,0.0,5,5,5,1,1
PublicTest_69843457.jpg,0.0,0.0,0.0,5,5,5,1,1
PublicTest_69913046.jpg,0.0,0.0,0.0,2,2,2,1,1
PublicTest_70050084.jpg,0.0,0.0,0.0,5,5,5,1,1
PublicTest_70106735.jpg,0.0,0.0,0.0,5,5,5,1,1
PublicTest_70184109.jpg,0.0,0.0,0.0,5,5,5,1,1
PublicTest_70324919.jpg,0.0,0.0,0.0,2,2,2,1,1
PublicTest_70410925.jpg,0.0,0.0,0.0,0,0,0,1,1
PublicTest_70551961.jpg,0.0,0.0,0.0,0,0,0,1,1
PublicTest_70684673.jpg,0.0,0.0,0.0,4,4,4,1,1
PublicTest_71209115.jpg,0.0,0.0,0.0,5,5,5,1,1
PublicTest_71399337.jpg,0.0,0.0,0.0,5,5,5,1,1
PublicTest_71399421.jpg,0.0,0.0,0.0,5,5,5,1,1
PublicTest_71457188.jpg,0.0,0.0,0.0,5,5,5,1,1
PublicTest_71472857.jpg,0.0,0.0,0.0,4,4,4,1,1
PublicTest_71769170.jpg,0.0,0.0,0.0,5,5,5,1,1
PublicTest_71813736.jpg,0.0,0.0,0.0,5,5,5,1,1
PublicTest_71943432.jpg,0.0,0.0,0.0,5,5,5,1,1
PublicTest_72046176.jpg,0.0,0.0,0.0,4,4,4,1,1
PublicTest_7226402.jpg,0.0,0.0,0.0,6,6,6,1,1
PublicTest_72869424.jpg,0.0,0.0,0.0,2,2,2,1,1
PublicTest_72939097.jpg,0.0,0.0,0.0,3,3,3,1,1
PublicTest_73462902.jpg,0.0,0.0,0.0,5,5,5,1,1
PublicTest_73664955.jpg,0.0,0.0,0.0,5,5,5,1,1
PublicTest_73760997.jpg,0.0,0.0,0.0,5,5,5,1,1
PublicTest_7380383.jpg,0.0,0.0,0.0,0,0,0,1,1
PublicTest_73890577.jpg,0.0,0.0,0.0,1,1,1,1,1
PublicTest_73956240.jpg,0.0,0.0,0.0,4,4,4,1,1
PublicTest_73964302.jpg,0.0,0.0,0.0,5,5,5,1,1
PublicTest_74959699.jpg,0.0,0.0,0.0,0,0,0,1,1
PublicTest_75294662.jpg,0.0,0.0,0.0,5,5,5,1,1
PublicTest_75376918.jpg,0.0,0.0,0.0,2,2,2,1,1
PublicTest_75576721.jpg,0.0,0.0,0.0,5,5,5,1,1
PublicTest_75602005.jpg,0.0,0.0,0.0,2,2,2,1,1
PublicTest_75736012.jpg,0.0,0.0,0.0,0,0,0,1,1
PublicTest_75763309.jpg,0.0,0.0,0.0,5,5,5,1,1
PublicTest_75765828.jpg,0.0,0.0,0.0,4,4,4,1,1
PublicTest_75954112.jpg,0.0,0.0,0.0,2,2,2,1,1
PublicTest_76014780.jpg,0.0,0.0,0.0,4,4,4,1,1
PublicTest_76178651.jpg,0.0,0.0,0.0,5,5,5,1,1
PublicTest_76577305.jpg,0.0,0.0,0.0,5,5,5,1,1
PublicTest_76661542.jpg,0.0,0.0,0.0,5,5,5,1,1
PublicTest_7668919.jpg,0.0,0.0,0.0,5,5,5,1,1
PublicTest_76955007.jpg,0.0,0.0,0.0,5,5,5,1,1
PublicTest_76990999.jpg,0.0,0.0,0.0,3,3,3,1,1
PublicTest_76999798.jpg,0.0,0.0,0.0,5,5,5,1,1
PublicTest_77023100.jpg,0.0,0.0,0.0,5,5,5,1,1
PublicTest_77050193.jpg,0.0,0.0,0.0,2,2,2,1,1
PublicTest_77089775.jpg,0.0,0.0,0.0,5,5,5,1,1
PublicTest_7744107.jpg,0.0,0.0,0.0,0,0,0,1,1
PublicTest_77511718.jpg,0.0,0.0,0.0,2,2,2,1,1
PublicTest_77579523.jpg,0.0,0.0,0.0,4,4,4,1,1
PublicTest_77601313.jpg,0.0,0.0,0.0,5,5,5,1,1
PublicTest_77706282.jpg,0.0,0.0,0.0,5,5,5,1,1
PublicTest_77880610.jpg,0.0,0.0,0.0,2,2,2,1,1
PublicTest_78074054.jpg,0.0,0.0,0.0,0,0,0,1,1
PublicTest_78105192.jpg,0.0,0.0,0.0,4,4,4,1,1
PublicTest_7841432.jpg,0.0,0.0,0.0,2,2,2,1,1
PublicTest_78623112.jpg,0.0,0.0,0.0,0,0,0,1,1
PublicTest_78889305.jpg,0.0,0.0,0.0,4,4,4,1,1
PublicTest_79151739.jpg,0.0,0.0,0.0,5,5,5,1,1
PublicTest_79438349.jpg,0.0,0.0,0.0,0,0,0,1,1
PublicTest_79513692.jpg,0.0,0.0,0.0,5,5,5,1,1
PublicTest_79756832.jpg,0.0,0.0,0.0,5,5,5,1,1
PublicTest_79808156.jpg,0.0,0.0,0.0,5,5,5,1,1
PublicTest_8012914.jpg,0.0,0.0,0.0,5,5,5,1,1
PublicTest_8018896.jpg,0.0,0.0,0.0,4,4,4,1,1
PublicTest_80404392.jpg,0.0,0.0,0.0,0,0,0,1,1
PublicTest_80465609.jpg,0.0,0.0,0.0,4,4,4,1,1
PublicTest_80584730.jpg,0.0,0.0,0.0,4,4,4,1,1
PublicTest_80831321.jpg,0.0,0.0,0.0,5,5,5,1,1
PublicTest_81022074.jpg,0.0,0.0,0.0,5,5,5,1,1
PublicTest_81050616.jpg,0.0,0.0,0.0,5,5,5,1,1
PublicTest_81549573.jpg,0.0,0.0,0.0,2,2,2,1,1
PublicTest_81609364.jpg,0.0,0.0,0.0,2,2,2,1,1
PublicTest_81677219.jpg,0.0,0.0,0.0,6,6,6,1,1
PublicTest_81975497.jpg,0.0,0.0,0.0,4,4,4,1,1
PublicTest_81978061.jpg,0.0,0.0,0.0,4,4,4,1,1
PublicTest_82355488.jpg,0.0,0.0,0.0,2,2,2,1,1
PublicTest_823879.jpg,0.0,0.0,0.0,5,5,5,1,1
PublicTest_82430512.jpg,0.0,0.0,0.0,4,4,4,1,1
PublicTest_82601897.jpg,0.0,0.0,0.0,5,5,5,1,1
PublicTest_82715678.jpg,0.0,0.0,0.0,0,0,0,1,1
PublicTest_82930132.jpg,0.0,0.0,0.0,5,5,5,1,1
PublicTest_82982986.jpg,0.0,0.0,0.0,2,2,2,1,1
PublicTest_83014731.jpg,0.0,0.0,0.0,3,3,3,1,1
PublicTest_83074957.jpg,0.0,0.0,0.0,0,0,0,1,1
PublicTest_83082043.jpg,0.0,0.0,0.0,4,4,4,1,1
PublicTest_83468044.jpg,0.0,0.0,0.0,2,2,2,1,1
PublicTest_83622232.jpg,0.0,0.0,0.0,3,3,3,1,1
PublicTest_83670653.jpg,0.0,0.0,0.0,5,5,5,1,1
PublicTest_83758171.jpg,0.0,0.0,0.0,0,0,0,1,1
PublicTest_83764498.jpg,0.0,0.0,0.0,0,0,0,1,1
PublicTest_83841294.jpg,0.0,0.0,0.0,2,2,2,1,1
PublicTest_83849834.jpg,0.0,0.0,0.0,5,5,5,1,1
PublicTest_83984547.jpg,0.0,0.0,0.0,6,6,6,1,1
PublicTest_84089466.jpg,0.0,0.0,0.0,5,5,5,1,1
PublicTest_84275164.jpg,0.0,0.0,0.0,5,5,5,1,1
PublicTest_84380648.jpg,0.0,0.0,0.0,2,2,2,1,1
PublicTest_84387141.jpg,0.0,0.0,0.0,0,0,0,1,1
PublicTest_84406215.jpg,0.0,0.0,0.0,5,5,5,1,1
PublicTest_84511668.jpg,0.0,0.0,0.0,0,0,0,1,1
PublicTest_84583336.jpg,0.0,0.0,0.0,5,5,5,1,1
PublicTest_84610024.jpg,0.0,0.0,0.0,4,4,4,1,1
PublicTest_85118178.jpg,0.0,0.0,0.0,5,5,5,1,1
PublicTest_85476276.jpg,0.0,0.0,0.0,5,5,5,1,1
PublicTest_85484322.jpg,0.0,0.0,0.0,5,5,5,1,1
PublicTest_85511183.jpg,0.0,0.0,0.0,5,5,5,1,1
PublicTest_85624137.jpg,0.0,0.0,0.0,5,5,5,1,1
PublicTest_86086159.jpg,0.0,0.0,0.0,5,5,5,1,1
PublicTest_86100904.jpg,0.0,0.0,0.0,2,2,2,1,1
PublicTest_86351672.jpg,0.0,0.0,0.0,5,5,5,1,1
PublicTest_86411613.jpg,0.0,0.0,0.0,4,4,4,1,1
PublicTest_86587530.jpg,0.0,0.0,0.0,0,0,0,1,1
PublicTest_86629641.jpg,0.0,0.0,0.0,5,5,5,1,1
PublicTest_86645711.jpg,0.0,0.0,0.0,4,4,4,1,1
PublicTest_86661482.jpg,0.0,0.0,0.0,5,5,5,1,1
PublicTest_86665641.jpg,0.0,0.0,0.0,5,5,5,1,1
PublicTest_86781056.jpg,0.0,0.0,0.0,5,5,5,1,1
PublicTest_87183978.jpg,0.0,0.0,0.0,2,2,2,1,1
PublicTest_87237892.jpg,0.0,0.0,0.0,5,5,5,1,1
PublicTest_87240617.jpg,0.0,0.0,0.0,5,5,5,1,1
PublicTest_87587744.jpg,0.0,0.0,0.0,0,0,0,1,1
PublicTest_87671386.jpg,0.0,0.0,0.0,5,5,5,1,1
PublicTest_87833009.jpg,0.0,0.0,0.0,5,5,5,1,1
PublicTest_87953785.jpg,0.0,0.0,0.0,4,4,4,1,1
PublicTest_88344769.jpg,0.0,0.0,0.0,5,5,5,1,1
PublicTest_88459234.jpg,0.0,0.0,0.0,5,5,5,1,1
PublicTest_88686445.jpg,0.0,0.0,0.0,3,3,3,1,1
PublicTest_88787291.jpg,0.0,0.0,0.0,5,5,5,1,1
PublicTest_88885149.jpg,0.0,0.0,0.0,5,5,5,1,1
PublicTest_88974023.jpg,0.0,0.0,0.0,5,5,5,1,1
PublicTest_89065999.jpg,0.0,0.0,0.0,2,2,2,1,1
PublicTest_89082411.jpg,0.0,0.0,0.0,4,4,4,1,1
PublicTest_89161552.jpg,0.0,0.0,0.0,5,5,5,1,1
PublicTest_89390081.jpg,0.0,0.0,0.0,6,6,6,1,1
PublicTest_89491736.jpg,0.0,0.0,0.0,5,5,5,1,1
PublicTest_89705423.jpg,0.0,0.0,0.0,2,2,2,1,1
PublicTest_89885503.jpg,0.0,0.0,0.0,3,3,3,1,1
PublicTest_89930232.jpg,0.0,0.0,0.0,5,5,5,1,1
PublicTest_89937847.jpg,0.0,0.0,0.0,4,4,4,1,1
PublicTest_90195753.jpg,0.0,0.0,0.0,5,5,5,1,1
PublicTest_90237200.jpg,0.0,0.0,0.0,5,5,5,1,1
PublicTest_90376986.jpg,0.0,0.0,0.0,5,5,5,1,1
PublicTest_90402522.jpg,0.0,0.0,0.0,4,4,4,1,1
PublicTest_90423571.jpg,0.0,0.0,0.0,0,0,0,1,1
PublicTest_90433770.jpg,0.0,0.0,0.0,0,0,0,1,1
PublicTest_90439656.jpg,0.0,0.0,0.0,4,4,4,1,1
PublicTest_90532579.jpg,0.0,0.0,0.0,5,5,5,1,1
PublicTest_9087532.jpg,0.0,0.0,0.0,5,5,5,1,1
PublicTest_90947429.jpg,0.0,0.0,0.0,4,4,4,1,1
PublicTest_90965793.jpg,0.0,0.0,0.0,4,4,4,1,1
PublicTest_91140402.jpg,0.0,0.0,0.0,5,5,5,1,1
PublicTest_9116046.jpg,0.0,0.0,0.0,2,2,2,1,1
PublicTest_91281486.jpg,0.0,0.0,0.0,2,2,2,1,1
PublicTest_9129866.jpg,0.0,0.0,0.0,5,5,5,1,1
PublicTest_91356883.jpg,0.0,0.0,0.0,5,5,5,1,1
PublicTest_91459478.jpg,0.0,0.0,0.0,5,5,5,1,1
PublicTest_9146787.jpg,0.0,0.0,0.0,5,5,5,1,1
PublicTest_91525394.jpg,0.0,0.0,0.0,5,5,5,1,1
PublicTest_91585163.jpg,0.0,0.0,0.0,5,5,5,1,1
PublicTest_91641830.jpg,0.0,0.0,0.0,5,5,5,1,1
PublicTest_92089924.jpg,0.0,0.0,0.0,0,0,0,1,1
PublicTest_92255463.jpg,0.0,0.0,0.0,5,5,5,1,1
PublicTest_92653992.jpg,0.0,0.0,0.0,2,2,2,1,1
PublicTest_92862287.jpg,0.0,0.0,0.0,5,5,5,1,1
PublicTest_93102383.jpg,0.0,0.0,0.0,3,3,3,1,1
PublicTest_93125933.jpg,0.0,0.0,0.0,0,0,0,1,1
PublicTest_93288973.jpg,0.0,0.0,0.0,5,5,5,1,1
PublicTest_93328347.jpg,0.0,0.0,0.0,4,4,4,1,1
PublicTest_93381782.jpg,0.0,0.0,0.0,5,5,5,1,1
PublicTest_9341193.jpg,0.0,0.0,0.0,5,5,5,1,1
PublicTest_93519587.jpg,0.0,0.0,0.0,4,4,4,1,1
PublicTest_93955309.jpg,0.0,0.0,0.0,5,5,5,1,1
PublicTest_94109989.jpg,0.0,0.0,0.0,5,5,5,1,1
PublicTest_94354114.jpg,0.0,0.0,0.0,5,5,5,1,1
PublicTest_94416517.jpg,0.0,0.0,0.0,5,5,5,1,1
PublicTest_94615966.jpg,0.0,0.0,0.0,4,4,4,1,1
PublicTest_94626374.jpg,0.0,0.0,0.0,0,0,0,1,1
PublicTest_9497867.jpg,0.0,0.0,0.0,5,5,5,1,1
PublicTest_95014094.jpg,0.0,0.0,0.0,5,5,5,1,1
PublicTest_95058441.jpg,0.0,0.0,0.0,3,3,3,1,1
PublicTest_95136467.jpg,0.0,0.0,0.0,4,4,4,1,1
PublicTest_95223919.jpg,0.0,0.0,0.0,5,5,5,1,1
PublicTest_95266818.jpg,0.0,0.0,0.0,5,5,5,1,1
PublicTest_95544149.jpg,0.0,0.0,0.0,5,5,5,1,1
PublicTest_95801034.jpg,0.0,0.0,0.0,5,5,5,1,1
PublicTest_95823660.jpg,0.0,0.0,0.0,5,5,5,1,1
PublicTest_95840432.jpg,0.0,0.0,0.0,5,5,5,1,1
PublicTest_96234770.jpg,0.0,0.0,0.0,5,5,5,1,1
PublicTest_96278259.jpg,0.0,0.0,0.0,5,5,5,1,1
PublicTest_96291546.jpg,0.0,0.0,0.0,5,5,5,1,1
PublicTest_96594744.jpg,0.0,0.0,0.0,5,5,5,1,1
PublicTest_9671825.jpg,0.0,0.0,0.0,4,4,4,1,1
PublicTest_9704928.jpg,0.0,0.0,0.0,5,5,5,1,1
PublicTest_9715467.jpg,0.0,0.0,0.0,5,5,5,1,1
PublicTest_97262221.jpg,0.0,0.0,0.0,5,5,5,1,1
PublicTest_97282682.jpg,0.0,0.0,0.0,5,5,5,1,1
PublicTest_97293623.jpg,0.0,0.0,0.0,5,5,5,1,1
PublicTest_97307607.jpg,0.0,0.0,0.0,5,5,5,1,1
PublicTest_97423923.jpg,0.0,0.0,0.0,5,5,5,1,1
PublicTest_97426469.jpg,0.0,0.0,0.0,2,2,2,1,1
PublicTest_97520714.jpg,0.0,0.0,0.0,5,5,5,1,1
PublicTest_97705445.jpg,0.0,0.0,0.0,4,4,4,1,1
PublicTest_97750311.jpg,0.0,0.0,0.0,5,5,5,1,1
PublicTest_97841068.jpg,0.0,0.0,0.0,5,5,5,1,1
PublicTest_97957374.jpg,0.0,0.0,0.0,3,3,3,1,1
PublicTest_98020112.jpg,0.0,0.0,0.0,5,5,5,1,1
PublicTest_98143629.jpg,0.0,0.0,0.0,2,2,2,1,1
PublicTest_9847816.jpg,0.0,0.0,0.0,4,4,4,1,1
PublicTest_98681138.jpg,0.0,0.0,0.0,5,5,5,1,1
PublicTest_98736341.jpg,0.0,0.0,0.0,5,5,5,1,1
PublicTest_98833450.jpg,0.0,0.0,0.0,0,0,0,1,1
PublicTest_99116679.jpg,0.0,0.0,0.0,3,3,3,1,1
PublicTest_99123958.jpg,0.0,0.0,0.0,5,5,5,1,1
PublicTest_99393604.jpg,0.0,0.0,0.0,5,5,5,1,1
PublicTest_99446207.jpg,0.0,0.0,0.0,0,0,0,1,1
PublicTest_99484077.jpg,0.0,0.0,0.0,0,0,0,1,1
PublicTest_99573433.jpg,0.0,0.0,0.0,2,2,2,1,1
PublicTest_99654006.jpg,0.0,0.0,0.0,5,5,5,1,1
PublicTest_9967827.jpg,0.0,0.0,0.0,2,2,2,1,1
PublicTest_99688200.jpg,0.0,0.0,0.0,3,3,3,1,1
PublicTest_99741160.jpg,0.0,0.0,0.0,3,3,3,1,1
PublicTest_99767171.jpg,0.0,0.0,0.0,5,5,5,1,1
PublicTest_10709121.jpg,0.0,0.0,0.0,6,6,6,1,1
PublicTest_10754294.jpg,0.0,0.0,0.0,3,3,3,1,1
PublicTest_10780425.jpg,0.0,0.0,0.0,6,6,6,1,1
PublicTest_10984020.jpg,0.0,0.0,0.0,6,6,6,1,1
PublicTest_11056779.jpg,0.0,0.0,0.0,3,3,3,1,1
PublicTest_11102676.jpg,0.0,0.0,0.0,4,4,4,1,1
PublicTest_11715606.jpg,0.0,0.0,0.0,6,6,6,1,1
PublicTest_12186725.jpg,0.0,0.0,0.0,6,6,6,1,1
PublicTest_12795179.jpg,0.0,0.0,0.0,6,6,6,1,1
PublicTest_13719697.jpg,0.0,0.0,0.0,6,6,6,1,1
PublicTest_13722582.jpg,0.0,0.0,0.0,6,6,6,1,1
PublicTest_13861015.jpg,0.0,0.0,0.0,6,6,6,1,1
PublicTest_13980590.jpg,0.0,0.0,0.0,6,6,6,1,1
PublicTest_13980595.jpg,0.0,0.0,0.0,2,2,2,1,1
PublicTest_14015146.jpg,0.0,0.0,0.0,6,6,6,1,1
PublicTest_15205762.jpg,0.0,0.0,0.0,6,6,6,1,1
PublicTest_15230404.jpg,0.0,0.0,0.0,6,6,6,1,1
PublicTest_15635080.jpg,0.0,0.0,0.0,6,6,6,1,1
PublicTest_15665048.jpg,0.0,0.0,0.0,6,6,6,1,1
PublicTest_15712657.jpg,0.0,0.0,0.0,6,6,6,1,1
PublicTest_15739977.jpg,0.0,0.0,0.0,6,6,6,1,1
PublicTest_15746138.jpg,0.0,0.0,0.0,6,6,6,1,1
PublicTest_15760011.jpg,0.0,0.0,0.0,6,6,6,1,1
PublicTest_1597600.jpg,0.0,0.0,0.0,3,3,3,1,1
PublicTest_16022588.jpg,0.0,0.0,0.0,0,0,0,1,1
PublicTest_16568907.jpg,0.0,0.0,0.0,6,6,6,1,1
PublicTest_16678610.jpg,0.0,0.0,0.0,2,2,2,1,1
PublicTest_17047937.jpg,0.0,0.0,0.0,2,2,2,1,1
PublicTest_1709990.jpg,0.0,0.0,0.0,6,6,6,1,1
PublicTest_17155920.jpg,0.0,0.0,0.0,6,6,6,1,1
PublicTest_17194400.jpg,0.0,0.0,0.0,6,6,6,1,1
PublicTest_17484027.jpg,0.0,0.0,0.0,6,6,6,1,1
PublicTest_17512816.jpg,0.0,0.0,0.0,6,6,6,1,1
PublicTest_17677007.jpg,0.0,0.0,0.0,6,6,6,1,1
PublicTest_17681379.jpg,0.0,0.0,0.0,2,2,2,1,1
PublicTest_17886908.jpg,0.0,0.0,0.0,6,6,6,1,1
PublicTest_17911043.jpg,0.0,0.0,0.0,6,6,6,1,1
PublicTest_18135788.jpg,0.0,0.0,0.0,6,6,6,1,1
PublicTest_18285200.jpg,0.0,0.0,0.0,6,6,6,1,1
PublicTest_18350292.jpg,0.0,0.0,0.0,6,6,6,1,1
PublicTest_18422068.jpg,0.0,0.0,0.0,6,6,6,1,1
PublicTest_18808914.jpg,0.0,0.0,0.0,6,6,6,1,1
PublicTest_18884751.jpg,0.0,0.0,0.0,6,6,6,1,1
PublicTest_19276218.jpg,0.0,0.0,0.0,6,6,6,1,1
PublicTest_19373509.jpg,0.0,0.0,0.0,3,3,3,1,1
PublicTest_19681601.jpg,0.0,0.0,0.0,6,6,6,1,1
PublicTest_19807053.jpg,0.0,0.0,0.0,6,6,6,1,1
PublicTest_20065771.jpg,0.0,0.0,0.0,6,6,6,1,1
PublicTest_20242544.jpg,0.0,0.0,0.0,6,6,6,1,1
PublicTest_20248242.jpg,0.0,0.0,0.0,6,6,6,1,1
PublicTest_20530760.jpg,0.0,0.0,0.0,6,6,6,1,1
PublicTest_20531357.jpg,0.0,0.0,0.0,6,6,6,1,1
PublicTest_20677546.jpg,0.0,0.0,0.0,6,6,6,1,1
PublicTest_20980168.jpg,0.0,0.0,0.0,6,6,6,1,1
PublicTest_21140607.jpg,0.0,0.0,0.0,6,6,6,1,1
PublicTest_21575786.jpg,0.0,0.0,0.0,5,5,5,1,1
PublicTest_22194410.jpg,0.0,0.0,0.0,6,6,6,1,1
PublicTest_22228657.jpg,0.0,0.0,0.0,6,6,6,1,1
PublicTest_22313021.jpg,0.0,0.0,0.0,6,6,6,1,1
PublicTest_22986053.jpg,0.0,0.0,0.0,6,6,6,1,1
PublicTest_23216863.jpg,0.0,0.0,0.0,0,0,0,1,1
PublicTest_23583223.jpg,0.0,0.0,0.0,6,6,6,1,1
PublicTest_23695727.jpg,0.0,0.0,0.0,6,6,6,1,1
PublicTest_23987357.jpg,0.0,0.0,0.0,5,5,5,1,1
PublicTest_24011006.jpg,0.0,0.0,0.0,4,4,4,1,1
PublicTest_24449829.jpg,0.0,0.0,0.0,5,5,5,1,1
PublicTest_24578078.jpg,0.0,0.0,0.0,6,6,6,1,1
PublicTest_24738517.jpg,0.0,0.0,0.0,6,6,6,1,1
PublicTest_25053327.jpg,0.0,0.0,0.0,6,6,6,1,1
PublicTest_25064886.jpg,0.0,0.0,0.0,6,6,6,1,1
PublicTest_25086092.jpg,0.0,0.0,0.0,6,6,6,1,1
PublicTest_2529039.jpg,0.0,0.0,0.0,6,6,6,1,1
PublicTest_25336581.jpg,0.0,0.0,0.0,2,2,2,1,1
PublicTest_25512952.jpg,0.0,0.0,0.0,2,2,2,1,1
PublicTest_2615422.jpg,0.0,0.0,0.0,6,6,6,1,1
PublicTest_26280063.jpg,0.0,0.0,0.0,6,6,6,1,1
PublicTest_2697877.jpg,0.0,0.0,0.0,6,6,6,1,1
PublicTest_27272456.jpg,0.0,0.0,0.0,2,2,2,1,1
PublicTest_27752387.jpg,0.0,0.0,0.0,4,4,4,1,1
PublicTest_27916929.jpg,0.0,0.0,0.0,6,6,6,1,1
PublicTest_28041929.jpg,0.0,0.0,0.0,6,6,6,1,1
PublicTest_28247750.jpg,0.0,0.0,0.0,6,6,6,1,1
PublicTest_28328252.jpg,0.0,0.0,0.0,6,6,6,1,1
PublicTest_28516575.jpg,0.0,0.0,0.0,6,6,6,1,1
PublicTest_28786878.jpg,0.0,0.0,0.0,0,0,0,1,1
PublicTest_29203341.jpg,0.0,0.0,0.0,6,6,6,1,1
PublicTest_29260214.jpg,0.0,0.0,0.0,3,3,3,1,1
PublicTest_29450477.jpg,0.0,0.0,0.0,6,6,6,1,1
PublicTest_29531738.jpg,0.0,0.0,0.0,6,6,6,1,1
PublicTest_29569925.jpg,0.0,0.0,0.0,6,6,6,1,1
PublicTest_29832450.jpg,0.0,0.0,0.0,6,6,6,1,1
PublicTest_3012169.jpg,0.0,0.0,0.0,2,2,2,1,1
PublicTest_30987122.jpg,0.0,0.0,0.0,5,5,5,1,1
PublicTest_31004145.jpg,0.0,0.0,0.0,6,6,6,1,1
PublicTest_31171869.jpg,0.0,0.0,0.0,6,6,6,1,1
PublicTest_31247292.jpg,0.0,0.0,0.0,6,6,6,1,1
PublicTest_31705635.jpg,0.0,0.0,0.0,0,0,0,1,1
PublicTest_32045.jpg,0.0,0.0,0.0,4,4,4,1,1
PublicTest_32055462.jpg,0.0,0.0,0.0,2,2,2,1,1
PublicTest_3206770.jpg,0.0,0.0,0.0,6,6,6,1,1
PublicTest_32575449.jpg,0.0,0.0,0.0,6,6,6,1,1
PublicTest_33947662.jpg,0.0,0.0,0.0,4,4,4,1,1
PublicTest_34028245.jpg,0.0,0.0,0.0,2,2,2,1,1
PublicTest_34166920.jpg,0.0,0.0,0.0,6,6,6,1,1
PublicTest_34206950.jpg,0.0,0.0,0.0,6,6,6,1,1
PublicTest_34334611.jpg,0.0,0.0,0.0,6,6,6,1,1
PublicTest_34419863.jpg,0.0,0.0,0.0,6,6,6,1,1
PublicTest_34422385.jpg,0.0,0.0,0.0,6,6,6,1,1
PublicTest_34645495.jpg,0.0,0.0,0.0,6,6,6,1,1
PublicTest_34897889.jpg,0.0,0.0,0.0,6,6,6,1,1
PublicTest_34933787.jpg,0.0,0.0,0.0,6,6,6,1,1
PublicTest_34958178.jpg,0.0,0.0,0.0,6,6,6,1,1
PublicTest_34990545.jpg,0.0,0.0,0.0,6,6,6,1,1
PublicTest_35042409.jpg,0.0,0.0,0.0,6,6,6,1,1
PublicTest_35132840.jpg,0.0,0.0,0.0,6,6,6,1,1
PublicTest_35266346.jpg,0.0,0.0,0.0,5,5,5,1,1
PublicTest_35290127.jpg,0.0,0.0,0.0,6,6,6,1,1
PublicTest_35396845.jpg,0.0,0.0,0.0,2,2,2,1,1
PublicTest_3560560.jpg,0.0,0.0,0.0,6,6,6,1,1
PublicTest_35686529.jpg,0.0,0.0,0.0,6,6,6,1,1
PublicTest_35838312.jpg,0.0,0.0,0.0,0,0,0,1,1
PublicTest_358786.jpg,0.0,0.0,0.0,6,6,6,1,1
PublicTest_36015827.jpg,0.0,0.0,0.0,6,6,6,1,1
PublicTest_36465312.jpg,0.0,0.0,0.0,6,6,6,1,1
PublicTest_36718809.jpg,0.0,0.0,0.0,6,6,6,1,1
PublicTest_36800464.jpg,0.0,0.0,0.0,6,6,6,1,1
PublicTest_37073420.jpg,0.0,0.0,0.0,6,6,6,1,1
PublicTest_37360205.jpg,0.0,0.0,0.0,6,6,6,1,1
PublicTest_37426588.jpg,0.0,0.0,0.0,6,6,6,1,1
PublicTest_38247925.jpg,0.0,0.0,0.0,6,6,6,1,1
PublicTest_3854174.jpg,0.0,0.0,0.0,6,6,6,1,1
PublicTest_38755783.jpg,0.0,0.0,0.0,6,6,6,1,1
PublicTest_38966726.jpg,0.0,0.0,0.0,4,4,4,1,1
PublicTest_39373170.jpg,0.0,0.0,0.0,2,2,2,1,1
PublicTest_39678108.jpg,0.0,0.0,0.0,6,6,6,1,1
PublicTest_40148704.jpg,0.0,0.0,0.0,6,6,6,1,1
PublicTest_40189715.jpg,0.0,0.0,0.0,6,6,6,1,1
PublicTest_40207266.jpg,0.0,0.0,0.0,6,6,6,1,1
PublicTest_40528928.jpg,0.0,0.0,0.0,6,6,2,1,0
PublicTest_40559227.jpg,0.0,0.0,0.0,6,6,6,1,1
PublicTest_40967103.jpg,0.0,0.0,0.0,6,6,6,1,1
PublicTest_41439516.jpg,0.0,0.0,0.0,6,6,6,1,1
PublicTest_41696704.jpg,0.0,0.0,0.0,6,6,6,1,1
PublicTest_42347603.jpg,0.0,0.0,0.0,6,6,6,1,1
PublicTest_42463795.jpg,0.0,0.0,0.0,6,6,6,1,1
PublicTest_42473844.jpg,0.0,0.0,0.0,3,3,3,1,1
PublicTest_42746467.jpg,0.0,0.0,0.0,2,2,2,1,1
PublicTest_42864737.jpg,0.0,0.0,0.0,6,6,6,1,1
PublicTest_42872438.jpg,0.0,0.0,0.0,4,4,4,1,1
PublicTest_42928793.jpg,0.0,0.0,0.0,6,6,6,1,1
PublicTest_43690380.jpg,0.0,0.0,0.0,4,4,4,1,1
PublicTest_43692311.jpg,0.0,0.0,0.0,0,0,0,1,1
PublicTest_43801413.jpg,0.0,0.0,0.0,6,6,6,1,1
PublicTest_44179455.jpg,0.0,0.0,0.0,4,4,4,1,1
PublicTest_44603096.jpg,0.0,0.0,0.0,6,6,6,1,1
PublicTest_44720580.jpg,0.0,0.0,0.0,6,6,6,1,1
PublicTest_44774809.jpg,0.0,0.0,0.0,6,6,6,1,1
PublicTest_4493968.jpg,0.0,0.0,0.0,6,6,6,1,1
PublicTest_45066375.jpg,0.0,0.0,0.0,6,6,6,1,1
PublicTest_4506807.jpg,0.0,0.0,0.0,6,6,6,1,1
PublicTest_45072574.jpg,0.0,0.0,0.0,6,6,6,1,1
PublicTest_45297572.jpg,0.0,0.0,0.0,6,6,6,1,1
PublicTest_45821911.jpg,0.0,0.0,0.0,6,6,6,1,1
PublicTest_46006432.jpg,0.0,0.0,0.0,6,6,6,1,1
PublicTest_46144482.jpg,0.0,0.0,0.0,6,6,6,1,1
PublicTest_4616983.jpg,0.0,0.0,0.0,6,6,6,1,1
PublicTest_46372964.jpg,0.0,0.0,0.0,2,2,2,1,1
PublicTest_4639501.jpg,0.0,0.0,0.0,6,6,6,1,1
PublicTest_46663858.jpg,0.0,0.0,0.0,2,2,2,1,1
PublicTest_46713098.jpg,0.0,0.0,0.0,6,6,6,1,1
PublicTest_4690717.jpg,0.0,0.0,0.0,6,6,6,1,1
PublicTest_46929671.jpg,0.0,0.0,0.0,6,6,6,1,1
PublicTest_47060827.jpg,0.0,0.0,0.0,0,0,0,1,1
PublicTest_47471236.jpg,0.0,0.0,0.0,2,2,2,1,1
PublicTest_47534258.jpg,0.0,0.0,0.0,6,6,6,1,1
PublicTest_47639345.jpg,0.0,0.0,0.0,3,3,3,1,1
PublicTest_4773003.jpg,0.0,0.0,0.0,6,6,6,1,1
PublicTest_47859715.jpg,0.0,0.0,0.0,6,6,6,1,1
PublicTest_47864767.jpg,0.0,0.0,0.0,0,0,0,1,1
PublicTest_47899862.jpg,0.0,0.0,0.0,6,6,6,1,1
PublicTest_47965694.jpg,0.0,0.0,0.0,6,6,6,1,1
PublicTest_4819015.jpg,0.0,0.0,0.0,6,6,6,1,1
PublicTest_48415985.jpg,0.0,0.0,0.0,6,6,6,1,1
PublicTest_48874576.jpg,0.0,0.0,0.0,6,6,6,1,1
PublicTest_48907173.jpg,0.0,0.0,0.0,6,6,6,1,1
PublicTest_48988865.jpg,0.0,0.0,0.0,6,6,6,1,1
PublicTest_48991844.jpg,0.0,0.0,0.0,6,6,6,1,1
PublicTest_49049109.jpg,0.0,0.0,0.0,6,6,6,1,1
PublicTest_49065038.jpg,0.0,0.0,0.0,4,4,4,1,1
PublicTest_49089142.jpg,0.0,0.0,0.0,4,4,4,1,1
PublicTest_4915092.jpg,0.0,0.0,0.0,6,6,6,1,1
PublicTest_49739228.jpg,0.0,0.0,0.0,6,6,6,1,1
PublicTest_49826465.jpg,0.0,0.0,0.0,6,6,6,1,1
PublicTest_5010883.jpg,0.0,0.0,0.0,6,6,6,1,1
PublicTest_50429957.jpg,0.0,0.0,0.0,6,6,6,1,1
PublicTest_50922918.jpg,0.0,0.0,0.0,6,6,6,1,1
PublicTest_51072428.jpg,0.0,0.0,0.0,6,6,6,1,1
PublicTest_5114163.jpg,0.0,0.0,0.0,6,6,6,1,1
PublicTest_51257619.jpg,0.0,0.0,0.0,6,6,6,1,1
PublicTest_51366800.jpg,0.0,0.0,0.0,6,6,6,1,1
PublicTest_51456832.jpg,0.0,0.0,0.0,6,6,6,1,1
PublicTest_51555877.jpg,0.0,0.0,0.0,6,6,6,1,1
PublicTest_51597356.jpg,0.0,0.0,0.0,6,6,6,1,1
PublicTest_5167971.jpg,0.0,0.0,0.0,6,6,6,1,1
PublicTest_51861198.jpg,0.0,0.0,0.0,6,6,6,1,1
PublicTest_52307515.jpg,0.0,0.0,0.0,6,6,6,1,1
PublicTest_52359086.jpg,0.0,0.0,0.0,6,6,6,1,1
PublicTest_52473093.jpg,0.0,0.0,0.0,6,6,6,1,1
PublicTest_52633253.jpg,0.0,0.0,0.0,2,2,2,1,1
PublicTest_53292967.jpg,0.0,0.0,0.0,6,6,6,1,1
PublicTest_53324760.jpg,0.0,0.0,0.0,6,6,6,1,1
PublicTest_5351857.jpg,0.0,0.0,0.0,6,6,6,1,1
PublicTest_53542593.jpg,0.0,0.0,0.0,6,6,6,1,1
PublicTest_53655471.jpg,0.0,0.0,0.0,6,6,6,1,1
PublicTest_53795000.jpg,0.0,0.0,0.0,3,3,3,1,1
PublicTest_53992987.jpg,0.0,0.0,0.0,6,6,6,1,1
PublicTest_54005456.jpg,0.0,0.0,0.0,6,6,6,1,1
PublicTest_54301394.jpg,0.0,0.0,0.0,6,6,6,1,1
PublicTest_54464589.jpg,0.0,0.0,0.0,6,6,6,1,1
PublicTest_55075980.jpg,0.0,0.0,0.0,6,6,6,1,1
PublicTest_55106444.jpg,0.0,0.0,0.0,6,6,6,1,1
PublicTest_5539787.jpg,0.0,0.0,0.0,6,6,6,1,1
PublicTest_55404404.jpg,0.0,0.0,0.0,6,6,6,1,1
PublicTest_56072208.jpg,0.0,0.0,0.0,0,0,0,1,1
PublicTest_56421136.jpg,0.0,0.0,0.0,6,6,6,1,1
PublicTest_57162802.jpg,0.0,0.0,0.0,2,2,2,1,1
PublicTest_57199212.jpg,0.0,0.0,0.0,6,6,6,1,1
PublicTest_57570036.jpg,0.0,0.0,0.0,6,6,6,1,1
PublicTest_58597177.jpg,0.0,0.0,0.0,2,2,2,1,1
PublicTest_58891167.jpg,0.0,0.0,0.0,6,6,6,1,1
PublicTest_58944156.jpg,0.0,0.0,0.0,6,6,6,1,1
PublicTest_5897498.jpg,0.0,0.0,0.0,6,6,6,1,1
PublicTest_5899302.jpg,0.0,0.0,0.0,6,6,6,1,1
PublicTest_5954279.jpg,0.0,0.0,0.0,6,6,6,1,1
PublicTest_59661554.jpg,0.0,0.0,0.0,2,2,2,1,1
PublicTest_59751984.jpg,0.0,0.0,0.0,6,6,6,1,1
PublicTest_60031524.jpg,0.0,0.0,0.0,6,6,6,1,1
PublicTest_6010264.jpg,0.0,0.0,0.0,6,6,6,1,1
PublicTest_60383922.jpg,0.0,0.0,0.0,6,6,6,1,1
PublicTest_60435558.jpg,0.0,0.0,0.0,6,6,6,1,1
PublicTest_60450589.jpg,0.0,0.0,0.0,5,5,5,1,1
PublicTest_60718510.jpg,0.0,0.0,0.0,3,3,3,1,1
PublicTest_60948590.jpg,0.0,0.0,0.0,6,6,6,1,1
PublicTest_61057825.jpg,0.0,0.0,0.0,6,6,6,1,1
PublicTest_61453734.jpg,0.0,0.0,0.0,6,6,6,1,1
PublicTest_61597434.jpg,0.0,0.0,0.0,6,6,6,1,1
PublicTest_61619813.jpg,0.0,0.0,0.0,2,2,2,1,1
PublicTest_61779535.jpg,0.0,0.0,0.0,6,6,6,1,1
PublicTest_62072018.jpg,0.0,0.0,0.0,6,6,6,1,1
PublicTest_62145473.jpg,0.0,0.0,0.0,4,4,4,1,1
PublicTest_62174534.jpg,0.0,0.0,0.0,6,6,6,1,1
PublicTest_62222978.jpg,0.0,0.0,0.0,6,6,6,1,1
PublicTest_62398284.jpg,0.0,0.0,0.0,6,6,6,1,1
PublicTest_62963706.jpg,0.0,0.0,0.0,6,6,6,1,1
PublicTest_63069551.jpg,0.0,0.0,0.0,6,6,6,1,1
PublicTest_63105509.jpg,0.0,0.0,0.0,6,6,6,1,1
PublicTest_63291719.jpg,0.0,0.0,0.0,4,4,4,1,1
PublicTest_63467129.jpg,0.0,0.0,0.0,2,2,2,1,1
PublicTest_64107181.jpg,0.0,0.0,0.0,6,6,6,1,1
PublicTest_64474053.jpg,0.0,0.0,0.0,6,6,6,1,1
PublicTest_64479147.jpg,0.0,0.0,0.0,6,6,6,1,1
PublicTest_64532931.jpg,0.0,0.0,0.0,6,6,6,1,1
PublicTest_64619420.jpg,0.0,0.0,0.0,6,6,6,1,1
PublicTest_64657369.jpg,0.0,0.0,0.0,6,6,6,1,1
PublicTest_64740817.jpg,0.0,0.0,0.0,4,4,4,1,1
PublicTest_65209346.jpg,0.0,0.0,0.0,0,0,0,1,1
PublicTest_65640293.jpg,0.0,0.0,0.0,4,4,4,1,1
PublicTest_65722213.jpg,0.0,0.0,0.0,6,6,6,1,1
PublicTest_65996903.jpg,0.0,0.0,0.0,2,2,2,1,1
PublicTest_66000374.jpg,0.0,0.0,0.0,6,6,6,1,1
PublicTest_66012598.jpg,0.0,0.0,0.0,6,6,6,1,1
PublicTest_66065964.jpg,0.0,0.0,0.0,2,2,2,1,1
PublicTest_66095589.jpg,0.0,0.0,0.0,6,6,6,1,1
PublicTest_66101683.jpg,0.0,0.0,0.0,6,6,6,1,1
PublicTest_66116810.jpg,0.0,0.0,0.0,4,4,4,1,1
PublicTest_66326152.jpg,0.0,0.0,0.0,2,2,2,1,1
PublicTest_66344275.jpg,0.0,0.0,0.0,2,2,2,1,1
PublicTest_66424456.jpg,0.0,0.0,0.0,5,5,5,1,1
PublicTest_66691033.jpg,0.0,0.0,0.0,6,6,6,1,1
PublicTest_66742943.jpg,0.0,0.0,0.0,6,6,6,1,1
PublicTest_67014114.jpg,0.0,0.0,0.0,6,6,6,1,1
PublicTest_67290585.jpg,0.0,0.0,0.0,6,6,6,1,1
PublicTest_67327289.jpg,0.0,0.0,0.0,6,6,6,1,1
PublicTest_67417043.jpg,0.0,0.0,0.0,6,6,6,1,1
PublicTest_67565857.jpg,0.0,0.0,0.0,6,6,6,1,1
PublicTest_67579465.jpg,0.0,0.0,0.0,6,6,6,1,1
PublicTest_6806257.jpg,0.0,0.0,0.0,2,2,2,1,1
PublicTest_68102403.jpg,0.0,0.0,0.0,6,6,6,1,1
PublicTest_68219184.jpg,0.0,0.0,0.0,6,6,6,1,1
PublicTest_68423633.jpg,0.0,0.0,0.0,6,6,6,1,1
PublicTest_68799766.jpg,0.0,0.0,0.0,4,4,4,1,1
PublicTest_69137863.jpg,0.0,0.0,0.0,6,6,6,1,1
PublicTest_69457341.jpg,0.0,0.0,0.0,6,6,6,1,1
PublicTest_69922592.jpg,0.0,0.0,0.0,6,6,6,1,1
PublicTest_7058239.jpg,0.0,0.0,0.0,3,3,3,1,1
PublicTest_70605143.jpg,0.0,0.0,0.0,6,6,6,1,1
PublicTest_70904962.jpg,0.0,0.0,0.0,3,3,3,1,1
PublicTest_71124930.jpg,0.0,0.0,0.0,6,6,6,1,1
PublicTest_71260578.jpg,0.0,0.0,0.0,6,6,6,1,1
PublicTest_71265996.jpg,0.0,0.0,0.0,4,4,4,1,1
PublicTest_71485256.jpg,0.0,0.0,0.0,6,6,6,1,1
PublicTest_71616306.jpg,0.0,0.0,0.0,6,6,6,1,1
PublicTest_72026283.jpg,0.0,0.0,0.0,6,6,6,1,1
PublicTest_72207843.jpg,0.0,0.0,0.0,6,6,6,1,1
PublicTest_72725289.jpg,0.0,0.0,0.0,6,6,6,1,1
PublicTest_72989993.jpg,0.0,0.0,0.0,6,6,6,1,1
PublicTest_73221398.jpg,0.0,0.0,0.0,4,4,4,1,1
PublicTest_73584259.jpg,0.0,0.0,0.0,6,6,6,1,1
PublicTest_73588122.jpg,0.0,0.0,0.0,6,6,6,1,1
PublicTest_73869541.jpg,0.0,0.0,0.0,2,2,2,1,1
PublicTest_73985173.jpg,0.0,0.0,0.0,6,6,6,1,1
PublicTest_742095.jpg,0.0,0.0,0.0,6,6,6,1,1
PublicTest_7431524.jpg,0.0,0.0,0.0,6,6,6,1,1
PublicTest_74706022.jpg,0.0,0.0,0.0,6,6,6,1,1
PublicTest_75062.jpg,0.0,0.0,0.0,6,6,6,1,1
PublicTest_75437950.jpg,0.0,0.0,0.0,6,6,6,1,1
PublicTest_75474602.jpg,0.0,0.0,0.0,6,6,6,1,1
PublicTest_7556977.jpg,0.0,0.0,0.0,6,6,6,1,1
PublicTest_7569276.jpg,0.0,0.0,0.0,3,3,3,1,1
PublicTest_75752209.jpg,0.0,0.0,0.0,6,6,6,1,1
PublicTest_76349096.jpg,0.0,0.0,0.0,6,6,6,1,1
PublicTest_76841432.jpg,0.0,0.0,0.0,2,2,2,1,1
PublicTest_76871463.jpg,0.0,0.0,0.0,2,2,2,1,1
PublicTest_77128723.jpg,0.0,0.0,0.0,6,6,6,1,1
PublicTest_77274972.jpg,0.0,0.0,0.0,6,6,6,1,1
PublicTest_77409138.jpg,0.0,0.0,0.0,6,6,6,1,1
PublicTest_77507848.jpg,0.0,0.0,0.0,6,6,6,1,1
PublicTest_77715773.jpg,0.0,0.0,0.0,6,6,6,1,1
PublicTest_77783263.jpg,0.0,0.0,0.0,2,2,2,1,1
PublicTest_78017321.jpg,0.0,0.0,0.0,6,6,6,1,1
PublicTest_78180569.jpg,0.0,0.0,0.0,6,6,6,1,1
PublicTest_78248169.jpg,0.0,0.0,0.0,6,6,6,1,1
PublicTest_7850751.jpg,0.0,0.0,0.0,6,6,6,1,1
PublicTest_78581325.jpg,0.0,0.0,0.0,5,5,5,1,1
PublicTest_78591767.jpg,0.0,0.0,0.0,6,6,6,1,1
PublicTest_78686873.jpg,0.0,0.0,0.0,6,6,6,1,1
PublicTest_78751461.jpg,0.0,0.0,0.0,2,2,2,1,1
PublicTest_78809741.jpg,0.0,0.0,0.0,6,6,6,1,1
PublicTest_79676384.jpg,0.0,0.0,0.0,6,6,6,1,1
PublicTest_79983459.jpg,0.0,0.0,0.0,6,6,6,1,1
PublicTest_80135522.jpg,0.0,0.0,0.0,6,6,6,1,1
PublicTest_80352203.jpg,0.0,0.0,0.0,6,6,6,1,1
PublicTest_81098275.jpg,0.0,0.0,0.0,0,0,0,1,1
PublicTest_81424820.jpg,0.0,0.0,0.0,6,6,6,1,1
PublicTest_81489797.jpg,0.0,0.0,0.0,6,6,6,1,1
PublicTest_8153825.jpg,0.0,0.0,0.0,6,6,6,1,1
PublicTest_81923456.jpg,0.0,0.0,0.0,6,6,6,1,1
PublicTest_82282745.jpg,0.0,0.0,0.0,3,3,3,1,1
PublicTest_82970188.jpg,0.0,0.0,0.0,6,6,6,1,1
PublicTest_83217196.jpg,0.0,0.0,0.0,6,6,6,1,1
PublicTest_83231837.jpg,0.0,0.0,0.0,2,2,2,1,1
PublicTest_83394959.jpg,0.0,0.0,0.0,2,2,2,1,1
PublicTest_83487267.jpg,0.0,0.0,0.0,5,5,5,1,1
PublicTest_83674814.jpg,0.0,0.0,0.0,6,6,6,1,1
PublicTest_83710885.jpg,0.0,0.0,0.0,3,3,3,1,1
PublicTest_83997303.jpg,0.0,0.0,0.0,6,6,6,1,1
PublicTest_84091760.jpg,0.0,0.0,0.0,6,6,6,1,1
PublicTest_84428313.jpg,0.0,0.0,0.0,6,6,6,1,1
PublicTest_84568132.jpg,0.0,0.0,0.0,6,6,6,1,1
PublicTest_84844703.jpg,0.0,0.0,0.0,4,4,4,1,1
PublicTest_84961143.jpg,0.0,0.0,0.0,6,6,6,1,1
PublicTest_85107326.jpg,0.0,0.0,0.0,6,6,6,1,1
PublicTest_85263892.jpg,0.0,0.0,0.0,6,6,6,1,1
PublicTest_85704124.jpg,0.0,0.0,0.0,6,6,6,1,1
PublicTest_8587491.jpg,0.0,0.0,0.0,6,6,6,1,1
PublicTest_85943952.jpg,0.0,0.0,0.0,6,6,6,1,1
PublicTest_8610610.jpg,0.0,0.0,0.0,6,6,6,1,1
PublicTest_86687578.jpg,0.0,0.0,0.0,2,2,2,1,1
PublicTest_86810004.jpg,0.0,0.0,0.0,6,6,6,1,1
PublicTest_86877135.jpg,0.0,0.0,0.0,6,6,6,1,1
PublicTest_87012441.jpg,0.0,0.0,0.0,6,6,6,1,1
PublicTest_87959338.jpg,0.0,0.0,0.0,5,5,5,1,1
PublicTest_88046230.jpg,0.0,0.0,0.0,0,0,0,1,1
PublicTest_88565861.jpg,0.0,0.0,0.0,6,6,6,1,1
PublicTest_88902041.jpg,0.0,0.0,0.0,6,6,6,1,1
PublicTest_89880334.jpg,0.0,0.0,0.0,2,2,2,1,1
PublicTest_89906957.jpg,0.0,0.0,0.0,0,0,0,1,1
PublicTest_90324585.jpg,0.0,0.0,0.0,6,6,6,1,1
PublicTest_91117138.jpg,0.0,0.0,0.0,6,6,6,1,1
PublicTest_91187876.jpg,0.0,0.0,0.0,6,6,6,1,1
PublicTest_91780905.jpg,0.0,0.0,0.0,6,6,6,1,1
PublicTest_91929864.jpg,0.0,0.0,0.0,6,6,6,1,1
PublicTest_92163287.jpg,0.0,0.0,0.0,6,6,6,1,1
PublicTest_92242142.jpg,0.0,0.0,0.0,2,2,2,1,1
PublicTest_92484279.jpg,0.0,0.0,0.0,6,6,6,1,1
PublicTest_93462303.jpg,0.0,0.0,0.0,6,6,6,1,1
PublicTest_93480805.jpg,0.0,0.0,0.0,3,3,3,1,1
PublicTest_93768797.jpg,0.0,0.0,0.0,6,6,6,1,1
PublicTest_93901885.jpg,0.0,0.0,0.0,6,6,6,1,1
PublicTest_94263273.jpg,0.0,0.0,0.0,5,5,5,1,1
PublicTest_94285787.jpg,0.0,0.0,0.0,6,6,6,1,1
PublicTest_94398836.jpg,0.0,0.0,0.0,3,3,3,1,1
PublicTest_94585791.jpg,0.0,0.0,0.0,6,6,6,1,1
PublicTest_94624784.jpg,0.0,0.0,0.0,6,6,6,1,1
PublicTest_94628526.jpg,0.0,0.0,0.0,3,3,3,1,1
PublicTest_94819790.jpg,0.0,0.0,0.0,6,6,6,1,1
PublicTest_94828377.jpg,0.0,0.0,0.0,6,6,6,1,1
PublicTest_95365921.jpg,0.0,0.0,0.0,6,6,6,1,1
PublicTest_95585614.jpg,0.0,0.0,0.0,6,6,6,1,1
PublicTest_96283626.jpg,0.0,0.0,0.0,6,6,6,1,1
PublicTest_96538817.jpg,0.0,0.0,0.0,6,6,6,1,1
PublicTest_96673755.jpg,0.0,0.0,0.0,2,2,2,1,1
PublicTest_96829183.jpg,0.0,0.0,0.0,6,6,6,1,1
PublicTest_97271462.jpg,0.0,0.0,0.0,6,6,6,1,1
PublicTest_97409597.jpg,0.0,0.0,0.0,6,6,6,1,1
PublicTest_97429032.jpg,0.0,0.0,0.0,4,4,4,1,1
PublicTest_97536839.jpg,0.0,0.0,0.0,6,6,6,1,1
PublicTest_97902387.jpg,0.0,0.0,0.0,6,6,6,1,1
PublicTest_97957698.jpg,0.0,0.0,0.0,6,6,6,1,1
PublicTest_97995446.jpg,0.0,0.0,0.0,6,6,6,1,1
PublicTest_98089595.jpg,0.0,0.0,0.0,6,6,6,1,1
PublicTest_98567249.jpg,0.0,0.0,0.0,6,6,6,1,1
PublicTest_98972870.jpg,0.0,0.0,0.0,6,6,6,1,1
PublicTest_99242645.jpg,0.0,0.0,0.0,6,6,6,1,1
PublicTest_99446963.jpg,0.0,0.0,0.0,6,6,6,1,1
